id_atendimento,id_paciente,id_profissional,codigo_cbo,codigo_ciap,data_atendimento
1,2253,7,223208,D83,2026-04-11
2,742,9,322230,A98,2026-01-16
3,2137,9,322230,A98,2026-04-23
4,793,9,322230,A98,2026-05-27
5,2627,8,322230,A98,2026-04-24
6,4334,6,223208,D83,2026-06-03
7,271,1,225125,A98,2026-06-08
8,507,8,322230,A98,2026-02-22
9,4444,6,223208,D83,2026-03-08
10,4120,9,322230,A98,2026-01-26
11,1457,6,223208,D83,2026-02-27
12,4632,2,225125,A98,2026-06-19
13,809,6,223208,D83,2026-05-24
14,636,9,322230,A98,2026-05-10
15,7,8,322230,A98,2026-01-08
16,2050,1,225125,A98,2026-03-09
17,4241,6,223208,D83,2026-05-18
18,293,8,322230,A98,2026-03-18
19,3964,7,223208,D83,2026-01-02
20,4716,8,322230,A98,2026-03-28
21,3509,9,322230,A98,2026-05-07
22,4983,5,223505,K86,2026-05-27
23,4662,1,225125,K86,2026-02-09
24,4622,2,225125,T90,2026-02-21
25,4727,8,322230,A98,2026-03-31
26,4651,2,225125,A93,2026-01-20
27,3309,1,225125,K86,2026-05-30
28,564,9,322230,A98,2026-02-01
29,1886,4,223505,A98,2026-03-13
30,3771,2,225125,A98,2026-06-01
31,4626,1,225125,A98,2026-03-23
32,1073,2,225125,A98,2026-04-19
33,2425,5,223505,A98,2026-06-16
34,2808,6,223208,D83,2026-03-20
35,3595,4,223505,A98,2026-06-15
36,1197,7,223208,D83,2026-04-07
37,1081,5,223505,K86,2026-06-19
38,2016,8,322230,A98,2026-04-26
39,4330,1,225125,K86,2026-02-24
40,4900,9,322230,A98,2026-04-26
41,4465,2,225125,K86,2026-06-23
42,4024,6,223208,D83,2026-06-25
43,3384,1,225125,K86,2026-02-05
44,1656,2,225125,W78,2026-05-27
45,4315,7,223208,D83,2026-03-22
46,1444,4,223505,A98,2026-05-03
47,4700,2,225125,X86,2026-02-27
48,278,9,322230,A98,2026-04-10
49,2167,1,225125,X86,2026-01-11
50,341,4,223505,W78,2026-03-31
51,4097,3,225125,X86,2026-01-28
52,3596,6,223208,D83,2026-06-07
53,3015,2,225125,K86,2026-05-30
54,2712,5,223505,A98,2026-03-07
55,466,6,223208,D83,2026-04-08
56,2692,1,225125,K86,2026-05-25
57,3209,4,223505,A98,2026-05-29
58,1689,2,225125,A98,2026-06-29
59,4946,1,225125,A98,2026-03-11
60,4681,1,225125,T90,2026-06-11
61,1489,4,223505,A93,2026-06-12
62,101,7,223208,D83,2026-03-30
63,1654,4,223505,K86,2026-06-11
64,3256,5,223505,K86,2026-05-05
65,193,8,322230,A98,2026-06-11
66,2987,2,225125,K86,2026-05-05
67,899,1,225125,T90,2026-06-08
68,1684,3,225125,T90,2026-05-20
69,870,7,223208,D83,2026-02-12
70,2102,1,225125,K86,2026-03-23
71,514,1,225125,K86,2026-05-20
72,1033,8,322230,A98,2026-05-14
73,2357,3,225125,K86,2026-06-14
74,2601,1,225125,T90,2026-06-12
75,1738,8,322230,A98,2026-01-26
76,3031,1,225125,X86,2026-01-14
77,2125,5,223505,T90,2026-03-12
78,590,2,225125,T90,2026-02-13
79,4205,1,225125,A98,2026-01-02
80,3967,9,322230,A98,2026-01-01
81,3124,7,223208,D83,2026-03-20
82,3072,6,223208,D83,2026-06-02
83,3823,7,223208,D83,2026-02-03
84,3504,2,225125,A98,2026-04-22
85,3187,9,322230,A98,2026-01-12
86,579,2,225125,K86,2026-03-20
87,1228,1,225125,A98,2026-06-24
88,2284,8,322230,A98,2026-06-19
89,2679,2,225125,T90,2026-03-16
90,2659,6,223208,D83,2026-06-22
91,2853,7,223208,D83,2026-06-18
92,3794,6,223208,D83,2026-02-17
93,3328,1,225125,K86,2026-01-29
94,1725,1,225125,K86,2026-03-08
95,1622,6,223208,D83,2026-03-19
96,89,2,225125,T90,2026-01-02
97,1655,5,223505,K86,2026-06-25
98,246,5,223505,A93,2026-05-13
99,3863,1,225125,A98,2026-02-23
100,78,3,225125,K86,2026-04-04
101,3762,2,225125,A93,2026-01-18
102,1615,6,223208,D83,2026-05-09
103,4880,3,225125,K86,2026-01-10
104,1197,8,322230,A98,2026-04-20
105,4564,6,223208,D83,2026-01-30
106,2546,5,223505,K86,2026-01-19
107,3296,9,322230,A98,2026-01-06
108,3373,1,225125,X86,2026-03-21
109,4159,6,223208,D83,2026-01-05
110,614,1,225125,A98,2026-05-01
111,2008,5,223505,A98,2026-02-12
112,786,6,223208,D83,2026-06-25
113,3208,1,225125,A93,2026-04-24
114,3035,9,322230,A98,2026-04-30
115,3459,6,223208,D83,2026-02-20
116,1139,5,223505,K86,2026-04-03
117,1883,3,225125,A98,2026-03-22
118,1994,2,225125,X86,2026-02-18
119,1664,8,322230,A98,2026-01-16
120,860,4,223505,A93,2026-05-31
121,2543,5,223505,A98,2026-01-26
122,3388,4,223505,A93,2026-02-14
123,1316,1,225125,X86,2026-03-26
124,3741,9,322230,A98,2026-01-31
125,2525,5,223505,X86,2026-04-28
126,3266,3,225125,K86,2026-04-12
127,1540,5,223505,X86,2026-01-05
128,1028,2,225125,K86,2026-01-18
129,3645,2,225125,A98,2026-01-31
130,4593,2,225125,A98,2026-05-02
131,4440,2,225125,T90,2026-04-20
132,2466,1,225125,A98,2026-05-15
133,4056,8,322230,A98,2026-03-21
134,1742,5,223505,K86,2026-04-06
135,2487,6,223208,D83,2026-05-16
136,148,4,223505,A98,2026-03-19
137,1251,1,225125,K86,2026-05-22
138,1703,5,223505,A98,2026-03-15
139,205,4,223505,X86,2026-02-03
140,690,1,225125,T90,2026-01-01
141,1411,1,225125,A98,2026-03-29
142,4044,9,322230,A98,2026-02-23
143,1978,9,322230,A98,2026-04-04
144,2981,5,223505,T90,2026-06-18
145,28,2,225125,X86,2026-04-14
146,363,2,225125,T90,2026-05-15
147,3707,1,225125,K86,2026-06-24
148,2477,7,223208,D83,2026-06-14
149,562,8,322230,A98,2026-03-31
150,2443,4,223505,T90,2026-03-06
151,1770,5,223505,K86,2026-04-28
152,3508,1,225125,A98,2026-02-02
153,4648,1,225125,A98,2026-01-03
154,103,5,223505,A93,2026-01-09
155,119,8,322230,A98,2026-06-23
156,1615,5,223505,A98,2026-05-14
157,489,1,225125,K86,2026-02-06
158,271,8,322230,A98,2026-02-15
159,623,6,223208,D83,2026-06-18
160,2009,4,223505,K86,2026-02-05
161,4278,3,225125,K86,2026-05-31
162,1843,2,225125,A98,2026-06-05
163,935,4,223505,A98,2026-01-21
164,2850,5,223505,T90,2026-04-02
165,813,5,223505,X86,2026-05-16
166,4476,5,223505,A93,2026-02-25
167,990,9,322230,A98,2026-01-14
168,139,3,225125,A98,2026-01-28
169,4826,1,225125,A98,2026-06-29
170,2989,7,223208,D83,2026-01-06
171,2344,8,322230,A98,2026-06-26
172,1281,2,225125,K86,2026-03-18
173,2185,9,322230,A98,2026-04-22
174,1288,2,225125,W78,2026-02-25
175,3956,9,322230,A98,2026-02-18
176,649,9,322230,A98,2026-02-01
177,725,2,225125,T90,2026-01-04
178,2419,3,225125,W78,2026-01-31
179,4399,8,322230,A98,2026-06-19
180,4370,6,223208,D83,2026-05-15
181,1931,5,223505,T90,2026-01-20
182,4292,4,223505,X86,2026-04-01
183,4135,3,225125,X86,2026-03-31
184,4558,7,223208,D83,2026-03-25
185,2709,4,223505,T90,2026-02-12
186,1995,5,223505,A98,2026-03-10
187,1080,6,223208,D83,2026-05-28
188,3874,8,322230,A98,2026-02-09
189,754,8,322230,A98,2026-05-04
190,2332,8,322230,A98,2026-03-17
191,3273,7,223208,D83,2026-05-28
192,2689,2,225125,T90,2026-04-28
193,4150,1,225125,X86,2026-05-17
194,188,2,225125,A93,2026-06-07
195,2786,9,322230,A98,2026-01-20
196,1046,8,322230,A98,2026-05-26
197,1985,8,322230,A98,2026-05-17
198,3862,3,225125,A98,2026-01-22
199,1208,5,223505,X86,2026-02-11
200,3563,4,223505,X86,2026-02-14
201,1450,6,223208,D83,2026-01-21
202,4391,6,223208,D83,2026-03-25
203,1509,1,225125,A98,2026-03-20
204,1440,2,225125,A98,2026-04-16
205,4868,8,322230,A98,2026-06-07
206,112,9,322230,A98,2026-02-04
207,4502,7,223208,D83,2026-03-21
208,4479,9,322230,A98,2026-05-27
209,4020,7,223208,D83,2026-02-11
210,679,4,223505,K86,2026-05-23
211,4122,9,322230,A98,2026-01-16
212,3798,1,225125,W78,2026-02-25
213,2762,2,225125,W78,2026-02-09
214,1995,4,223505,W78,2026-06-06
215,3915,1,225125,A98,2026-06-16
216,4829,2,225125,K86,2026-01-02
217,4563,2,225125,A98,2026-03-28
218,2423,3,225125,A98,2026-06-09
219,3814,7,223208,D83,2026-03-23
220,589,2,225125,A98,2026-02-20
221,4764,7,223208,D83,2026-04-19
222,1436,9,322230,A98,2026-03-12
223,2440,1,225125,K86,2026-05-19
224,983,5,223505,K86,2026-05-16
225,1506,2,225125,A98,2026-04-11
226,1150,1,225125,K86,2026-04-18
227,4842,1,225125,W78,2026-01-13
228,1109,2,225125,K86,2026-01-19
229,4250,3,225125,K86,2026-02-02
230,2843,1,225125,A93,2026-01-09
231,1375,9,322230,A98,2026-05-08
232,4161,3,225125,A93,2026-06-12
233,842,1,225125,A93,2026-04-06
234,4769,8,322230,A98,2026-01-28
235,3642,2,225125,T90,2026-01-27
236,2722,7,223208,D83,2026-05-29
237,3035,3,225125,A98,2026-03-04
238,2828,2,225125,A93,2026-02-04
239,4596,9,322230,A98,2026-03-10
240,2459,2,225125,K86,2026-02-05
241,3637,2,225125,X86,2026-05-16
242,2267,5,223505,K86,2026-02-26
243,4642,6,223208,D83,2026-02-07
244,512,1,225125,X86,2026-04-15
245,1320,8,322230,A98,2026-01-29
246,2922,8,322230,A98,2026-04-10
247,4026,8,322230,A98,2026-02-22
248,747,2,225125,A98,2026-03-03
249,3628,2,225125,T90,2026-04-26
250,3170,8,322230,A98,2026-02-22
251,829,9,322230,A98,2026-05-25
252,2540,3,225125,K86,2026-02-22
253,1935,2,225125,A98,2026-03-31
254,1768,1,225125,A98,2026-02-08
255,1844,7,223208,D83,2026-06-07
256,404,9,322230,A98,2026-03-06
257,982,9,322230,A98,2026-05-11
258,3975,4,223505,A98,2026-06-21
259,321,6,223208,D83,2026-06-06
260,3504,4,223505,K86,2026-05-09
261,949,4,223505,A98,2026-04-28
262,2079,9,322230,A98,2026-01-28
263,2943,9,322230,A98,2026-04-07
264,4767,3,225125,A98,2026-04-07
265,3193,3,225125,A93,2026-02-05
266,4165,9,322230,A98,2026-03-13
267,3055,1,225125,A98,2026-01-29
268,154,6,223208,D83,2026-01-14
269,408,7,223208,D83,2026-03-23
270,2021,7,223208,D83,2026-02-06
271,4165,4,223505,A98,2026-02-01
272,2957,3,225125,X86,2026-04-26
273,3715,8,322230,A98,2026-06-03
274,1569,9,322230,A98,2026-04-02
275,1192,1,225125,W78,2026-04-28
276,4719,7,223208,D83,2026-06-09
277,2959,5,223505,A98,2026-02-07
278,2452,2,225125,W78,2026-03-04
279,3108,1,225125,K86,2026-03-03
280,4263,9,322230,A98,2026-06-10
281,799,2,225125,X86,2026-01-25
282,1102,2,225125,W78,2026-02-26
283,4662,1,225125,A93,2026-03-11
284,4557,1,225125,K86,2026-04-25
285,907,1,225125,W78,2026-01-05
286,2624,2,225125,A98,2026-05-10
287,4450,5,223505,K86,2026-06-18
288,1609,5,223505,A98,2026-06-21
289,3145,1,225125,K86,2026-02-10
290,2128,5,223505,T90,2026-01-20
291,4978,1,225125,K86,2026-05-29
292,1918,2,225125,A93,2026-04-23
293,3906,2,225125,A98,2026-05-25
294,2386,3,225125,A98,2026-01-21
295,3172,2,225125,T90,2026-03-13
296,2074,4,223505,K86,2026-01-24
297,4847,7,223208,D83,2026-02-19
298,1765,2,225125,X86,2026-01-19
299,3991,1,225125,K86,2026-05-01
300,2739,2,225125,W78,2026-06-13
301,3086,6,223208,D83,2026-06-09
302,1236,2,225125,W78,2026-04-09
303,3735,2,225125,A98,2026-01-02
304,4647,1,225125,X86,2026-06-24
305,4022,7,223208,D83,2026-04-21
306,2496,2,225125,A98,2026-05-16
307,4564,1,225125,A98,2026-03-23
308,3859,2,225125,K86,2026-04-28
309,2085,4,223505,T90,2026-03-11
310,3057,3,225125,K86,2026-01-31
311,3431,1,225125,K86,2026-05-15
312,51,2,225125,A98,2026-03-05
313,3645,9,322230,A98,2026-06-02
314,4582,9,322230,A98,2026-04-25
315,1870,9,322230,A98,2026-03-17
316,3543,7,223208,D83,2026-02-24
317,4153,4,223505,W78,2026-04-14
318,1823,4,223505,A93,2026-06-14
319,1070,6,223208,D83,2026-02-03
320,975,7,223208,D83,2026-06-11
321,482,1,225125,A93,2026-01-27
322,1102,4,223505,A98,2026-02-25
323,93,2,225125,T90,2026-04-14
324,571,1,225125,X86,2026-04-10
325,2887,2,225125,K86,2026-03-23
326,123,7,223208,D83,2026-05-18
327,3002,2,225125,A98,2026-06-27
328,38,1,225125,A98,2026-04-16
329,2429,1,225125,A98,2026-02-12
330,3753,9,322230,A98,2026-02-09
331,1681,7,223208,D83,2026-03-29
332,103,8,322230,A98,2026-05-14
333,2143,2,225125,X86,2026-06-23
334,2978,2,225125,K86,2026-02-12
335,3325,7,223208,D83,2026-05-31
336,1117,2,225125,A98,2026-05-06
337,3407,5,223505,A98,2026-03-17
338,4957,1,225125,A93,2026-05-08
339,2586,9,322230,A98,2026-06-20
340,330,1,225125,A98,2026-05-10
341,4952,2,225125,K86,2026-04-05
342,959,3,225125,X86,2026-01-24
343,1465,7,223208,D83,2026-06-19
344,3252,1,225125,A98,2026-04-15
345,1525,5,223505,K86,2026-05-14
346,407,9,322230,A98,2026-01-27
347,3231,3,225125,K86,2026-04-28
348,2700,1,225125,A98,2026-03-21
349,3407,1,225125,A98,2026-01-04
350,516,5,223505,A98,2026-02-24
351,4663,5,223505,W78,2026-06-09
352,4215,9,322230,A98,2026-04-28
353,3478,5,223505,A93,2026-01-09
354,3096,3,225125,A98,2026-03-28
355,3883,8,322230,A98,2026-06-29
356,3628,5,223505,A93,2026-05-16
357,2923,2,225125,T90,2026-01-31
358,3511,1,225125,K86,2026-01-31
359,4262,9,322230,A98,2026-04-23
360,4836,9,322230,A98,2026-03-27
361,1238,8,322230,A98,2026-06-26
362,3104,1,225125,K86,2026-04-08
363,2011,1,225125,A98,2026-05-22
364,3977,2,225125,W78,2026-06-18
365,3969,6,223208,D83,2026-03-16
366,4516,2,225125,K86,2026-01-19
367,1429,2,225125,K86,2026-01-13
368,386,3,225125,A98,2026-06-11
369,2860,9,322230,A98,2026-06-25
370,717,6,223208,D83,2026-05-17
371,4313,5,223505,A98,2026-03-30
372,3964,1,225125,T90,2026-02-09
373,320,1,225125,A98,2026-05-05
374,145,2,225125,A98,2026-04-04
375,1902,9,322230,A98,2026-02-05
376,3806,4,223505,A98,2026-02-24
377,1246,1,225125,T90,2026-06-06
378,3595,4,223505,A98,2026-01-26
379,1146,9,322230,A98,2026-04-18
380,3905,1,225125,X86,2026-06-08
381,2163,2,225125,W78,2026-04-22
382,578,1,225125,A98,2026-06-22
383,1262,8,322230,A98,2026-01-22
384,3387,3,225125,A98,2026-01-12
385,1292,3,225125,K86,2026-03-14
386,4943,9,322230,A98,2026-03-06
387,4492,9,322230,A98,2026-05-23
388,718,8,322230,A98,2026-06-13
389,1319,1,225125,A98,2026-01-17
390,1366,9,322230,A98,2026-04-26
391,796,7,223208,D83,2026-02-14
392,1502,4,223505,A98,2026-03-10
393,2756,1,225125,A98,2026-06-04
394,261,1,225125,K86,2026-01-03
395,4651,3,225125,A98,2026-06-16
396,374,2,225125,T90,2026-06-19
397,3672,9,322230,A98,2026-06-16
398,27,6,223208,D83,2026-05-19
399,142,7,223208,D83,2026-06-08
400,894,9,322230,A98,2026-05-18
401,3377,7,223208,D83,2026-03-22
402,2988,2,225125,K86,2026-03-18
403,102,3,225125,A98,2026-04-02
404,1745,5,223505,K86,2026-01-17
405,4360,1,225125,W78,2026-03-10
406,4929,1,225125,A93,2026-01-30
407,2089,2,225125,W78,2026-06-22
408,3379,2,225125,T90,2026-02-03
409,1522,7,223208,D83,2026-02-10
410,4423,2,225125,X86,2026-03-11
411,1905,9,322230,A98,2026-04-29
412,4241,3,225125,T90,2026-02-22
413,3077,3,225125,A98,2026-06-24
414,243,9,322230,A98,2026-01-28
415,365,7,223208,D83,2026-01-15
416,4065,1,225125,X86,2026-06-01
417,4705,8,322230,A98,2026-01-11
418,2416,8,322230,A98,2026-01-05
419,686,6,223208,D83,2026-02-19
420,2619,4,223505,A98,2026-01-27
421,3454,2,225125,A93,2026-01-01
422,1912,7,223208,D83,2026-02-20
423,1341,9,322230,A98,2026-06-16
424,883,3,225125,A93,2026-04-21
425,3456,8,322230,A98,2026-02-04
426,1151,4,223505,K86,2026-05-09
427,2920,6,223208,D83,2026-04-28
428,3811,1,225125,X86,2026-06-28
429,2920,2,225125,W78,2026-01-09
430,3813,6,223208,D83,2026-06-14
431,2807,3,225125,A98,2026-04-20
432,3912,1,225125,K86,2026-02-25
433,188,1,225125,X86,2026-02-17
434,449,8,322230,A98,2026-03-12
435,2209,5,223505,A98,2026-05-17
436,2330,9,322230,A98,2026-01-29
437,1142,2,225125,W78,2026-05-05
438,3342,6,223208,D83,2026-02-08
439,3910,2,225125,A98,2026-04-17
440,1175,1,225125,W78,2026-05-31
441,1632,1,225125,A98,2026-04-09
442,3782,4,223505,A98,2026-02-27
443,3046,4,223505,T90,2026-04-21
444,3658,3,225125,W78,2026-02-12
445,4521,5,223505,A93,2026-04-19
446,3595,9,322230,A98,2026-01-12
447,462,6,223208,D83,2026-01-06
448,2588,8,322230,A98,2026-06-14
449,1935,9,322230,A98,2026-05-01
450,2383,6,223208,D83,2026-03-10
451,3307,3,225125,K86,2026-01-29
452,2788,2,225125,A98,2026-06-22
453,4218,4,223505,W78,2026-05-08
454,764,9,322230,A98,2026-01-18
455,2357,2,225125,A98,2026-03-26
456,476,1,225125,T90,2026-06-11
457,4895,1,225125,A98,2026-02-06
458,3287,5,223505,K86,2026-03-22
459,3489,2,225125,K86,2026-03-17
460,2785,7,223208,D83,2026-04-02
461,1598,2,225125,K86,2026-01-10
462,2969,1,225125,T90,2026-05-13
463,2606,1,225125,A98,2026-06-27
464,4215,2,225125,A98,2026-01-27
465,4666,3,225125,A98,2026-05-08
466,4211,8,322230,A98,2026-04-26
467,1634,2,225125,W78,2026-02-11
468,29,6,223208,D83,2026-01-11
469,2622,1,225125,X86,2026-04-15
470,4113,5,223505,K86,2026-03-22
471,2359,2,225125,K86,2026-02-21
472,1308,1,225125,A98,2026-03-01
473,2814,1,225125,T90,2026-03-25
474,70,6,223208,D83,2026-04-16
475,3160,2,225125,A98,2026-04-14
476,2265,9,322230,A98,2026-04-02
477,2190,8,322230,A98,2026-01-12
478,1666,1,225125,W78,2026-06-06
479,1646,1,225125,A93,2026-03-27
480,1143,5,223505,K86,2026-03-13
481,2592,2,225125,X86,2026-05-31
482,4437,9,322230,A98,2026-03-05
483,1359,5,223505,A98,2026-02-02
484,4456,2,225125,K86,2026-04-17
485,421,6,223208,D83,2026-01-28
486,2899,1,225125,A93,2026-05-05
487,4470,2,225125,A98,2026-02-08
488,4676,9,322230,A98,2026-01-26
489,561,1,225125,K86,2026-01-18
490,1321,1,225125,W78,2026-02-08
491,2904,4,223505,A98,2026-02-10
492,892,9,322230,A98,2026-01-31
493,1403,2,225125,A93,2026-05-15
494,1152,3,225125,A98,2026-05-25
495,9,1,225125,A98,2026-05-05
496,61,7,223208,D83,2026-01-17
497,659,9,322230,A98,2026-03-31
498,2869,4,223505,X86,2026-05-04
499,4576,1,225125,A98,2026-05-12
500,2179,1,225125,A98,2026-01-13
501,376,1,225125,W78,2026-02-02
502,4947,9,322230,A98,2026-03-22
503,139,8,322230,A98,2026-05-17
504,64,1,225125,X86,2026-04-04
505,1138,1,225125,K86,2026-02-28
506,699,9,322230,A98,2026-04-13
507,3888,7,223208,D83,2026-02-09
508,3045,1,225125,K86,2026-05-07
509,1850,6,223208,D83,2026-04-01
510,2324,1,225125,A98,2026-03-14
511,2207,5,223505,A98,2026-05-03
512,1093,3,225125,A98,2026-02-17
513,3164,1,225125,T90,2026-06-08
514,4802,4,223505,X86,2026-01-11
515,4161,2,225125,T90,2026-04-27
516,2832,3,225125,X86,2026-05-18
517,4313,1,225125,W78,2026-01-05
518,3170,4,223505,A98,2026-05-12
519,2312,2,225125,X86,2026-01-08
520,1100,3,225125,A98,2026-04-21
521,1733,4,223505,A98,2026-05-01
522,1689,5,223505,A98,2026-02-17
523,3635,2,225125,T90,2026-05-22
524,881,4,223505,A98,2026-03-23
525,215,9,322230,A98,2026-03-25
526,3877,8,322230,A98,2026-04-17
527,2942,9,322230,A98,2026-04-14
528,3872,1,225125,X86,2026-03-03
529,1406,5,223505,A98,2026-01-20
530,2744,1,225125,A98,2026-06-15
531,334,7,223208,D83,2026-06-24
532,1270,1,225125,K86,2026-03-05
533,3189,1,225125,K86,2026-02-19
534,235,2,225125,A98,2026-05-19
535,1294,2,225125,X86,2026-04-06
536,2648,1,225125,T90,2026-02-18
537,1232,2,225125,K86,2026-04-16
538,4199,5,223505,K86,2026-02-19
539,4311,1,225125,K86,2026-06-13
540,223,2,225125,X86,2026-01-10
541,1760,7,223208,D83,2026-02-22
542,2117,4,223505,T90,2026-06-29
543,2035,4,223505,A93,2026-03-16
544,2807,2,225125,W78,2026-05-14
545,3427,2,225125,K86,2026-04-28
546,3784,1,225125,W78,2026-04-08
547,5000,1,225125,K86,2026-03-24
548,3195,1,225125,T90,2026-02-05
549,3138,6,223208,D83,2026-05-17
550,3002,4,223505,A98,2026-06-12
551,3796,8,322230,A98,2026-01-12
552,2997,7,223208,D83,2026-03-12
553,2172,1,225125,T90,2026-05-29
554,4103,6,223208,D83,2026-02-16
555,1111,8,322230,A98,2026-06-12
556,4510,4,223505,X86,2026-03-10
557,3316,1,225125,A93,2026-02-05
558,1484,2,225125,W78,2026-01-08
559,1137,7,223208,D83,2026-03-14
560,972,3,225125,A98,2026-01-24
561,1780,6,223208,D83,2026-02-19
562,4790,8,322230,A98,2026-02-16
563,1016,5,223505,A93,2026-02-16
564,3591,7,223208,D83,2026-01-24
565,1541,2,225125,A98,2026-01-14
566,1686,7,223208,D83,2026-01-29
567,4942,2,225125,T90,2026-02-20
568,2454,4,223505,A93,2026-03-18
569,481,6,223208,D83,2026-03-01
570,4495,3,225125,X86,2026-03-11
571,3793,2,225125,X86,2026-02-21
572,1497,1,225125,X86,2026-01-27
573,509,5,223505,A98,2026-01-03
574,3493,5,223505,T90,2026-04-29
575,1764,3,225125,X86,2026-02-07
576,466,3,225125,A93,2026-04-19
577,2414,1,225125,A93,2026-04-21
578,3169,9,322230,A98,2026-06-16
579,3138,7,223208,D83,2026-05-24
580,69,4,223505,A93,2026-01-17
581,444,3,225125,K86,2026-03-19
582,2897,7,223208,D83,2026-02-15
583,522,2,225125,K86,2026-01-20
584,1059,6,223208,D83,2026-03-06
585,4132,2,225125,K86,2026-04-12
586,3336,2,225125,A98,2026-03-03
587,3174,2,225125,W78,2026-06-26
588,3822,7,223208,D83,2026-01-05
589,3878,4,223505,W78,2026-04-15
590,1825,1,225125,A98,2026-06-09
591,3249,2,225125,T90,2026-06-01
592,4475,3,225125,K86,2026-06-08
593,1908,8,322230,A98,2026-01-11
594,1436,2,225125,T90,2026-04-26
595,4059,3,225125,A98,2026-04-25
596,3618,2,225125,T90,2026-06-13
597,4627,6,223208,D83,2026-03-09
598,1998,7,223208,D83,2026-04-26
599,676,7,223208,D83,2026-02-24
600,851,1,225125,K86,2026-01-06
601,3924,2,225125,A98,2026-01-20
602,3723,5,223505,X86,2026-02-17
603,3725,2,225125,T90,2026-05-06
604,800,1,225125,A98,2026-02-26
605,1103,6,223208,D83,2026-03-12
606,1700,1,225125,A93,2026-03-04
607,4998,6,223208,D83,2026-03-22
608,1349,2,225125,K86,2026-04-15
609,4017,4,223505,K86,2026-03-07
610,4910,8,322230,A98,2026-06-21
611,1489,2,225125,A98,2026-06-29
612,3806,1,225125,A98,2026-03-18
613,731,4,223505,K86,2026-02-16
614,387,8,322230,A98,2026-05-03
615,884,2,225125,X86,2026-05-22
616,2316,1,225125,X86,2026-04-28
617,735,3,225125,K86,2026-01-21
618,909,1,225125,W78,2026-04-12
619,3388,8,322230,A98,2026-06-07
620,2938,5,223505,K86,2026-01-12
621,4082,6,223208,D83,2026-02-25
622,1943,6,223208,D83,2026-06-18
623,1879,5,223505,W78,2026-06-01
624,2683,8,322230,A98,2026-06-09
625,1168,2,225125,K86,2026-04-15
626,4257,3,225125,X86,2026-06-02
627,3624,9,322230,A98,2026-03-30
628,2778,1,225125,A98,2026-01-31
629,2824,8,322230,A98,2026-03-17
630,4512,7,223208,D83,2026-03-05
631,556,6,223208,D83,2026-05-03
632,4210,5,223505,A98,2026-02-22
633,1242,8,322230,A98,2026-01-19
634,2194,3,225125,A98,2026-02-13
635,1595,2,225125,A98,2026-03-14
636,1976,2,225125,A93,2026-06-24
637,3181,8,322230,A98,2026-05-23
638,3260,7,223208,D83,2026-04-14
639,1618,7,223208,D83,2026-03-10
640,4105,5,223505,A98,2026-02-15
641,3635,9,322230,A98,2026-03-09
642,2581,2,225125,K86,2026-05-27
643,4617,7,223208,D83,2026-01-04
644,3707,3,225125,T90,2026-02-04
645,3055,8,322230,A98,2026-04-28
646,3179,2,225125,A98,2026-04-06
647,2265,8,322230,A98,2026-01-29
648,325,4,223505,T90,2026-06-15
649,441,2,225125,K86,2026-02-06
650,1943,2,225125,A98,2026-02-15
651,390,6,223208,D83,2026-02-15
652,4210,4,223505,K86,2026-05-24
653,488,2,225125,T90,2026-03-17
654,3100,1,225125,A98,2026-05-26
655,287,7,223208,D83,2026-06-17
656,3930,6,223208,D83,2026-03-28
657,252,3,225125,K86,2026-03-01
658,464,2,225125,X86,2026-04-26
659,2936,3,225125,A98,2026-05-05
660,1600,1,225125,A98,2026-06-24
661,732,2,225125,T90,2026-02-23
662,3385,5,223505,W78,2026-05-06
663,4544,2,225125,K86,2026-04-18
664,112,2,225125,K86,2026-04-07
665,2312,6,223208,D83,2026-04-25
666,1678,7,223208,D83,2026-02-08
667,3414,9,322230,A98,2026-03-06
668,3831,8,322230,A98,2026-03-31
669,173,8,322230,A98,2026-03-01
670,3228,1,225125,A98,2026-04-09
671,1284,6,223208,D83,2026-05-07
672,3545,1,225125,A98,2026-06-23
673,2193,1,225125,T90,2026-02-15
674,620,6,223208,D83,2026-04-25
675,1995,2,225125,A98,2026-06-17
676,3777,3,225125,K86,2026-03-23
677,641,9,322230,A98,2026-03-05
678,102,2,225125,K86,2026-03-13
679,1824,2,225125,A93,2026-03-02
680,4600,1,225125,X86,2026-02-24
681,42,9,322230,A98,2026-04-12
682,166,8,322230,A98,2026-06-07
683,1110,6,223208,D83,2026-03-19
684,3108,7,223208,D83,2026-05-10
685,2109,9,322230,A98,2026-02-22
686,2952,1,225125,A98,2026-01-16
687,2409,5,223505,X86,2026-02-05
688,1080,9,322230,A98,2026-02-09
689,4714,1,225125,T90,2026-03-13
690,1593,9,322230,A98,2026-03-23
691,2543,7,223208,D83,2026-02-19
692,31,6,223208,D83,2026-06-14
693,3128,6,223208,D83,2026-01-23
694,1766,2,225125,W78,2026-03-24
695,4434,7,223208,D83,2026-03-29
696,4807,6,223208,D83,2026-05-30
697,3963,9,322230,A98,2026-05-15
698,2816,5,223505,A98,2026-03-09
699,2699,3,225125,A98,2026-02-01
700,4714,4,223505,K86,2026-02-22
701,2870,5,223505,X86,2026-02-05
702,1935,2,225125,A93,2026-03-01
703,300,3,225125,K86,2026-04-01
704,1047,4,223505,K86,2026-02-17
705,430,4,223505,A98,2026-05-23
706,1153,3,225125,K86,2026-05-03
707,4477,3,225125,A98,2026-05-20
708,19,8,322230,A98,2026-03-04
709,2941,6,223208,D83,2026-01-31
710,259,2,225125,K86,2026-02-27
711,3894,7,223208,D83,2026-02-10
712,41,6,223208,D83,2026-05-08
713,1763,2,225125,A98,2026-05-21
714,3389,5,223505,A98,2026-03-15
715,1180,9,322230,A98,2026-04-23
716,3847,5,223505,A98,2026-06-25
717,847,9,322230,A98,2026-01-20
718,3350,1,225125,K86,2026-06-05
719,1922,2,225125,X86,2026-03-25
720,1078,1,225125,T90,2026-06-23
721,4889,9,322230,A98,2026-06-15
722,3700,6,223208,D83,2026-04-04
723,997,7,223208,D83,2026-04-04
724,4863,1,225125,K86,2026-04-01
725,4545,3,225125,K86,2026-05-08
726,4255,3,225125,A93,2026-06-07
727,2890,1,225125,W78,2026-01-29
728,3837,2,225125,A98,2026-01-10
729,4366,1,225125,T90,2026-05-30
730,909,3,225125,A98,2026-04-02
731,1751,7,223208,D83,2026-03-11
732,1227,1,225125,X86,2026-01-16
733,1390,6,223208,D83,2026-05-12
734,2189,1,225125,K86,2026-05-17
735,4377,7,223208,D83,2026-02-04
736,4369,2,225125,A98,2026-05-14
737,2512,1,225125,W78,2026-02-27
738,157,9,322230,A98,2026-05-14
739,1773,9,322230,A98,2026-04-06
740,3510,9,322230,A98,2026-03-21
741,576,2,225125,X86,2026-06-29
742,329,5,223505,W78,2026-04-08
743,3711,1,225125,A98,2026-05-14
744,2902,9,322230,A98,2026-02-16
745,4959,1,225125,A93,2026-03-11
746,1346,3,225125,A98,2026-06-24
747,638,2,225125,T90,2026-04-22
748,3598,3,225125,A98,2026-02-07
749,3794,5,223505,A98,2026-05-20
750,836,4,223505,A98,2026-06-15
751,1484,6,223208,D83,2026-01-13
752,4432,3,225125,X86,2026-04-28
753,1873,1,225125,K86,2026-01-29
754,4608,4,223505,K86,2026-05-11
755,4412,6,223208,D83,2026-05-01
756,2301,4,223505,X86,2026-01-02
757,328,1,225125,W78,2026-06-11
758,3069,4,223505,T90,2026-04-07
759,547,4,223505,T90,2026-05-28
760,2360,3,225125,W78,2026-03-16
761,3220,2,225125,A98,2026-03-04
762,4631,1,225125,X86,2026-03-05
763,654,8,322230,A98,2026-04-12
764,1451,3,225125,K86,2026-05-19
765,4255,1,225125,A98,2026-04-20
766,390,1,225125,A93,2026-05-28
767,2019,9,322230,A98,2026-02-04
768,3259,3,225125,X86,2026-04-01
769,4363,8,322230,A98,2026-03-02
770,2922,5,223505,A98,2026-04-18
771,4081,6,223208,D83,2026-05-11
772,666,8,322230,A98,2026-04-30
773,3495,2,225125,A98,2026-01-11
774,1624,2,225125,T90,2026-03-09
775,4405,1,225125,A98,2026-05-06
776,4839,2,225125,X86,2026-06-22
777,4156,4,223505,W78,2026-04-29
778,111,9,322230,A98,2026-04-01
779,339,5,223505,W78,2026-03-24
780,335,4,223505,W78,2026-04-28
781,4182,6,223208,D83,2026-05-13
782,3627,8,322230,A98,2026-06-26
783,2106,2,225125,T90,2026-02-16
784,1352,7,223208,D83,2026-01-19
785,2833,6,223208,D83,2026-01-14
786,1623,1,225125,X86,2026-06-27
787,250,1,225125,T90,2026-05-02
788,1666,2,225125,X86,2026-01-07
789,2451,1,225125,A98,2026-04-22
790,660,2,225125,W78,2026-04-20
791,2599,8,322230,A98,2026-03-05
792,962,1,225125,A98,2026-05-23
793,3635,5,223505,A98,2026-01-10
794,1823,1,225125,T90,2026-03-30
795,583,6,223208,D83,2026-06-15
796,2335,9,322230,A98,2026-02-06
797,3651,4,223505,A98,2026-02-19
798,3105,4,223505,A98,2026-04-16
799,1934,2,225125,A98,2026-01-24
800,1050,4,223505,X86,2026-05-16
801,2109,1,225125,X86,2026-02-04
802,3037,2,225125,A98,2026-02-09
803,3923,2,225125,X86,2026-02-15
804,3452,6,223208,D83,2026-02-23
805,2592,1,225125,K86,2026-04-10
806,4795,1,225125,A93,2026-04-28
807,185,2,225125,A98,2026-05-12
808,749,8,322230,A98,2026-02-25
809,2698,1,225125,A98,2026-05-07
810,4678,3,225125,X86,2026-05-12
811,3074,9,322230,A98,2026-02-21
812,3017,7,223208,D83,2026-04-29
813,2505,6,223208,D83,2026-06-23
814,3393,6,223208,D83,2026-04-29
815,614,7,223208,D83,2026-03-07
816,2027,7,223208,D83,2026-05-24
817,3284,4,223505,W78,2026-03-09
818,3914,8,322230,A98,2026-03-05
819,2687,7,223208,D83,2026-05-10
820,546,4,223505,A98,2026-01-14
821,3488,4,223505,A98,2026-02-06
822,3068,3,225125,A93,2026-03-02
823,1431,1,225125,T90,2026-02-16
824,1754,2,225125,A93,2026-02-26
825,4939,7,223208,D83,2026-04-20
826,3872,1,225125,A98,2026-06-10
827,3776,9,322230,A98,2026-04-12
828,2726,8,322230,A98,2026-04-05
829,2783,2,225125,K86,2026-02-05
830,2392,8,322230,A98,2026-06-14
831,997,4,223505,X86,2026-02-03
832,3187,1,225125,A98,2026-04-20
833,3875,2,225125,K86,2026-03-20
834,2756,1,225125,W78,2026-05-03
835,4937,3,225125,A98,2026-05-24
836,2342,3,225125,T90,2026-04-13
837,3421,8,322230,A98,2026-03-29
838,1476,2,225125,A98,2026-02-06
839,3810,9,322230,A98,2026-04-04
840,259,2,225125,K86,2026-02-09
841,524,6,223208,D83,2026-05-18
842,3485,2,225125,A98,2026-06-16
843,2081,1,225125,X86,2026-06-02
844,2931,6,223208,D83,2026-01-22
845,3102,4,223505,X86,2026-06-10
846,1733,2,225125,T90,2026-01-17
847,3998,2,225125,A98,2026-05-02
848,3207,8,322230,A98,2026-02-16
849,608,7,223208,D83,2026-02-14
850,4128,9,322230,A98,2026-02-19
851,345,1,225125,A98,2026-01-24
852,2735,5,223505,A98,2026-01-05
853,1147,5,223505,T90,2026-03-30
854,4113,5,223505,T90,2026-04-04
855,4878,2,225125,W78,2026-01-08
856,1673,5,223505,A93,2026-03-16
857,1042,4,223505,W78,2026-06-03
858,2110,6,223208,D83,2026-03-15
859,4864,6,223208,D83,2026-03-29
860,2395,1,225125,X86,2026-02-02
861,2443,9,322230,A98,2026-02-28
862,3190,8,322230,A98,2026-05-11
863,2473,2,225125,K86,2026-01-20
864,373,3,225125,K86,2026-01-15
865,2974,1,225125,X86,2026-01-12
866,1584,2,225125,A93,2026-06-12
867,1469,1,225125,A98,2026-06-07
868,3676,9,322230,A98,2026-01-07
869,2505,8,322230,A98,2026-06-26
870,1937,2,225125,K86,2026-06-15
871,4030,1,225125,A98,2026-03-19
872,1932,6,223208,D83,2026-01-06
873,117,6,223208,D83,2026-02-05
874,2391,1,225125,A93,2026-05-29
875,3998,5,223505,T90,2026-05-18
876,2297,3,225125,A98,2026-02-15
877,4887,1,225125,T90,2026-04-08
878,4022,5,223505,A98,2026-06-13
879,1617,8,322230,A98,2026-06-05
880,1892,5,223505,A98,2026-06-05
881,2244,2,225125,A98,2026-03-12
882,2220,6,223208,D83,2026-06-25
883,2358,3,225125,X86,2026-05-02
884,923,3,225125,K86,2026-06-04
885,1351,2,225125,T90,2026-01-11
886,4417,7,223208,D83,2026-06-08
887,4707,1,225125,A98,2026-06-09
888,2639,5,223505,X86,2026-02-09
889,1701,6,223208,D83,2026-05-16
890,4913,8,322230,A98,2026-02-05
891,4901,8,322230,A98,2026-02-13
892,2252,2,225125,A98,2026-05-12
893,215,9,322230,A98,2026-02-02
894,944,9,322230,A98,2026-02-06
895,1210,2,225125,K86,2026-06-23
896,4445,1,225125,A98,2026-02-23
897,2018,2,225125,A93,2026-02-08
898,4468,2,225125,A98,2026-03-30
899,1444,4,223505,K86,2026-05-26
900,1015,2,225125,W78,2026-03-18
901,1880,6,223208,D83,2026-01-22
902,2823,9,322230,A98,2026-04-16
903,3837,3,225125,A98,2026-06-19
904,2926,9,322230,A98,2026-02-04
905,1749,1,225125,K86,2026-04-04
906,2641,1,225125,A98,2026-04-13
907,3185,1,225125,A98,2026-01-01
908,3753,1,225125,A98,2026-04-25
909,3661,6,223208,D83,2026-04-27
910,3268,4,223505,K86,2026-04-17
911,1818,3,225125,X86,2026-05-22
912,3651,2,225125,W78,2026-02-26
913,2895,7,223208,D83,2026-01-17
914,2410,5,223505,T90,2026-02-18
915,2397,1,225125,A93,2026-01-31
916,1184,5,223505,T90,2026-01-01
917,906,2,225125,A93,2026-03-22
918,2759,1,225125,A93,2026-05-17
919,969,2,225125,K86,2026-03-28
920,4129,1,225125,K86,2026-06-16
921,69,5,223505,A98,2026-05-03
922,2246,3,225125,K86,2026-04-23
923,4914,2,225125,T90,2026-04-14
924,4843,8,322230,A98,2026-01-14
925,3698,2,225125,A98,2026-05-25
926,4951,4,223505,A98,2026-04-21
927,3078,6,223208,D83,2026-02-13
928,4172,7,223208,D83,2026-05-11
929,4351,6,223208,D83,2026-03-18
930,886,8,322230,A98,2026-03-22
931,4970,6,223208,D83,2026-02-17
932,3972,9,322230,A98,2026-05-16
933,346,5,223505,K86,2026-01-10
934,1503,9,322230,A98,2026-01-04
935,1225,1,225125,W78,2026-05-01
936,2037,3,225125,A93,2026-05-16
937,658,7,223208,D83,2026-06-26
938,1626,6,223208,D83,2026-06-01
939,4708,1,225125,A98,2026-02-02
940,1405,2,225125,A98,2026-01-14
941,388,3,225125,A93,2026-05-04
942,1925,3,225125,A93,2026-05-25
943,759,2,225125,A98,2026-04-30
944,2380,5,223505,A93,2026-02-11
945,2360,7,223208,D83,2026-01-11
946,4017,9,322230,A98,2026-04-19
947,1525,1,225125,T90,2026-05-30
948,4022,1,225125,A98,2026-03-09
949,1581,2,225125,A98,2026-02-17
950,1301,1,225125,X86,2026-01-15
951,1649,2,225125,A98,2026-02-23
952,1869,3,225125,K86,2026-03-11
953,524,2,225125,T90,2026-03-28
954,3162,2,225125,A93,2026-05-17
955,2753,1,225125,W78,2026-04-13
956,933,9,322230,A98,2026-03-24
957,2046,1,225125,T90,2026-05-20
958,4805,1,225125,A98,2026-01-12
959,146,7,223208,D83,2026-04-14
960,3621,5,223505,A98,2026-01-15
961,2978,2,225125,X86,2026-03-11
962,1309,5,223505,K86,2026-05-04
963,3781,5,223505,K86,2026-02-02
964,316,5,223505,W78,2026-06-12
965,1344,4,223505,X86,2026-05-11
966,901,5,223505,A93,2026-06-18
967,1002,1,225125,A98,2026-02-04
968,3393,4,223505,K86,2026-04-22
969,4095,5,223505,A93,2026-05-23
970,3129,8,322230,A98,2026-01-11
971,3682,2,225125,W78,2026-04-27
972,1682,1,225125,A93,2026-04-28
973,3475,3,225125,W78,2026-06-08
974,3844,2,225125,A93,2026-02-14
975,545,5,223505,A93,2026-05-04
976,418,8,322230,A98,2026-05-16
977,1557,2,225125,W78,2026-04-03
978,29,8,322230,A98,2026-01-30
979,613,9,322230,A98,2026-03-23
980,2936,5,223505,T90,2026-05-01
981,3759,6,223208,D83,2026-06-06
982,945,6,223208,D83,2026-01-02
983,4103,8,322230,A98,2026-02-03
984,1845,4,223505,X86,2026-01-17
985,3570,1,225125,W78,2026-05-10
986,2127,2,225125,W78,2026-03-02
987,3493,3,225125,K86,2026-04-20
988,907,1,225125,A98,2026-01-25
989,3558,7,223208,D83,2026-03-24
990,167,2,225125,A98,2026-05-25
991,1432,6,223208,D83,2026-03-24
992,3966,2,225125,X86,2026-03-14
993,1878,5,223505,T90,2026-05-22
994,1924,5,223505,A93,2026-01-19
995,2392,7,223208,D83,2026-01-27
996,74,2,225125,K86,2026-04-10
997,3912,5,223505,A98,2026-05-16
998,3370,5,223505,K86,2026-05-25
999,4873,2,225125,W78,2026-01-10
1000,4259,1,225125,A93,2026-04-21
1001,4672,7,223208,D83,2026-03-28
1002,3653,2,225125,K86,2026-01-22
1003,918,8,322230,A98,2026-06-01
1004,4091,1,225125,K86,2026-02-23
1005,4029,9,322230,A98,2026-03-28
1006,2745,8,322230,A98,2026-06-17
1007,3985,1,225125,K86,2026-03-12
1008,3913,1,225125,A98,2026-06-14
1009,2321,5,223505,X86,2026-01-15
1010,2787,1,225125,A98,2026-03-12
1011,806,4,223505,T90,2026-04-03
1012,1640,2,225125,A93,2026-01-21
1013,3885,2,225125,W78,2026-05-14
1014,779,3,225125,K86,2026-05-01
1015,2536,2,225125,T90,2026-01-11
1016,4650,4,223505,K86,2026-06-18
1017,24,4,223505,A98,2026-01-27
1018,1583,1,225125,K86,2026-06-20
1019,2477,6,223208,D83,2026-03-25
1020,765,3,225125,A93,2026-06-21
1021,668,2,225125,A98,2026-03-26
1022,3331,2,225125,K86,2026-04-16
1023,4101,1,225125,A98,2026-05-10
1024,4315,4,223505,K86,2026-03-27
1025,1840,8,322230,A98,2026-02-18
1026,67,8,322230,A98,2026-03-26
1027,638,6,223208,D83,2026-02-15
1028,2855,6,223208,D83,2026-05-13
1029,2836,1,225125,X86,2026-05-10
1030,4991,3,225125,A98,2026-05-03
1031,1119,2,225125,W78,2026-03-10
1032,2168,2,225125,A93,2026-05-28
1033,4991,2,225125,A98,2026-05-06
1034,2357,5,223505,T90,2026-06-01
1035,4001,8,322230,A98,2026-04-28
1036,1891,4,223505,K86,2026-01-05
1037,1435,6,223208,D83,2026-06-17
1038,1445,2,225125,A98,2026-02-05
1039,4674,7,223208,D83,2026-02-02
1040,4371,8,322230,A98,2026-02-08
1041,3221,3,225125,K86,2026-03-21
1042,1138,1,225125,A98,2026-04-29
1043,3245,2,225125,A98,2026-05-22
1044,99,8,322230,A98,2026-03-07
1045,3488,8,322230,A98,2026-02-15
1046,3186,9,322230,A98,2026-04-28
1047,3939,3,225125,A93,2026-04-28
1048,3149,1,225125,T90,2026-02-16
1049,2768,6,223208,D83,2026-04-18
1050,2748,6,223208,D83,2026-05-22
1051,2508,1,225125,K86,2026-06-14
1052,1773,1,225125,A93,2026-01-31
1053,54,3,225125,A98,2026-06-14
1054,4507,4,223505,W78,2026-03-21
1055,4704,2,225125,A98,2026-03-14
1056,4493,5,223505,A98,2026-05-09
1057,3958,1,225125,A98,2026-05-06
1058,1046,5,223505,A98,2026-02-28
1059,4297,8,322230,A98,2026-05-14
1060,3177,6,223208,D83,2026-05-12
1061,2662,2,225125,K86,2026-02-17
1062,4690,9,322230,A98,2026-06-25
1063,4200,5,223505,W78,2026-02-02
1064,4832,1,225125,K86,2026-04-05
1065,2037,6,223208,D83,2026-04-01
1066,3633,3,225125,X86,2026-02-22
1067,3051,5,223505,A98,2026-02-15
1068,2998,3,225125,K86,2026-01-21
1069,276,4,223505,T90,2026-04-16
1070,4364,7,223208,D83,2026-03-15
1071,1675,8,322230,A98,2026-04-20
1072,4077,3,225125,W78,2026-03-02
1073,4186,5,223505,A98,2026-05-28
1074,4304,7,223208,D83,2026-03-31
1075,3718,9,322230,A98,2026-02-16
1076,149,8,322230,A98,2026-04-08
1077,811,2,225125,T90,2026-03-07
1078,1414,2,225125,A98,2026-06-13
1079,1775,1,225125,A93,2026-02-19
1080,4956,1,225125,A98,2026-03-03
1081,4580,6,223208,D83,2026-05-20
1082,4523,9,322230,A98,2026-01-13
1083,4556,3,225125,X86,2026-02-27
1084,4684,4,223505,T90,2026-01-05
1085,598,5,223505,A98,2026-05-01
1086,1637,9,322230,A98,2026-05-03
1087,3200,5,223505,K86,2026-01-23
1088,3982,8,322230,A98,2026-01-10
1089,4397,7,223208,D83,2026-05-26
1090,4012,5,223505,W78,2026-06-05
1091,1477,2,225125,K86,2026-01-11
1092,2949,5,223505,A98,2026-06-20
1093,1000,6,223208,D83,2026-03-22
1094,4993,5,223505,T90,2026-04-29
1095,2154,2,225125,A98,2026-02-04
1096,2685,5,223505,X86,2026-06-06
1097,3322,4,223505,K86,2026-02-13
1098,2172,1,225125,K86,2026-05-02
1099,2693,2,225125,A98,2026-01-14
1100,4263,1,225125,A98,2026-06-12
1101,1327,2,225125,A98,2026-03-13
1102,3582,2,225125,A98,2026-05-30
1103,4567,3,225125,X86,2026-03-16
1104,3945,6,223208,D83,2026-06-18
1105,1587,2,225125,K86,2026-05-29
1106,3334,7,223208,D83,2026-03-12
1107,4807,7,223208,D83,2026-05-27
1108,693,7,223208,D83,2026-02-07
1109,824,5,223505,A98,2026-02-20
1110,4028,2,225125,A98,2026-05-08
1111,3265,9,322230,A98,2026-01-02
1112,2310,1,225125,A98,2026-04-05
1113,175,9,322230,A98,2026-05-10
1114,3827,8,322230,A98,2026-02-02
1115,4600,1,225125,A93,2026-06-27
1116,2562,8,322230,A98,2026-04-23
1117,1732,1,225125,A98,2026-01-15
1118,2476,4,223505,A93,2026-04-26
1119,2310,8,322230,A98,2026-04-09
1120,3832,4,223505,A98,2026-01-08
1121,3132,7,223208,D83,2026-01-18
1122,2285,1,225125,A93,2026-03-20
1123,1166,3,225125,A98,2026-01-22
1124,3309,8,322230,A98,2026-01-26
1125,3669,8,322230,A98,2026-01-28
1126,791,4,223505,A93,2026-06-18
1127,275,9,322230,A98,2026-05-27
1128,1752,4,223505,A98,2026-04-13
1129,3692,3,225125,T90,2026-03-07
1130,3201,6,223208,D83,2026-04-18
1131,3636,2,225125,A98,2026-06-15
1132,2796,2,225125,K86,2026-02-14
1133,668,1,225125,K86,2026-04-02
1134,702,7,223208,D83,2026-02-27
1135,3758,6,223208,D83,2026-05-13
1136,3622,1,225125,T90,2026-02-04
1137,338,4,223505,W78,2026-02-10
1138,1614,1,225125,A98,2026-06-16
1139,3835,2,225125,K86,2026-06-06
1140,1170,8,322230,A98,2026-04-30
1141,4932,5,223505,K86,2026-05-05
1142,1592,8,322230,A98,2026-06-22
1143,3736,4,223505,T90,2026-01-20
1144,3714,5,223505,W78,2026-04-14
1145,4825,4,223505,A98,2026-02-11
1146,454,1,225125,A93,2026-05-09
1147,2968,9,322230,A98,2026-06-24
1148,2540,3,225125,A93,2026-03-11
1149,2807,2,225125,K86,2026-05-14
1150,1424,1,225125,X86,2026-01-25
1151,142,2,225125,A98,2026-01-27
1152,518,5,223505,A98,2026-04-06
1153,1059,7,223208,D83,2026-03-19
1154,3535,2,225125,A98,2026-06-17
1155,751,5,223505,K86,2026-01-17
1156,1163,7,223208,D83,2026-02-22
1157,1347,2,225125,W78,2026-06-29
1158,1175,4,223505,T90,2026-06-19
1159,3466,6,223208,D83,2026-06-07
1160,3245,6,223208,D83,2026-06-15
1161,1420,1,225125,A98,2026-03-27
1162,4571,8,322230,A98,2026-06-11
1163,167,1,225125,A98,2026-06-11
1164,2053,9,322230,A98,2026-02-21
1165,596,1,225125,K86,2026-01-19
1166,786,5,223505,A98,2026-02-12
1167,4232,4,223505,W78,2026-04-02
1168,3863,2,225125,K86,2026-02-05
1169,1894,1,225125,X86,2026-05-08
1170,4946,1,225125,K86,2026-03-13
1171,2177,6,223208,D83,2026-04-16
1172,155,8,322230,A98,2026-06-17
1173,4203,9,322230,A98,2026-01-17
1174,4860,2,225125,K86,2026-02-17
1175,4391,9,322230,A98,2026-03-13
1176,4937,6,223208,D83,2026-01-19
1177,4000,1,225125,X86,2026-03-10
1178,1489,2,225125,A93,2026-05-14
1179,3003,8,322230,A98,2026-06-16
1180,1467,1,225125,A98,2026-01-13
1181,646,6,223208,D83,2026-04-26
1182,3449,8,322230,A98,2026-03-10
1183,898,3,225125,A93,2026-01-11
1184,3799,5,223505,T90,2026-02-23
1185,4712,1,225125,W78,2026-05-20
1186,3501,4,223505,X86,2026-02-13
1187,249,4,223505,T90,2026-03-18
1188,2649,2,225125,A98,2026-05-11
1189,4746,1,225125,A98,2026-06-21
1190,4480,7,223208,D83,2026-04-07
1191,1514,3,225125,A98,2026-05-04
1192,1161,7,223208,D83,2026-06-11
1193,580,4,223505,K86,2026-01-11
1194,573,9,322230,A98,2026-04-28
1195,519,8,322230,A98,2026-02-16
1196,411,6,223208,D83,2026-03-01
1197,4961,1,225125,K86,2026-02-05
1198,4976,3,225125,A98,2026-03-12
1199,3202,4,223505,A98,2026-06-08
1200,2405,7,223208,D83,2026-02-22
1201,716,5,223505,K86,2026-02-01
1202,1213,8,322230,A98,2026-03-29
1203,4181,3,225125,K86,2026-06-07
1204,1680,1,225125,A93,2026-03-12
1205,641,8,322230,A98,2026-01-20
1206,1642,6,223208,D83,2026-04-17
1207,1735,6,223208,D83,2026-06-09
1208,4688,6,223208,D83,2026-04-26
1209,1777,2,225125,A98,2026-01-10
1210,4190,3,225125,X86,2026-04-02
1211,3668,1,225125,A93,2026-06-10
1212,3457,1,225125,X86,2026-01-12
1213,1523,4,223505,K86,2026-01-01
1214,3202,1,225125,T90,2026-05-29
1215,3917,2,225125,X86,2026-01-10
1216,2570,9,322230,A98,2026-03-28
1217,2004,6,223208,D83,2026-03-17
1218,4697,3,225125,A98,2026-02-17
1219,579,2,225125,A98,2026-05-02
1220,4329,4,223505,A98,2026-04-27
1221,962,7,223208,D83,2026-04-18
1222,839,4,223505,K86,2026-01-04
1223,2502,3,225125,A98,2026-02-02
1224,3050,1,225125,K86,2026-03-06
1225,752,1,225125,X86,2026-02-21
1226,1238,9,322230,A98,2026-04-16
1227,2802,8,322230,A98,2026-04-12
1228,2546,3,225125,A98,2026-05-04
1229,2912,5,223505,K86,2026-01-13
1230,1165,2,225125,A98,2026-03-30
1231,1205,1,225125,A98,2026-02-23
1232,3929,6,223208,D83,2026-04-01
1233,15,5,223505,X86,2026-05-19
1234,3888,3,225125,A98,2026-04-07
1235,1443,3,225125,T90,2026-01-27
1236,4487,4,223505,A98,2026-06-16
1237,723,1,225125,A93,2026-02-11
1238,655,1,225125,A98,2026-03-14
1239,4010,2,225125,A98,2026-01-07
1240,3868,2,225125,T90,2026-05-24
1241,3374,1,225125,X86,2026-01-24
1242,2048,1,225125,K86,2026-01-13
1243,3249,7,223208,D83,2026-03-04
1244,3797,1,225125,W78,2026-06-28
1245,4788,9,322230,A98,2026-04-08
1246,1743,6,223208,D83,2026-01-26
1247,43,5,223505,A98,2026-06-11
1248,4464,5,223505,T90,2026-05-18
1249,2546,5,223505,A98,2026-04-04
1250,412,2,225125,A98,2026-03-09
1251,4022,3,225125,A98,2026-01-03
1252,214,9,322230,A98,2026-03-12
1253,1759,9,322230,A98,2026-05-04
1254,610,8,322230,A98,2026-05-02
1255,2159,7,223208,D83,2026-02-21
1256,2220,7,223208,D83,2026-05-29
1257,4848,2,225125,K86,2026-03-28
1258,521,5,223505,X86,2026-05-23
1259,2899,7,223208,D83,2026-04-16
1260,3201,2,225125,W78,2026-02-14
1261,2106,9,322230,A98,2026-05-21
1262,68,3,225125,K86,2026-06-17
1263,281,2,225125,A98,2026-02-17
1264,1501,4,223505,T90,2026-04-26
1265,2850,3,225125,T90,2026-05-14
1266,1499,6,223208,D83,2026-01-14
1267,3826,4,223505,T90,2026-06-04
1268,964,8,322230,A98,2026-02-07
1269,3309,2,225125,X86,2026-02-15
1270,1364,4,223505,T90,2026-05-22
1271,2331,2,225125,X86,2026-03-05
1272,678,6,223208,D83,2026-05-14
1273,2411,1,225125,W78,2026-02-18
1274,4472,7,223208,D83,2026-03-21
1275,2633,3,225125,A98,2026-01-30
1276,4710,2,225125,A98,2026-06-17
1277,1166,2,225125,W78,2026-02-26
1278,4487,8,322230,A98,2026-03-22
1279,3186,5,223505,X86,2026-05-16
1280,1592,2,225125,X86,2026-01-02
1281,4986,7,223208,D83,2026-06-02
1282,3758,1,225125,A93,2026-04-25
1283,2852,3,225125,K86,2026-05-28
1284,2787,2,225125,T90,2026-06-26
1285,4650,4,223505,T90,2026-01-13
1286,1928,7,223208,D83,2026-01-21
1287,3693,6,223208,D83,2026-01-22
1288,3514,1,225125,A98,2026-05-19
1289,806,1,225125,A98,2026-01-30
1290,3907,7,223208,D83,2026-02-09
1291,962,3,225125,K86,2026-03-30
1292,1598,4,223505,X86,2026-06-08
1293,2144,6,223208,D83,2026-03-14
1294,1268,8,322230,A98,2026-03-31
1295,2462,1,225125,W78,2026-06-03
1296,3109,2,225125,W78,2026-06-04
1297,2198,6,223208,D83,2026-03-09
1298,3172,8,322230,A98,2026-03-24
1299,2476,5,223505,A98,2026-03-03
1300,4005,4,223505,A98,2026-05-26
1301,2319,3,225125,K86,2026-01-29
1302,3859,3,225125,K86,2026-06-09
1303,742,3,225125,A98,2026-05-29
1304,3286,6,223208,D83,2026-06-12
1305,506,3,225125,X86,2026-02-04
1306,2233,7,223208,D83,2026-05-04
1307,4426,7,223208,D83,2026-02-09
1308,2214,1,225125,X86,2026-03-30
1309,4910,3,225125,A93,2026-04-20
1310,2139,1,225125,T90,2026-04-26
1311,993,4,223505,K86,2026-01-13
1312,4793,2,225125,X86,2026-04-25
1313,203,1,225125,A98,2026-06-23
1314,4403,3,225125,K86,2026-04-29
1315,1097,4,223505,X86,2026-04-04
1316,4446,6,223208,D83,2026-02-27
1317,2163,9,322230,A98,2026-01-19
1318,2887,7,223208,D83,2026-05-14
1319,4566,8,322230,A98,2026-05-14
1320,4926,7,223208,D83,2026-05-24
1321,4379,3,225125,T90,2026-06-06
1322,3541,2,225125,T90,2026-04-26
1323,4698,1,225125,X86,2026-02-03
1324,270,2,225125,K86,2026-03-17
1325,2224,1,225125,K86,2026-01-22
1326,2595,8,322230,A98,2026-05-10
1327,2018,9,322230,A98,2026-04-28
1328,3971,2,225125,A98,2026-01-01
1329,4832,3,225125,K86,2026-06-12
1330,3661,1,225125,W78,2026-01-01
1331,4485,6,223208,D83,2026-01-30
1332,455,2,225125,A98,2026-02-06
1333,1039,7,223208,D83,2026-03-16
1334,1733,6,223208,D83,2026-04-03
1335,1617,9,322230,A98,2026-06-08
1336,2710,1,225125,T90,2026-03-31
1337,230,2,225125,A98,2026-04-17
1338,1798,1,225125,T90,2026-01-01
1339,3934,1,225125,K86,2026-02-17
1340,2742,1,225125,K86,2026-03-27
1341,256,7,223208,D83,2026-02-19
1342,4773,3,225125,A93,2026-04-28
1343,450,4,223505,A98,2026-05-15
1344,4756,1,225125,K86,2026-04-06
1345,1043,8,322230,A98,2026-05-09
1346,2303,1,225125,X86,2026-02-22
1347,2582,6,223208,D83,2026-01-19
1348,4119,3,225125,K86,2026-06-03
1349,2703,1,225125,A93,2026-04-10
1350,865,1,225125,X86,2026-02-14
1351,920,9,322230,A98,2026-04-06
1352,4168,4,223505,X86,2026-04-02
1353,4176,5,223505,K86,2026-04-06
1354,3413,5,223505,X86,2026-05-25
1355,404,8,322230,A98,2026-05-13
1356,763,7,223208,D83,2026-06-19
1357,2370,5,223505,T90,2026-06-09
1358,3093,1,225125,A93,2026-06-20
1359,4449,7,223208,D83,2026-06-17
1360,2120,6,223208,D83,2026-04-27
1361,3523,7,223208,D83,2026-03-08
1362,2711,6,223208,D83,2026-04-04
1363,374,7,223208,D83,2026-04-03
1364,2596,6,223208,D83,2026-05-01
1365,4271,8,322230,A98,2026-01-15
1366,4755,7,223208,D83,2026-02-21
1367,4210,7,223208,D83,2026-03-21
1368,2791,3,225125,A93,2026-03-03
1369,2019,2,225125,A98,2026-06-20
1370,2284,4,223505,W78,2026-04-14
1371,3964,1,225125,K86,2026-05-24
1372,1865,4,223505,K86,2026-02-23
1373,4827,6,223208,D83,2026-02-01
1374,4367,3,225125,A98,2026-06-09
1375,4731,9,322230,A98,2026-05-17
1376,2270,9,322230,A98,2026-03-15
1377,3824,7,223208,D83,2026-03-17
1378,573,8,322230,A98,2026-03-06
1379,258,2,225125,W78,2026-02-28
1380,10,2,225125,A98,2026-01-22
1381,1312,5,223505,K86,2026-03-22
1382,286,8,322230,A98,2026-02-27
1383,18,1,225125,A93,2026-05-07
1384,3190,6,223208,D83,2026-04-21
1385,4186,1,225125,A98,2026-06-01
1386,942,5,223505,T90,2026-06-03
1387,1017,2,225125,A93,2026-01-10
1388,310,3,225125,W78,2026-05-31
1389,1908,1,225125,T90,2026-04-23
1390,4674,5,223505,T90,2026-03-14
1391,1076,2,225125,X86,2026-02-27
1392,2671,1,225125,A98,2026-05-02
1393,3773,4,223505,T90,2026-06-23
1394,4745,1,225125,A98,2026-06-12
1395,525,1,225125,A93,2026-01-21
1396,2383,3,225125,A98,2026-01-10
1397,3748,4,223505,A98,2026-02-19
1398,3617,2,225125,A98,2026-05-09
1399,1332,3,225125,A93,2026-03-19
1400,810,7,223208,D83,2026-06-17
1401,3367,1,225125,T90,2026-02-03
1402,4483,2,225125,K86,2026-02-02
1403,3788,6,223208,D83,2026-06-13
1404,3681,7,223208,D83,2026-03-11
1405,3273,3,225125,A98,2026-02-27
1406,3453,4,223505,K86,2026-06-09
1407,1213,6,223208,D83,2026-03-16
1408,1635,3,225125,A93,2026-06-29
1409,1208,8,322230,A98,2026-03-20
1410,2966,9,322230,A98,2026-02-08
1411,4844,2,225125,A93,2026-05-10
1412,3957,1,225125,K86,2026-05-12
1413,228,3,225125,A98,2026-01-28
1414,2533,2,225125,K86,2026-05-21
1415,2447,1,225125,W78,2026-01-26
1416,1464,7,223208,D83,2026-01-02
1417,764,7,223208,D83,2026-05-18
1418,949,3,225125,K86,2026-02-17
1419,3033,1,225125,A98,2026-05-30
1420,582,1,225125,K86,2026-02-11
1421,3325,5,223505,A98,2026-03-21
1422,1407,1,225125,T90,2026-04-06
1423,442,6,223208,D83,2026-02-07
1424,4034,1,225125,A98,2026-02-26
1425,2177,2,225125,A98,2026-04-17
1426,2772,9,322230,A98,2026-05-26
1427,2902,8,322230,A98,2026-03-10
1428,4628,8,322230,A98,2026-02-16
1429,3189,7,223208,D83,2026-06-14
1430,1577,3,225125,W78,2026-05-18
1431,300,2,225125,A98,2026-06-09
1432,945,6,223208,D83,2026-03-01
1433,3860,2,225125,W78,2026-03-13
1434,3916,7,223208,D83,2026-02-21
1435,2407,2,225125,K86,2026-05-11
1436,3384,1,225125,A98,2026-03-07
1437,1341,5,223505,K86,2026-02-04
1438,3953,1,225125,X86,2026-03-02
1439,1125,1,225125,K86,2026-05-31
1440,4156,5,223505,A98,2026-05-13
1441,1407,4,223505,A93,2026-03-26
1442,2525,3,225125,W78,2026-02-08
1443,4138,2,225125,X86,2026-04-11
1444,2663,5,223505,K86,2026-05-30
1445,4612,5,223505,A98,2026-04-24
1446,507,2,225125,W78,2026-01-12
1447,950,2,225125,X86,2026-05-21
1448,4474,1,225125,W78,2026-05-02
1449,894,6,223208,D83,2026-04-20
1450,2232,4,223505,K86,2026-02-06
1451,2587,1,225125,W78,2026-01-21
1452,4416,5,223505,A98,2026-06-08
1453,3085,8,322230,A98,2026-04-29
1454,1051,4,223505,T90,2026-06-14
1455,327,9,322230,A98,2026-01-13
1456,4207,7,223208,D83,2026-03-23
1457,4609,1,225125,A98,2026-02-12
1458,1182,1,225125,K86,2026-02-14
1459,263,4,223505,A98,2026-06-26
1460,687,3,225125,K86,2026-03-30
1461,4660,6,223208,D83,2026-05-26
1462,4267,8,322230,A98,2026-02-26
1463,644,2,225125,K86,2026-02-20
1464,1620,2,225125,T90,2026-03-12
1465,3252,3,225125,T90,2026-05-24
1466,2609,2,225125,A98,2026-02-06
1467,2730,2,225125,X86,2026-02-03
1468,2634,7,223208,D83,2026-03-08
1469,1068,3,225125,A98,2026-03-25
1470,1007,1,225125,T90,2026-01-13
1471,4780,5,223505,A98,2026-01-24
1472,2247,1,225125,K86,2026-06-01
1473,1803,9,322230,A98,2026-01-17
1474,4552,9,322230,A98,2026-06-28
1475,3479,2,225125,X86,2026-05-06
1476,3360,8,322230,A98,2026-06-15
1477,4728,9,322230,A98,2026-06-18
1478,2360,2,225125,W78,2026-02-20
1479,2001,6,223208,D83,2026-03-04
1480,4073,5,223505,A98,2026-06-23
1481,511,1,225125,T90,2026-01-18
1482,3460,6,223208,D83,2026-04-26
1483,2390,6,223208,D83,2026-01-08
1484,494,6,223208,D83,2026-01-09
1485,3141,3,225125,A98,2026-02-23
1486,1350,9,322230,A98,2026-05-11
1487,3366,9,322230,A98,2026-06-24
1488,2411,2,225125,X86,2026-01-16
1489,1733,3,225125,K86,2026-05-10
1490,710,1,225125,T90,2026-05-08
1491,4406,9,322230,A98,2026-01-01
1492,175,2,225125,A98,2026-04-15
1493,1495,2,225125,K86,2026-03-10
1494,1097,1,225125,T90,2026-04-18
1495,888,4,223505,K86,2026-03-11
1496,2693,7,223208,D83,2026-01-04
1497,4935,5,223505,A93,2026-04-19
1498,2637,2,225125,T90,2026-05-08
1499,3764,5,223505,K86,2026-01-22
1500,3287,4,223505,T90,2026-02-27
1501,3236,6,223208,D83,2026-03-23
1502,2871,8,322230,A98,2026-01-21
1503,1347,6,223208,D83,2026-06-26
1504,2137,9,322230,A98,2026-01-06
1505,2639,7,223208,D83,2026-04-06
1506,3115,2,225125,T90,2026-06-07
1507,3821,5,223505,W78,2026-06-05
1508,3253,9,322230,A98,2026-04-19
1509,4965,3,225125,T90,2026-03-11
1510,2983,4,223505,X86,2026-06-06
1511,3205,7,223208,D83,2026-03-04
1512,947,2,225125,A98,2026-01-22
1513,1090,7,223208,D83,2026-02-02
1514,4430,6,223208,D83,2026-01-19
1515,3054,2,225125,A93,2026-04-23
1516,1481,7,223208,D83,2026-02-22
1517,614,2,225125,A98,2026-01-21
1518,3573,4,223505,W78,2026-01-31
1519,1188,1,225125,A93,2026-05-12
1520,1430,9,322230,A98,2026-02-17
1521,4507,6,223208,D83,2026-01-11
1522,3284,6,223208,D83,2026-06-05
1523,4314,2,225125,T90,2026-02-19
1524,4751,1,225125,K86,2026-05-11
1525,4831,6,223208,D83,2026-03-01
1526,4020,4,223505,A93,2026-04-30
1527,2898,2,225125,A98,2026-05-09
1528,2299,2,225125,K86,2026-01-21
1529,130,8,322230,A98,2026-03-27
1530,1214,5,223505,T90,2026-05-15
1531,482,9,322230,A98,2026-01-29
1532,2660,2,225125,W78,2026-02-28
1533,3835,3,225125,A98,2026-05-21
1534,2503,1,225125,A98,2026-03-17
1535,1354,8,322230,A98,2026-04-06
1536,4322,4,223505,A98,2026-04-28
1537,4924,3,225125,K86,2026-06-23
1538,4620,4,223505,T90,2026-05-25
1539,167,3,225125,A93,2026-03-03
1540,2577,8,322230,A98,2026-04-08
1541,3358,2,225125,W78,2026-01-09
1542,4159,9,322230,A98,2026-06-27
1543,4335,1,225125,K86,2026-02-27
1544,2756,2,225125,K86,2026-05-07
1545,1831,5,223505,T90,2026-04-18
1546,2742,1,225125,A98,2026-05-01
1547,4343,7,223208,D83,2026-04-25
1548,2923,3,225125,A98,2026-03-30
1549,1502,5,223505,A98,2026-01-03
1550,2375,4,223505,A98,2026-01-13
1551,3855,5,223505,K86,2026-01-26
1552,846,3,225125,K86,2026-06-17
1553,826,8,322230,A98,2026-04-27
1554,4775,2,225125,A93,2026-05-18
1555,3043,6,223208,D83,2026-01-10
1556,24,3,225125,A98,2026-01-09
1557,4041,8,322230,A98,2026-01-30
1558,3063,2,225125,X86,2026-04-20
1559,2368,9,322230,A98,2026-03-06
1560,2591,9,322230,A98,2026-06-26
1561,158,3,225125,K86,2026-05-02
1562,4777,3,225125,T90,2026-01-28
1563,3982,5,223505,A98,2026-06-04
1564,195,9,322230,A98,2026-03-05
1565,3591,1,225125,T90,2026-06-23
1566,2208,4,223505,A93,2026-01-25
1567,3646,1,225125,K86,2026-02-24
1568,880,9,322230,A98,2026-03-01
1569,4154,1,225125,K86,2026-01-21
1570,1193,3,225125,W78,2026-02-28
1571,2117,1,225125,K86,2026-05-11
1572,3552,1,225125,K86,2026-02-11
1573,2749,6,223208,D83,2026-01-28
1574,3343,2,225125,K86,2026-06-01
1575,2156,2,225125,K86,2026-04-09
1576,828,7,223208,D83,2026-06-26
1577,1636,2,225125,A98,2026-03-13
1578,4056,6,223208,D83,2026-01-18
1579,4387,4,223505,A98,2026-03-25
1580,4920,4,223505,T90,2026-06-02
1581,4235,6,223208,D83,2026-03-22
1582,1713,5,223505,K86,2026-01-08
1583,2787,9,322230,A98,2026-01-04
1584,4243,3,225125,X86,2026-05-17
1585,4993,4,223505,T90,2026-04-12
1586,4346,2,225125,A93,2026-06-10
1587,1187,3,225125,W78,2026-02-12
1588,35,2,225125,W78,2026-04-20
1589,1479,9,322230,A98,2026-06-03
1590,2453,2,225125,W78,2026-04-21
1591,521,1,225125,W78,2026-05-05
1592,3375,5,223505,W78,2026-01-21
1593,3861,1,225125,T90,2026-02-08
1594,1862,8,322230,A98,2026-03-13
1595,229,1,225125,A93,2026-01-15
1596,2550,6,223208,D83,2026-02-05
1597,3568,1,225125,A98,2026-04-14
1598,2458,9,322230,A98,2026-02-03
1599,2231,7,223208,D83,2026-04-26
1600,2324,4,223505,A98,2026-03-13
1601,3148,4,223505,A98,2026-06-15
1602,1646,1,225125,A98,2026-05-08
1603,4306,4,223505,K86,2026-05-06
1604,6,1,225125,X86,2026-04-13
1605,1481,2,225125,X86,2026-03-04
1606,3595,2,225125,K86,2026-03-29
1607,968,6,223208,D83,2026-04-02
1608,859,9,322230,A98,2026-05-07
1609,535,4,223505,W78,2026-04-15
1610,564,1,225125,A98,2026-06-01
1611,865,6,223208,D83,2026-04-25
1612,2526,3,225125,T90,2026-03-28
1613,335,6,223208,D83,2026-02-23
1614,2881,8,322230,A98,2026-03-08
1615,2210,7,223208,D83,2026-03-26
1616,2849,5,223505,A98,2026-01-04
1617,3962,8,322230,A98,2026-04-28
1618,4890,1,225125,X86,2026-05-07
1619,1246,1,225125,A98,2026-03-16
1620,4287,1,225125,K86,2026-06-21
1621,3969,7,223208,D83,2026-05-20
1622,1512,1,225125,W78,2026-04-12
1623,1339,6,223208,D83,2026-01-18
1624,1379,2,225125,A98,2026-03-31
1625,3217,1,225125,X86,2026-01-30
1626,4015,5,223505,A93,2026-02-20
1627,3280,1,225125,W78,2026-02-14
1628,876,8,322230,A98,2026-06-25
1629,4471,1,225125,T90,2026-02-03
1630,4549,2,225125,A93,2026-03-21
1631,3630,1,225125,A98,2026-05-10
1632,2755,8,322230,A98,2026-03-05
1633,1399,2,225125,X86,2026-04-08
1634,2379,6,223208,D83,2026-06-28
1635,2823,2,225125,W78,2026-01-21
1636,438,2,225125,A98,2026-02-23
1637,2453,4,223505,A98,2026-01-11
1638,3731,1,225125,A98,2026-05-25
1639,453,1,225125,A98,2026-04-12
1640,1124,4,223505,X86,2026-06-10
1641,3609,1,225125,X86,2026-06-09
1642,1121,9,322230,A98,2026-01-27
1643,1097,5,223505,X86,2026-02-10
1644,1910,1,225125,T90,2026-03-26
1645,3780,5,223505,W78,2026-04-04
1646,3275,6,223208,D83,2026-04-03
1647,1035,7,223208,D83,2026-05-14
1648,3458,7,223208,D83,2026-04-05
1649,3171,2,225125,K86,2026-04-15
1650,1109,8,322230,A98,2026-03-08
1651,408,2,225125,K86,2026-03-06
1652,3875,5,223505,K86,2026-05-08
1653,4999,3,225125,W78,2026-04-29
1654,4087,3,225125,K86,2026-04-27
1655,4613,1,225125,T90,2026-05-21
1656,3805,9,322230,A98,2026-04-24
1657,798,1,225125,T90,2026-05-30
1658,3787,8,322230,A98,2026-01-31
1659,4687,5,223505,A98,2026-02-03
1660,206,4,223505,A98,2026-05-25
1661,287,9,322230,A98,2026-06-28
1662,4005,1,225125,A93,2026-01-10
1663,2378,2,225125,A98,2026-01-25
1664,3828,6,223208,D83,2026-05-04
1665,3848,2,225125,A98,2026-03-05
1666,532,2,225125,A98,2026-04-25
1667,390,5,223505,A98,2026-01-01
1668,1384,9,322230,A98,2026-03-03
1669,2271,1,225125,K86,2026-01-05
1670,3676,2,225125,K86,2026-03-26
1671,4305,1,225125,A98,2026-02-23
1672,4369,9,322230,A98,2026-05-24
1673,742,7,223208,D83,2026-06-25
1674,2405,1,225125,A98,2026-01-05
1675,3529,2,225125,X86,2026-03-18
1676,2693,1,225125,T90,2026-06-23
1677,1434,2,225125,K86,2026-03-06
1678,3401,1,225125,A98,2026-03-20
1679,2742,2,225125,A98,2026-02-27
1680,1786,5,223505,X86,2026-06-08
1681,2209,5,223505,T90,2026-03-05
1682,748,6,223208,D83,2026-02-23
1683,2519,2,225125,X86,2026-01-03
1684,2625,4,223505,A98,2026-03-20
1685,2160,8,322230,A98,2026-03-04
1686,3193,7,223208,D83,2026-02-16
1687,1691,8,322230,A98,2026-06-04
1688,813,5,223505,K86,2026-04-29
1689,323,7,223208,D83,2026-04-22
1690,554,9,322230,A98,2026-05-29
1691,4448,1,225125,W78,2026-04-01
1692,3035,8,322230,A98,2026-03-29
1693,3630,7,223208,D83,2026-05-15
1694,4112,4,223505,A98,2026-04-17
1695,1124,2,225125,K86,2026-06-25
1696,3675,1,225125,X86,2026-04-12
1697,2344,7,223208,D83,2026-05-16
1698,3001,2,225125,T90,2026-01-12
1699,3631,1,225125,X86,2026-06-08
1700,3970,2,225125,A98,2026-01-10
1701,1745,9,322230,A98,2026-02-15
1702,6,6,223208,D83,2026-04-05
1703,3592,9,322230,A98,2026-06-28
1704,409,5,223505,T90,2026-04-16
1705,819,5,223505,A98,2026-02-11
1706,2004,6,223208,D83,2026-02-10
1707,591,3,225125,T90,2026-02-27
1708,2813,2,225125,K86,2026-06-18
1709,1471,8,322230,A98,2026-03-15
1710,3548,2,225125,A98,2026-06-21
1711,3704,4,223505,W78,2026-03-07
1712,3286,1,225125,X86,2026-06-24
1713,2267,5,223505,A98,2026-03-13
1714,4497,2,225125,T90,2026-05-28
1715,3775,1,225125,A93,2026-06-11
1716,104,2,225125,T90,2026-04-29
1717,1195,8,322230,A98,2026-05-25
1718,1321,9,322230,A98,2026-06-23
1719,1629,3,225125,A98,2026-03-10
1720,1230,9,322230,A98,2026-01-30
1721,805,2,225125,T90,2026-06-04
1722,3015,9,322230,A98,2026-06-22
1723,4110,1,225125,T90,2026-05-22
1724,1667,7,223208,D83,2026-06-04
1725,3277,4,223505,X86,2026-02-03
1726,3546,7,223208,D83,2026-03-01
1727,1962,2,225125,A93,2026-01-21
1728,4079,2,225125,A93,2026-03-05
1729,2616,2,225125,W78,2026-06-12
1730,523,7,223208,D83,2026-05-09
1731,2138,8,322230,A98,2026-06-24
1732,3352,7,223208,D83,2026-05-16
1733,2815,7,223208,D83,2026-03-28
1734,2469,2,225125,T90,2026-01-05
1735,807,4,223505,X86,2026-02-15
1736,4593,2,225125,T90,2026-02-24
1737,3173,1,225125,A98,2026-05-11
1738,3637,2,225125,T90,2026-01-18
1739,3921,6,223208,D83,2026-05-20
1740,2744,3,225125,K86,2026-03-06
1741,541,5,223505,T90,2026-01-17
1742,311,3,225125,K86,2026-02-21
1743,2817,5,223505,T90,2026-06-14
1744,4925,5,223505,A93,2026-05-10
1745,458,8,322230,A98,2026-01-02
1746,1760,1,225125,A93,2026-04-27
1747,1003,2,225125,K86,2026-01-21
1748,2692,4,223505,X86,2026-03-18
1749,1706,1,225125,A98,2026-05-28
1750,8,9,322230,A98,2026-02-06
1751,1878,3,225125,T90,2026-05-24
1752,4516,1,225125,T90,2026-03-12
1753,1316,2,225125,A98,2026-02-12
1754,4108,5,223505,T90,2026-05-05
1755,2113,2,225125,W78,2026-01-30
1756,3822,8,322230,A98,2026-01-19
1757,1119,6,223208,D83,2026-06-21
1758,1908,1,225125,A93,2026-06-26
1759,4684,6,223208,D83,2026-04-05
1760,2406,7,223208,D83,2026-03-16
1761,3851,1,225125,A98,2026-04-04
1762,353,8,322230,A98,2026-01-31
1763,3834,6,223208,D83,2026-01-10
1764,609,5,223505,K86,2026-06-05
1765,4273,5,223505,A98,2026-06-18
1766,4792,2,225125,X86,2026-06-12
1767,3566,8,322230,A98,2026-03-29
1768,2238,2,225125,A98,2026-05-16
1769,3629,3,225125,A93,2026-02-21
1770,4037,4,223505,A98,2026-05-23
1771,1020,1,225125,K86,2026-05-23
1772,1293,1,225125,T90,2026-01-12
1773,4737,7,223208,D83,2026-01-20
1774,4662,4,223505,A93,2026-01-15
1775,490,2,225125,K86,2026-03-19
1776,4311,8,322230,A98,2026-02-26
1777,4764,7,223208,D83,2026-01-02
1778,1189,6,223208,D83,2026-02-01
1779,3930,1,225125,A98,2026-03-12
1780,1665,1,225125,A98,2026-02-04
1781,4782,2,225125,W78,2026-03-10
1782,1935,1,225125,A98,2026-02-04
1783,3305,8,322230,A98,2026-05-15
1784,891,3,225125,W78,2026-03-10
1785,824,1,225125,A98,2026-02-15
1786,1603,3,225125,K86,2026-03-29
1787,3752,7,223208,D83,2026-06-15
1788,4200,6,223208,D83,2026-03-24
1789,2746,6,223208,D83,2026-05-06
1790,2359,1,225125,A98,2026-05-10
1791,1208,4,223505,A93,2026-02-27
1792,2057,2,225125,T90,2026-03-25
1793,2225,7,223208,D83,2026-05-20
1794,4035,3,225125,A98,2026-03-06
1795,2335,1,225125,K86,2026-03-02
1796,3650,3,225125,A98,2026-05-02
1797,2102,2,225125,A93,2026-02-20
1798,144,4,223505,K86,2026-01-27
1799,3927,9,322230,A98,2026-03-15
1800,2793,6,223208,D83,2026-06-24
1801,4913,9,322230,A98,2026-01-22
1802,738,2,225125,K86,2026-01-16
1803,2634,5,223505,K86,2026-06-10
1804,4975,2,225125,K86,2026-05-22
1805,951,4,223505,T90,2026-04-19
1806,895,9,322230,A98,2026-01-22
1807,3286,2,225125,A93,2026-03-06
1808,2952,3,225125,A98,2026-04-07
1809,3551,2,225125,W78,2026-02-10
1810,2024,7,223208,D83,2026-06-13
1811,3249,7,223208,D83,2026-02-24
1812,3030,4,223505,T90,2026-06-01
1813,931,3,225125,A98,2026-03-20
1814,294,7,223208,D83,2026-01-30
1815,1796,7,223208,D83,2026-03-15
1816,775,2,225125,K86,2026-02-17
1817,1857,1,225125,A93,2026-01-09
1818,3370,4,223505,W78,2026-05-25
1819,1071,8,322230,A98,2026-04-15
1820,4942,1,225125,W78,2026-06-10
1821,1774,9,322230,A98,2026-03-26
1822,4768,3,225125,T90,2026-01-11
1823,2363,4,223505,X86,2026-03-02
1824,194,7,223208,D83,2026-06-22
1825,4945,7,223208,D83,2026-03-17
1826,4115,1,225125,X86,2026-05-14
1827,2603,6,223208,D83,2026-05-03
1828,4354,1,225125,A93,2026-03-23
1829,2891,3,225125,W78,2026-04-09
1830,3055,3,225125,A98,2026-01-05
1831,2900,1,225125,K86,2026-02-09
1832,3446,2,225125,K86,2026-03-09
1833,4618,6,223208,D83,2026-04-04
1834,2234,5,223505,A98,2026-06-15
1835,4721,7,223208,D83,2026-03-27
1836,1061,4,223505,A98,2026-06-13
1837,1820,2,225125,A98,2026-04-04
1838,2344,3,225125,X86,2026-04-14
1839,349,1,225125,K86,2026-01-19
1840,889,8,322230,A98,2026-03-11
1841,1448,8,322230,A98,2026-02-15
1842,3773,3,225125,K86,2026-06-26
1843,387,2,225125,T90,2026-06-13
1844,4565,2,225125,T90,2026-06-16
1845,1141,4,223505,A93,2026-02-11
1846,2972,4,223505,X86,2026-05-04
1847,1268,1,225125,X86,2026-01-06
1848,1342,7,223208,D83,2026-01-01
1849,4776,9,322230,A98,2026-05-14
1850,647,1,225125,A98,2026-03-17
1851,2014,9,322230,A98,2026-04-12
1852,3854,5,223505,A98,2026-02-04
1853,800,6,223208,D83,2026-04-02
1854,4574,9,322230,A98,2026-04-04
1855,4240,7,223208,D83,2026-05-02
1856,1247,7,223208,D83,2026-01-13
1857,2301,5,223505,K86,2026-02-19
1858,4852,2,225125,A98,2026-03-11
1859,3525,5,223505,K86,2026-01-01
1860,1433,7,223208,D83,2026-01-19
1861,4662,1,225125,W78,2026-02-23
1862,387,7,223208,D83,2026-05-29
1863,113,1,225125,X86,2026-04-15
1864,1127,2,225125,X86,2026-06-01
1865,3310,6,223208,D83,2026-02-14
1866,941,4,223505,K86,2026-01-03
1867,842,7,223208,D83,2026-01-28
1868,1809,5,223505,A93,2026-02-26
1869,3545,2,225125,A98,2026-05-04
1870,2301,1,225125,T90,2026-06-27
1871,1616,7,223208,D83,2026-03-15
1872,4069,4,223505,W78,2026-02-18
1873,3774,9,322230,A98,2026-05-19
1874,1551,7,223208,D83,2026-01-31
1875,3967,3,225125,X86,2026-05-09
1876,3831,5,223505,X86,2026-06-11
1877,4189,1,225125,A98,2026-04-04
1878,1520,1,225125,A98,2026-01-10
1879,4963,4,223505,A98,2026-01-11
1880,3983,4,223505,A98,2026-04-08
1881,3806,5,223505,A98,2026-06-02
1882,3945,9,322230,A98,2026-06-24
1883,3266,2,225125,A98,2026-05-11
1884,3239,6,223208,D83,2026-03-25
1885,4495,2,225125,A98,2026-05-16
1886,1418,8,322230,A98,2026-01-15
1887,2852,4,223505,A98,2026-01-04
1888,4762,1,225125,A98,2026-03-16
1889,4490,9,322230,A98,2026-02-06
1890,859,5,223505,A98,2026-04-18
1891,1112,1,225125,A93,2026-05-12
1892,507,2,225125,K86,2026-02-23
1893,2116,5,223505,X86,2026-02-20
1894,1745,9,322230,A98,2026-05-28
1895,143,4,223505,A98,2026-05-29
1896,2898,2,225125,W78,2026-04-10
1897,3055,6,223208,D83,2026-03-27
1898,3199,3,225125,K86,2026-05-08
1899,982,4,223505,A98,2026-02-23
1900,72,2,225125,T90,2026-02-22
1901,4756,4,223505,A98,2026-01-18
1902,4147,9,322230,A98,2026-02-22
1903,895,9,322230,A98,2026-06-22
1904,334,8,322230,A98,2026-06-01
1905,2943,1,225125,A98,2026-05-22
1906,1112,8,322230,A98,2026-03-16
1907,4139,3,225125,K86,2026-01-17
1908,4781,8,322230,A98,2026-04-17
1909,30,7,223208,D83,2026-04-27
1910,2424,3,225125,X86,2026-02-02
1911,1209,7,223208,D83,2026-03-12
1912,2855,6,223208,D83,2026-01-20
1913,3508,5,223505,X86,2026-01-03
1914,4180,5,223505,A93,2026-05-15
1915,973,2,225125,W78,2026-04-28
1916,4923,8,322230,A98,2026-06-18
1917,286,4,223505,T90,2026-05-18
1918,4276,1,225125,X86,2026-05-29
1919,1147,2,225125,W78,2026-03-22
1920,1740,9,322230,A98,2026-04-06
1921,4161,3,225125,W78,2026-03-28
1922,1426,3,225125,X86,2026-01-04
1923,2413,2,225125,K86,2026-01-18
1924,2933,4,223505,A98,2026-05-15
1925,4901,1,225125,K86,2026-04-16
1926,4585,7,223208,D83,2026-06-18
1927,1131,5,223505,A93,2026-02-16
1928,828,4,223505,T90,2026-06-29
1929,3011,1,225125,T90,2026-04-20
1930,1453,7,223208,D83,2026-04-01
1931,3129,9,322230,A98,2026-06-01
1932,248,8,322230,A98,2026-05-28
1933,1256,1,225125,A98,2026-06-19
1934,3158,5,223505,A98,2026-02-24
1935,1466,5,223505,W78,2026-02-11
1936,518,2,225125,X86,2026-06-01
1937,281,2,225125,A98,2026-05-06
1938,2848,1,225125,K86,2026-05-28
1939,1565,9,322230,A98,2026-02-10
1940,362,1,225125,W78,2026-01-15
1941,1867,2,225125,A98,2026-04-10
1942,1329,8,322230,A98,2026-05-19
1943,1737,9,322230,A98,2026-05-20
1944,155,4,223505,A98,2026-02-23
1945,3793,8,322230,A98,2026-02-07
1946,2182,1,225125,K86,2026-03-19
1947,4647,1,225125,W78,2026-01-07
1948,4502,4,223505,A98,2026-06-05
1949,4112,2,225125,A98,2026-05-29
1950,4947,9,322230,A98,2026-01-10
1951,438,1,225125,A98,2026-01-05
1952,3025,3,225125,A98,2026-02-16
1953,187,1,225125,K86,2026-04-23
1954,2649,8,322230,A98,2026-03-11
1955,1333,2,225125,X86,2026-04-09
1956,1933,3,225125,X86,2026-04-17
1957,96,8,322230,A98,2026-03-26
1958,502,2,225125,K86,2026-03-26
1959,97,6,223208,D83,2026-03-01
1960,4957,5,223505,A93,2026-05-26
1961,4329,2,225125,A98,2026-05-15
1962,3466,2,225125,K86,2026-04-23
1963,30,1,225125,A98,2026-04-14
1964,2878,2,225125,K86,2026-05-01
1965,4353,9,322230,A98,2026-03-05
1966,4191,2,225125,K86,2026-05-29
1967,1511,7,223208,D83,2026-06-22
1968,2725,2,225125,A93,2026-04-29
1969,601,8,322230,A98,2026-03-02
1970,505,5,223505,K86,2026-04-28
1971,1385,8,322230,A98,2026-04-13
1972,2535,1,225125,A98,2026-05-13
1973,3449,7,223208,D83,2026-06-05
1974,4598,2,225125,K86,2026-03-10
1975,521,8,322230,A98,2026-01-27
1976,3553,1,225125,A98,2026-05-11
1977,4440,5,223505,T90,2026-06-08
1978,1925,1,225125,A98,2026-02-02
1979,4469,1,225125,W78,2026-01-04
1980,1463,7,223208,D83,2026-04-09
1981,4194,1,225125,A98,2026-05-15
1982,3003,1,225125,T90,2026-06-16
1983,51,6,223208,D83,2026-01-03
1984,1844,8,322230,A98,2026-06-08
1985,2846,1,225125,A98,2026-03-22
1986,2051,4,223505,A93,2026-01-05
1987,3953,3,225125,X86,2026-01-12
1988,3304,6,223208,D83,2026-01-23
1989,4531,9,322230,A98,2026-05-24
1990,1104,9,322230,A98,2026-06-22
1991,1676,5,223505,A98,2026-03-02
1992,2327,3,225125,A93,2026-06-25
1993,1486,8,322230,A98,2026-04-07
1994,3958,2,225125,K86,2026-05-30
1995,3967,8,322230,A98,2026-01-06
1996,1467,1,225125,K86,2026-01-25
1997,3901,6,223208,D83,2026-02-20
1998,4751,1,225125,A98,2026-01-13
1999,1523,2,225125,A98,2026-03-21
2000,3034,8,322230,A98,2026-05-18
2001,3431,1,225125,A93,2026-02-04
2002,1245,4,223505,A98,2026-02-11
2003,4296,4,223505,A98,2026-01-19
2004,4735,1,225125,K86,2026-01-17
2005,4668,1,225125,A98,2026-03-03
2006,578,2,225125,A93,2026-03-31
2007,1765,1,225125,A93,2026-06-07
2008,55,8,322230,A98,2026-01-23
2009,2797,6,223208,D83,2026-02-07
2010,1658,8,322230,A98,2026-06-11
2011,1969,3,225125,A98,2026-06-07
2012,2404,5,223505,A98,2026-06-06
2013,1622,5,223505,A98,2026-04-16
2014,53,2,225125,K86,2026-05-02
2015,4819,2,225125,X86,2026-05-03
2016,348,5,223505,W78,2026-04-19
2017,883,2,225125,A93,2026-04-19
2018,4940,1,225125,W78,2026-02-03
2019,1883,7,223208,D83,2026-01-03
2020,884,4,223505,X86,2026-04-04
2021,2947,1,225125,K86,2026-06-12
2022,888,8,322230,A98,2026-06-23
2023,1467,5,223505,A93,2026-04-17
2024,699,2,225125,A93,2026-05-19
2025,2257,3,225125,T90,2026-05-20
2026,3697,9,322230,A98,2026-01-03
2027,1795,8,322230,A98,2026-03-30
2028,2010,3,225125,A98,2026-03-24
2029,1693,2,225125,A98,2026-05-27
2030,4457,2,225125,T90,2026-03-01
2031,455,1,225125,T90,2026-05-22
2032,1,2,225125,X86,2026-02-21
2033,4758,4,223505,T90,2026-04-14
2034,682,8,322230,A98,2026-05-02
2035,1011,7,223208,D83,2026-06-27
2036,569,1,225125,A98,2026-03-08
2037,3024,4,223505,A93,2026-06-20
2038,295,7,223208,D83,2026-04-29
2039,1214,2,225125,K86,2026-03-07
2040,203,8,322230,A98,2026-05-30
2041,830,6,223208,D83,2026-01-10
2042,1550,4,223505,A98,2026-04-04
2043,3687,8,322230,A98,2026-04-05
2044,138,3,225125,A93,2026-02-11
2045,652,9,322230,A98,2026-05-17
2046,4119,1,225125,A98,2026-01-25
2047,2116,9,322230,A98,2026-06-23
2048,2482,3,225125,T90,2026-04-28
2049,3884,8,322230,A98,2026-04-01
2050,2683,6,223208,D83,2026-05-27
2051,565,5,223505,K86,2026-06-08
2052,4720,8,322230,A98,2026-06-28
2053,1029,7,223208,D83,2026-06-12
2054,3568,1,225125,A98,2026-04-27
2055,580,5,223505,K86,2026-02-03
2056,3803,1,225125,K86,2026-05-28
2057,3707,7,223208,D83,2026-01-16
2058,1704,5,223505,A98,2026-04-21
2059,3834,5,223505,K86,2026-05-20
2060,1890,8,322230,A98,2026-02-13
2061,1221,9,322230,A98,2026-05-15
2062,3590,1,225125,K86,2026-05-16
2063,1089,1,225125,A98,2026-05-16
2064,1517,4,223505,A93,2026-03-16
2065,950,2,225125,A93,2026-03-22
2066,3953,7,223208,D83,2026-05-07
2067,797,7,223208,D83,2026-05-12
2068,2186,8,322230,A98,2026-01-16
2069,723,2,225125,X86,2026-02-05
2070,88,1,225125,K86,2026-03-14
2071,3489,5,223505,A98,2026-02-27
2072,986,5,223505,A93,2026-05-30
2073,3735,5,223505,W78,2026-01-07
2074,4537,6,223208,D83,2026-05-01
2075,3101,1,225125,A98,2026-03-07
2076,717,3,225125,A98,2026-01-28
2077,3250,7,223208,D83,2026-05-12
2078,3833,2,225125,A93,2026-01-18
2079,255,1,225125,A98,2026-04-04
2080,2607,6,223208,D83,2026-02-13
2081,3917,1,225125,A98,2026-02-04
2082,3541,2,225125,A93,2026-01-18
2083,3812,2,225125,A93,2026-02-05
2084,4867,6,223208,D83,2026-01-16
2085,4375,2,225125,X86,2026-01-08
2086,2014,6,223208,D83,2026-01-07
2087,3455,5,223505,A98,2026-01-04
2088,1662,7,223208,D83,2026-06-27
2089,2945,8,322230,A98,2026-05-02
2090,356,5,223505,A98,2026-06-18
2091,4468,6,223208,D83,2026-03-21
2092,3653,2,225125,K86,2026-04-11
2093,818,8,322230,A98,2026-05-15
2094,3051,4,223505,K86,2026-02-28
2095,580,2,225125,A98,2026-05-20
2096,299,1,225125,K86,2026-05-12
2097,746,3,225125,A98,2026-06-22
2098,1935,5,223505,X86,2026-03-03
2099,597,7,223208,D83,2026-06-10
2100,2637,2,225125,A98,2026-06-07
2101,3996,8,322230,A98,2026-03-26
2102,3640,8,322230,A98,2026-02-14
2103,2964,3,225125,T90,2026-02-11
2104,4959,7,223208,D83,2026-01-30
2105,1848,2,225125,A98,2026-01-13
2106,469,4,223505,A93,2026-01-11
2107,4780,2,225125,K86,2026-06-16
2108,405,1,225125,A98,2026-03-19
2109,1074,2,225125,A98,2026-02-04
2110,4761,6,223208,D83,2026-05-11
2111,2793,7,223208,D83,2026-04-20
2112,3572,6,223208,D83,2026-03-17
2113,1430,6,223208,D83,2026-01-09
2114,3267,1,225125,W78,2026-04-20
2115,4076,8,322230,A98,2026-02-14
2116,592,8,322230,A98,2026-06-27
2117,158,2,225125,W78,2026-04-27
2118,3406,5,223505,A98,2026-06-21
2119,1047,5,223505,A98,2026-03-26
2120,3249,9,322230,A98,2026-03-31
2121,599,5,223505,A98,2026-01-09
2122,3165,4,223505,K86,2026-02-26
2123,4395,5,223505,K86,2026-01-19
2124,1999,8,322230,A98,2026-01-19
2125,3877,8,322230,A98,2026-03-08
2126,3372,5,223505,X86,2026-03-31
2127,4960,6,223208,D83,2026-06-11
2128,993,2,225125,X86,2026-02-16
2129,938,9,322230,A98,2026-02-04
2130,2870,1,225125,W78,2026-04-10
2131,2622,5,223505,X86,2026-03-12
2132,4834,9,322230,A98,2026-06-07
2133,4986,6,223208,D83,2026-04-20
2134,2559,2,225125,K86,2026-06-07
2135,740,2,225125,K86,2026-03-17
2136,1952,1,225125,K86,2026-03-13
2137,4012,4,223505,A98,2026-03-15
2138,3104,7,223208,D83,2026-03-11
2139,604,5,223505,K86,2026-04-24
2140,3642,6,223208,D83,2026-01-28
2141,2951,5,223505,A93,2026-04-30
2142,2861,3,225125,A98,2026-03-18
2143,2534,2,225125,T90,2026-04-03
2144,4544,4,223505,A98,2026-02-15
2145,1145,7,223208,D83,2026-01-09
2146,3642,5,223505,A98,2026-06-12
2147,2264,9,322230,A98,2026-05-14
2148,1800,5,223505,A98,2026-06-16
2149,4132,3,225125,X86,2026-06-16
2150,273,1,225125,A98,2026-05-05
2151,730,3,225125,W78,2026-05-24
2152,1427,5,223505,A98,2026-05-16
2153,3549,2,225125,W78,2026-02-04
2154,3088,2,225125,A98,2026-04-02
2155,4646,5,223505,K86,2026-01-02
2156,1443,1,225125,A98,2026-06-20
2157,1885,7,223208,D83,2026-03-01
2158,511,1,225125,W78,2026-01-11
2159,4405,2,225125,A98,2026-05-18
2160,4655,6,223208,D83,2026-04-26
2161,2156,4,223505,K86,2026-06-19
2162,81,6,223208,D83,2026-06-12
2163,2463,5,223505,W78,2026-02-27
2164,2868,2,225125,A98,2026-01-12
2165,1115,6,223208,D83,2026-01-10
2166,466,6,223208,D83,2026-05-17
2167,635,4,223505,K86,2026-03-06
2168,1065,2,225125,X86,2026-03-21
2169,4387,4,223505,A98,2026-06-01
2170,924,1,225125,A98,2026-06-24
2171,3298,9,322230,A98,2026-05-11
2172,510,8,322230,A98,2026-03-04
2173,3948,9,322230,A98,2026-05-03
2174,1742,6,223208,D83,2026-01-19
2175,3790,1,225125,K86,2026-06-27
2176,1741,9,322230,A98,2026-04-06
2177,2808,2,225125,T90,2026-04-19
2178,501,3,225125,K86,2026-02-04
2179,4486,3,225125,K86,2026-06-27
2180,627,1,225125,A98,2026-06-28
2181,1434,5,223505,A98,2026-06-27
2182,2724,6,223208,D83,2026-05-29
2183,259,8,322230,A98,2026-04-12
2184,559,7,223208,D83,2026-04-28
2185,4380,4,223505,T90,2026-06-01
2186,4899,6,223208,D83,2026-05-19
2187,899,7,223208,D83,2026-01-03
2188,3764,6,223208,D83,2026-05-27
2189,1764,8,322230,A98,2026-03-28
2190,1961,3,225125,W78,2026-06-06
2191,4145,4,223505,K86,2026-05-26
2192,3502,3,225125,A98,2026-01-26
2193,4934,6,223208,D83,2026-03-04
2194,709,7,223208,D83,2026-04-02
2195,1955,2,225125,X86,2026-02-17
2196,3013,8,322230,A98,2026-01-09
2197,1805,2,225125,A98,2026-01-28
2198,3289,3,225125,K86,2026-06-25
2199,2615,2,225125,A98,2026-05-30
2200,533,7,223208,D83,2026-05-08
2201,2030,4,223505,X86,2026-04-05
2202,3241,4,223505,A98,2026-04-10
2203,2165,9,322230,A98,2026-05-07
2204,3526,7,223208,D83,2026-03-26
2205,2589,2,225125,W78,2026-06-22
2206,3124,2,225125,K86,2026-05-05
2207,1606,6,223208,D83,2026-06-13
2208,4400,9,322230,A98,2026-02-03
2209,2877,4,223505,A93,2026-02-20
2210,1893,2,225125,T90,2026-06-12
2211,1545,9,322230,A98,2026-03-04
2212,1703,4,223505,A98,2026-02-21
2213,4001,6,223208,D83,2026-04-16
2214,1237,6,223208,D83,2026-03-26
2215,121,1,225125,K86,2026-04-22
2216,2755,8,322230,A98,2026-03-03
2217,1646,1,225125,A93,2026-01-27
2218,2031,3,225125,W78,2026-05-09
2219,3700,2,225125,A98,2026-03-21
2220,3445,9,322230,A98,2026-06-03
2221,293,6,223208,D83,2026-02-15
2222,744,2,225125,A98,2026-02-24
2223,3065,6,223208,D83,2026-04-25
2224,4138,6,223208,D83,2026-01-01
2225,3116,2,225125,K86,2026-06-18
2226,1806,1,225125,T90,2026-05-03
2227,3042,2,225125,A98,2026-02-03
2228,4737,2,225125,T90,2026-03-08
2229,1893,7,223208,D83,2026-03-26
2230,637,6,223208,D83,2026-04-10
2231,2500,4,223505,T90,2026-01-14
2232,1035,3,225125,A98,2026-02-23
2233,110,1,225125,A98,2026-04-26
2234,3656,9,322230,A98,2026-06-05
2235,2008,9,322230,A98,2026-06-15
2236,1199,1,225125,A98,2026-02-20
2237,4221,5,223505,W78,2026-05-12
2238,1846,3,225125,K86,2026-05-11
2239,4256,6,223208,D83,2026-03-01
2240,3467,1,225125,T90,2026-04-23
2241,738,1,225125,K86,2026-04-02
2242,4771,6,223208,D83,2026-04-21
2243,4744,1,225125,A98,2026-06-15
2244,3,4,223505,K86,2026-01-02
2245,3294,7,223208,D83,2026-05-22
2246,4488,2,225125,A98,2026-03-17
2247,2768,1,225125,A98,2026-06-20
2248,4489,8,322230,A98,2026-01-16
2249,684,4,223505,K86,2026-05-24
2250,898,9,322230,A98,2026-02-03
2251,763,3,225125,A98,2026-03-17
2252,562,7,223208,D83,2026-02-02
2253,423,9,322230,A98,2026-02-17
2254,1812,1,225125,A98,2026-03-09
2255,2279,1,225125,A98,2026-02-28
2256,1746,8,322230,A98,2026-03-01
2257,2526,8,322230,A98,2026-02-07
2258,3787,9,322230,A98,2026-03-27
2259,4239,6,223208,D83,2026-05-27
2260,1912,6,223208,D83,2026-05-28
2261,4198,1,225125,A98,2026-01-28
2262,1468,7,223208,D83,2026-01-09
2263,1908,6,223208,D83,2026-05-23
2264,2291,2,225125,T90,2026-04-10
2265,1263,2,225125,K86,2026-02-26
2266,658,5,223505,W78,2026-06-16
2267,4055,9,322230,A98,2026-02-12
2268,1824,3,225125,W78,2026-04-14
2269,1110,3,225125,A93,2026-06-24
2270,2143,8,322230,A98,2026-01-17
2271,1348,2,225125,X86,2026-06-16
2272,3453,2,225125,W78,2026-05-12
2273,3247,6,223208,D83,2026-04-02
2274,4229,8,322230,A98,2026-01-07
2275,2136,3,225125,A98,2026-04-01
2276,2501,4,223505,A98,2026-01-18
2277,2036,8,322230,A98,2026-03-12
2278,2537,2,225125,K86,2026-05-11
2279,4574,3,225125,W78,2026-02-06
2280,2363,3,225125,W78,2026-03-02
2281,3830,8,322230,A98,2026-06-02
2282,4310,5,223505,T90,2026-02-17
2283,252,9,322230,A98,2026-02-09
2284,4504,5,223505,A98,2026-01-05
2285,4376,2,225125,A98,2026-03-11
2286,1364,2,225125,W78,2026-03-13
2287,4481,2,225125,K86,2026-05-05
2288,4025,4,223505,T90,2026-02-23
2289,1985,2,225125,K86,2026-06-21
2290,2260,1,225125,A93,2026-01-05
2291,3700,2,225125,A93,2026-05-14
2292,59,9,322230,A98,2026-06-14
2293,4794,7,223208,D83,2026-06-06
2294,2281,5,223505,W78,2026-04-24
2295,580,2,225125,T90,2026-04-16
2296,1489,1,225125,T90,2026-01-22
2297,727,5,223505,A98,2026-03-31
2298,4130,2,225125,A98,2026-06-28
2299,3948,4,223505,A98,2026-06-20
2300,2845,1,225125,W78,2026-05-10
2301,233,3,225125,K86,2026-03-04
2302,1018,5,223505,K86,2026-01-21
2303,240,5,223505,A98,2026-06-09
2304,3334,1,225125,W78,2026-05-09
2305,1911,8,322230,A98,2026-04-11
2306,993,7,223208,D83,2026-05-22
2307,703,1,225125,T90,2026-02-28
2308,2365,1,225125,T90,2026-05-10
2309,790,1,225125,A98,2026-04-07
2310,4759,1,225125,W78,2026-03-25
2311,3116,2,225125,T90,2026-02-22
2312,4911,1,225125,A93,2026-06-20
2313,2538,7,223208,D83,2026-03-09
2314,2181,1,225125,A98,2026-03-21
2315,2953,2,225125,K86,2026-01-22
2316,982,1,225125,X86,2026-01-18
2317,1773,5,223505,A98,2026-04-27
2318,2488,1,225125,A98,2026-03-03
2319,2902,1,225125,X86,2026-04-19
2320,827,8,322230,A98,2026-05-04
2321,3708,1,225125,A98,2026-02-11
2322,2972,5,223505,A98,2026-03-08
2323,814,1,225125,A98,2026-02-02
2324,1209,9,322230,A98,2026-01-05
2325,509,3,225125,K86,2026-05-30
2326,884,2,225125,X86,2026-06-21
2327,4280,8,322230,A98,2026-02-24
2328,1035,2,225125,W78,2026-03-19
2329,537,5,223505,A98,2026-05-03
2330,4239,2,225125,W78,2026-05-12
2331,4967,1,225125,W78,2026-06-13
2332,4350,2,225125,W78,2026-01-01
2333,2386,9,322230,A98,2026-03-03
2334,2258,2,225125,K86,2026-06-21
2335,2299,4,223505,A98,2026-05-21
2336,3598,8,322230,A98,2026-05-29
2337,4299,7,223208,D83,2026-05-19
2338,2958,6,223208,D83,2026-06-12
2339,1233,8,322230,A98,2026-05-05
2340,2712,6,223208,D83,2026-05-29
2341,2577,8,322230,A98,2026-02-26
2342,4504,7,223208,D83,2026-01-30
2343,3345,3,225125,K86,2026-05-18
2344,355,7,223208,D83,2026-02-16
2345,3523,1,225125,K86,2026-06-27
2346,460,3,225125,A93,2026-04-02
2347,3151,2,225125,W78,2026-04-02
2348,2272,2,225125,T90,2026-01-12
2349,3417,2,225125,X86,2026-04-11
2350,2834,1,225125,A98,2026-04-13
2351,4271,9,322230,A98,2026-03-26
2352,1448,3,225125,A98,2026-01-20
2353,4109,2,225125,A98,2026-03-21
2354,553,6,223208,D83,2026-02-27
2355,434,3,225125,A93,2026-06-07
2356,57,4,223505,A93,2026-01-11
2357,4022,9,322230,A98,2026-01-27
2358,3930,4,223505,T90,2026-02-21
2359,3560,8,322230,A98,2026-06-07
2360,2394,8,322230,A98,2026-02-27
2361,4135,7,223208,D83,2026-06-02
2362,2320,4,223505,A98,2026-04-13
2363,573,3,225125,W78,2026-05-25
2364,1516,6,223208,D83,2026-02-01
2365,4132,8,322230,A98,2026-03-28
2366,2173,6,223208,D83,2026-01-07
2367,1624,1,225125,T90,2026-01-23
2368,2991,8,322230,A98,2026-05-21
2369,4719,2,225125,W78,2026-06-25
2370,826,5,223505,W78,2026-01-17
2371,1617,9,322230,A98,2026-04-20
2372,4035,9,322230,A98,2026-01-04
2373,2459,8,322230,A98,2026-06-07
2374,2381,5,223505,K86,2026-02-14
2375,1068,5,223505,A98,2026-04-02
2376,552,8,322230,A98,2026-05-01
2377,3022,8,322230,A98,2026-02-05
2378,3468,1,225125,X86,2026-05-05
2379,4680,8,322230,A98,2026-03-09
2380,2804,4,223505,K86,2026-01-06
2381,2162,2,225125,A98,2026-06-02
2382,2431,5,223505,K86,2026-01-25
2383,852,6,223208,D83,2026-05-24
2384,2389,5,223505,K86,2026-02-19
2385,3307,4,223505,W78,2026-03-20
2386,806,1,225125,A98,2026-01-26
2387,705,3,225125,T90,2026-01-07
2388,2539,1,225125,A98,2026-03-24
2389,2472,5,223505,X86,2026-05-31
2390,4559,9,322230,A98,2026-05-21
2391,3585,8,322230,A98,2026-05-04
2392,4563,6,223208,D83,2026-03-07
2393,2828,5,223505,A93,2026-04-06
2394,4388,4,223505,A98,2026-04-30
2395,4551,2,225125,A98,2026-01-24
2396,2048,4,223505,A93,2026-05-14
2397,644,2,225125,A98,2026-01-09
2398,947,8,322230,A98,2026-03-18
2399,4330,7,223208,D83,2026-04-27
2400,340,1,225125,A93,2026-05-30
2401,4081,5,223505,K86,2026-06-19
2402,3061,1,225125,K86,2026-02-04
2403,2446,6,223208,D83,2026-04-12
2404,2646,3,225125,A98,2026-05-25
2405,4986,1,225125,A93,2026-05-23
2406,2015,1,225125,K86,2026-06-13
2407,3926,3,225125,A98,2026-02-23
2408,4955,7,223208,D83,2026-01-31
2409,4784,5,223505,A98,2026-06-22
2410,581,1,225125,T90,2026-05-02
2411,3504,8,322230,A98,2026-04-12
2412,4176,1,225125,A93,2026-04-10
2413,569,9,322230,A98,2026-05-20
2414,3017,8,322230,A98,2026-04-20
2415,3977,5,223505,W78,2026-05-03
2416,1635,4,223505,K86,2026-05-27
2417,1687,2,225125,K86,2026-06-28
2418,1158,8,322230,A98,2026-03-15
2419,3850,3,225125,A98,2026-02-02
2420,644,1,225125,K86,2026-02-17
2421,987,1,225125,W78,2026-05-31
2422,2581,8,322230,A98,2026-04-08
2423,285,1,225125,T90,2026-01-24
2424,3569,2,225125,A98,2026-04-11
2425,241,5,223505,A98,2026-06-10
2426,3189,4,223505,X86,2026-05-16
2427,1779,1,225125,K86,2026-05-30
2428,609,8,322230,A98,2026-02-15
2429,4366,5,223505,K86,2026-06-27
2430,508,2,225125,K86,2026-02-10
2431,3512,9,322230,A98,2026-06-25
2432,1654,7,223208,D83,2026-06-27
2433,3930,1,225125,T90,2026-06-29
2434,628,2,225125,W78,2026-04-30
2435,573,3,225125,K86,2026-01-21
2436,958,8,322230,A98,2026-06-21
2437,4197,3,225125,A98,2026-02-10
2438,4728,1,225125,T90,2026-05-01
2439,1606,4,223505,T90,2026-05-30
2440,2654,7,223208,D83,2026-04-24
2441,3346,2,225125,X86,2026-01-06
2442,2648,7,223208,D83,2026-01-29
2443,3896,1,225125,A98,2026-06-05
2444,471,2,225125,A98,2026-05-31
2445,797,3,225125,K86,2026-06-14
2446,379,5,223505,K86,2026-02-09
2447,4948,4,223505,K86,2026-03-21
2448,3763,2,225125,A98,2026-04-07
2449,1410,5,223505,A98,2026-05-25
2450,2741,2,225125,A98,2026-06-25
2451,4654,8,322230,A98,2026-01-07
2452,4655,2,225125,A98,2026-04-05
2453,1374,5,223505,A98,2026-03-07
2454,1458,9,322230,A98,2026-02-26
2455,1034,8,322230,A98,2026-02-28
2456,1636,1,225125,K86,2026-03-22
2457,2337,5,223505,T90,2026-03-18
2458,4232,8,322230,A98,2026-02-14
2459,20,8,322230,A98,2026-06-28
2460,4997,4,223505,A93,2026-02-06
2461,747,2,225125,A98,2026-04-26
2462,802,3,225125,T90,2026-01-25
2463,4357,9,322230,A98,2026-06-06
2464,399,1,225125,K86,2026-04-27
2465,802,7,223208,D83,2026-01-15
2466,4510,3,225125,A93,2026-02-10
2467,1125,2,225125,A93,2026-03-26
2468,3658,6,223208,D83,2026-02-02
2469,646,6,223208,D83,2026-04-14
2470,4286,2,225125,X86,2026-01-10
2471,4450,4,223505,K86,2026-03-09
2472,1710,6,223208,D83,2026-05-03
2473,3308,4,223505,A93,2026-04-30
2474,4995,9,322230,A98,2026-05-24
2475,2102,3,225125,T90,2026-03-25
2476,613,7,223208,D83,2026-03-10
2477,1037,4,223505,A98,2026-05-10
2478,4590,1,225125,T90,2026-04-26
2479,2877,8,322230,A98,2026-06-02
2480,636,2,225125,A98,2026-02-26
2481,2727,1,225125,K86,2026-02-13
2482,2653,7,223208,D83,2026-01-28
2483,3096,2,225125,K86,2026-06-12
2484,779,9,322230,A98,2026-03-24
2485,2823,1,225125,A98,2026-01-25
2486,18,3,225125,K86,2026-05-29
2487,3525,8,322230,A98,2026-01-02
2488,2976,8,322230,A98,2026-04-22
2489,1959,2,225125,A98,2026-05-17
2490,4996,2,225125,K86,2026-05-18
2491,4949,1,225125,T90,2026-02-24
2492,4334,2,225125,W78,2026-03-17
2493,944,2,225125,A98,2026-03-12
2494,117,1,225125,T90,2026-02-24
2495,1388,7,223208,D83,2026-03-08
2496,2997,9,322230,A98,2026-06-11
2497,2677,2,225125,X86,2026-06-28
2498,248,3,225125,A98,2026-01-17
2499,2894,9,322230,A98,2026-06-15
2500,1327,7,223208,D83,2026-01-04
2501,1277,5,223505,W78,2026-04-27
2502,2542,2,225125,K86,2026-06-25
2503,4109,2,225125,W78,2026-06-03
2504,2210,8,322230,A98,2026-05-05
2505,1817,1,225125,X86,2026-02-08
2506,1136,6,223208,D83,2026-01-04
2507,4780,7,223208,D83,2026-04-04
2508,2188,4,223505,W78,2026-02-19
2509,3294,6,223208,D83,2026-04-10
2510,430,2,225125,A98,2026-01-07
2511,2840,6,223208,D83,2026-02-25
2512,3809,6,223208,D83,2026-06-05
2513,339,2,225125,K86,2026-03-05
2514,4207,2,225125,A98,2026-01-10
2515,1100,3,225125,A93,2026-06-07
2516,3965,7,223208,D83,2026-03-11
2517,3312,6,223208,D83,2026-06-01
2518,375,1,225125,K86,2026-03-15
2519,2961,4,223505,T90,2026-04-05
2520,2194,1,225125,K86,2026-05-15
2521,123,2,225125,A98,2026-04-12
2522,751,9,322230,A98,2026-03-28
2523,545,6,223208,D83,2026-03-06
2524,1593,3,225125,A98,2026-06-03
2525,4543,9,322230,A98,2026-05-23
2526,1013,1,225125,W78,2026-02-21
2527,1954,7,223208,D83,2026-04-10
2528,2172,3,225125,A98,2026-01-14
2529,3603,7,223208,D83,2026-03-28
2530,1911,9,322230,A98,2026-06-24
2531,4746,5,223505,T90,2026-02-28
2532,1754,7,223208,D83,2026-01-08
2533,2608,1,225125,K86,2026-04-03
2534,3361,8,322230,A98,2026-06-01
2535,2139,3,225125,T90,2026-04-09
2536,3933,1,225125,T90,2026-04-15
2537,4662,1,225125,K86,2026-01-11
2538,432,1,225125,T90,2026-01-19
2539,1601,9,322230,A98,2026-03-24
2540,1568,8,322230,A98,2026-02-19
2541,1079,2,225125,A98,2026-04-27
2542,2388,4,223505,A93,2026-02-08
2543,4831,2,225125,A93,2026-06-20
2544,3480,2,225125,T90,2026-05-12
2545,4070,5,223505,W78,2026-02-27
2546,4340,2,225125,A98,2026-03-06
2547,1825,5,223505,A98,2026-02-16
2548,3060,9,322230,A98,2026-04-08
2549,5,5,223505,K86,2026-01-19
2550,2281,1,225125,K86,2026-03-12
2551,1932,4,223505,K86,2026-02-16
2552,2798,7,223208,D83,2026-06-18
2553,3849,2,225125,A98,2026-06-28
2554,2344,1,225125,W78,2026-02-08
2555,3439,6,223208,D83,2026-06-09
2556,2280,7,223208,D83,2026-04-16
2557,3992,3,225125,A98,2026-04-16
2558,869,2,225125,A98,2026-01-24
2559,3049,5,223505,A98,2026-03-15
2560,419,8,322230,A98,2026-03-05
2561,1421,1,225125,K86,2026-03-28
2562,2712,1,225125,A98,2026-06-07
2563,4688,6,223208,D83,2026-06-26
2564,590,6,223208,D83,2026-04-08
2565,2395,6,223208,D83,2026-05-04
2566,1181,1,225125,K86,2026-04-05
2567,4514,5,223505,K86,2026-02-25
2568,4622,4,223505,A93,2026-06-13
2569,1122,9,322230,A98,2026-05-16
2570,2237,1,225125,A98,2026-04-12
2571,3864,7,223208,D83,2026-03-03
2572,3765,3,225125,X86,2026-03-20
2573,4189,5,223505,T90,2026-05-25
2574,4974,5,223505,A98,2026-05-25
2575,678,8,322230,A98,2026-03-02
2576,980,5,223505,T90,2026-05-17
2577,3448,2,225125,A98,2026-02-12
2578,3231,8,322230,A98,2026-03-07
2579,1643,7,223208,D83,2026-04-08
2580,1746,5,223505,A98,2026-02-16
2581,4003,4,223505,K86,2026-01-26
2582,2820,3,225125,T90,2026-02-15
2583,277,1,225125,X86,2026-01-31
2584,3352,6,223208,D83,2026-05-12
2585,2422,6,223208,D83,2026-05-19
2586,4012,1,225125,K86,2026-05-01
2587,2841,8,322230,A98,2026-03-28
2588,1187,4,223505,T90,2026-03-23
2589,610,4,223505,X86,2026-04-26
2590,570,5,223505,W78,2026-03-19
2591,288,1,225125,T90,2026-04-02
2592,715,1,225125,W78,2026-05-27
2593,3188,2,225125,A98,2026-03-19
2594,3365,8,322230,A98,2026-05-17
2595,1288,6,223208,D83,2026-03-15
2596,1631,3,225125,K86,2026-01-10
2597,3401,1,225125,A93,2026-05-04
2598,4912,6,223208,D83,2026-03-18
2599,1416,1,225125,A98,2026-05-05
2600,4053,2,225125,A98,2026-01-18
2601,963,2,225125,A98,2026-05-11
2602,2543,3,225125,X86,2026-06-01
2603,4170,9,322230,A98,2026-03-30
2604,3708,3,225125,K86,2026-03-24
2605,4851,2,225125,A98,2026-02-21
2606,2691,1,225125,K86,2026-06-17
2607,1136,5,223505,A98,2026-04-10
2608,4918,6,223208,D83,2026-01-19
2609,3765,3,225125,A98,2026-02-20
2610,1541,1,225125,W78,2026-04-29
2611,2921,4,223505,A98,2026-05-08
2612,2125,9,322230,A98,2026-05-01
2613,3251,1,225125,A98,2026-01-22
2614,2261,2,225125,A98,2026-05-02
2615,917,2,225125,X86,2026-02-23
2616,3000,6,223208,D83,2026-01-30
2617,4049,2,225125,A93,2026-06-13
2618,2380,2,225125,A98,2026-04-07
2619,128,9,322230,A98,2026-03-27
2620,1670,4,223505,A93,2026-04-30
2621,4881,2,225125,K86,2026-05-14
2622,2988,1,225125,A98,2026-02-15
2623,1409,2,225125,A98,2026-04-16
2624,459,9,322230,A98,2026-01-16
2625,1105,1,225125,A98,2026-03-29
2626,1996,1,225125,A93,2026-01-24
2627,4450,2,225125,A93,2026-01-24
2628,305,7,223208,D83,2026-03-27
2629,2414,1,225125,A98,2026-02-22
2630,2393,3,225125,K86,2026-05-17
2631,555,7,223208,D83,2026-06-05
2632,2022,7,223208,D83,2026-05-19
2633,4336,7,223208,D83,2026-01-14
2634,1301,6,223208,D83,2026-05-23
2635,4977,2,225125,K86,2026-03-04
2636,1325,6,223208,D83,2026-06-11
2637,608,3,225125,K86,2026-06-02
2638,2035,1,225125,X86,2026-02-01
2639,2091,7,223208,D83,2026-05-02
2640,700,2,225125,A98,2026-06-29
2641,3528,3,225125,W78,2026-06-29
2642,2507,1,225125,A98,2026-05-08
2643,3168,6,223208,D83,2026-04-04
2644,4628,9,322230,A98,2026-06-22
2645,124,2,225125,K86,2026-01-01
2646,3194,8,322230,A98,2026-03-25
2647,1290,1,225125,A98,2026-02-07
2648,4706,2,225125,T90,2026-04-29
2649,2651,6,223208,D83,2026-01-24
2650,2374,2,225125,W78,2026-02-07
2651,4192,2,225125,A98,2026-03-16
2652,2410,2,225125,A98,2026-04-15
2653,655,2,225125,W78,2026-03-25
2654,1903,1,225125,X86,2026-01-09
2655,2708,7,223208,D83,2026-01-09
2656,4377,9,322230,A98,2026-01-20
2657,2330,2,225125,K86,2026-06-20
2658,2329,4,223505,A98,2026-02-22
2659,4341,3,225125,X86,2026-04-16
2660,2229,5,223505,A98,2026-06-17
2661,215,1,225125,X86,2026-03-13
2662,3970,2,225125,W78,2026-04-20
2663,605,7,223208,D83,2026-01-21
2664,2357,9,322230,A98,2026-03-08
2665,1920,8,322230,A98,2026-06-18
2666,361,1,225125,T90,2026-05-30
2667,1071,3,225125,A93,2026-03-22
2668,2398,1,225125,K86,2026-01-16
2669,522,4,223505,A98,2026-06-23
2670,2111,6,223208,D83,2026-04-22
2671,1446,7,223208,D83,2026-05-09
2672,2579,6,223208,D83,2026-04-22
2673,2864,5,223505,K86,2026-03-22
2674,3051,7,223208,D83,2026-03-04
2675,1407,2,225125,A93,2026-03-17
2676,4946,1,225125,W78,2026-05-11
2677,4147,8,322230,A98,2026-05-18
2678,709,1,225125,A98,2026-04-22
2679,2439,8,322230,A98,2026-03-01
2680,90,1,225125,T90,2026-03-09
2681,4717,2,225125,W78,2026-05-03
2682,408,9,322230,A98,2026-01-08
2683,803,6,223208,D83,2026-01-23
2684,1669,1,225125,A93,2026-05-29
2685,2210,4,223505,A98,2026-06-11
2686,4758,2,225125,X86,2026-04-30
2687,4397,2,225125,T90,2026-05-12
2688,316,3,225125,K86,2026-02-23
2689,1222,6,223208,D83,2026-06-26
2690,95,3,225125,K86,2026-02-20
2691,3219,4,223505,A98,2026-06-27
2692,4299,1,225125,K86,2026-02-19
2693,3667,2,225125,W78,2026-03-29
2694,4230,3,225125,A98,2026-02-13
2695,2616,8,322230,A98,2026-05-24
2696,3091,5,223505,A93,2026-01-14
2697,1723,7,223208,D83,2026-03-27
2698,1736,8,322230,A98,2026-03-16
2699,2516,2,225125,A98,2026-01-03
2700,3642,2,225125,A98,2026-03-21
2701,685,1,225125,X86,2026-05-12
2702,4799,2,225125,A98,2026-02-01
2703,4741,8,322230,A98,2026-01-05
2704,4664,4,223505,T90,2026-03-29
2705,4727,9,322230,A98,2026-03-09
2706,3330,2,225125,A93,2026-05-23
2707,4014,5,223505,A98,2026-02-21
2708,4301,1,225125,T90,2026-05-06
2709,3505,4,223505,W78,2026-01-15
2710,595,9,322230,A98,2026-02-27
2711,2303,2,225125,A98,2026-03-12
2712,2199,2,225125,K86,2026-01-31
2713,4225,1,225125,W78,2026-06-11
2714,492,9,322230,A98,2026-01-14
2715,4604,7,223208,D83,2026-05-15
2716,352,5,223505,T90,2026-01-11
2717,2038,5,223505,A98,2026-06-25
2718,4084,8,322230,A98,2026-02-14
2719,4277,9,322230,A98,2026-02-12
2720,4401,4,223505,T90,2026-06-04
2721,589,4,223505,A93,2026-01-22
2722,266,4,223505,K86,2026-05-27
2723,1897,9,322230,A98,2026-05-21
2724,616,1,225125,A98,2026-06-26
2725,3454,2,225125,W78,2026-03-05
2726,1144,2,225125,A98,2026-02-20
2727,728,6,223208,D83,2026-04-10
2728,3475,1,225125,A98,2026-01-16
2729,2809,4,223505,A98,2026-01-18
2730,2232,6,223208,D83,2026-06-26
2731,3463,2,225125,K86,2026-06-21
2732,1423,3,225125,A93,2026-02-14
2733,4593,1,225125,A98,2026-06-21
2734,4223,9,322230,A98,2026-04-25
2735,4330,2,225125,W78,2026-03-20
2736,482,6,223208,D83,2026-05-18
2737,93,6,223208,D83,2026-04-30
2738,2810,2,225125,A93,2026-01-17
2739,2032,3,225125,K86,2026-06-14
2740,2176,3,225125,W78,2026-03-26
2741,4824,3,225125,A93,2026-01-07
2742,556,9,322230,A98,2026-06-29
2743,29,2,225125,A98,2026-05-04
2744,3062,4,223505,A98,2026-04-26
2745,4356,5,223505,K86,2026-01-21
2746,2990,5,223505,T90,2026-03-27
2747,1410,6,223208,D83,2026-04-13
2748,2838,1,225125,A93,2026-06-17
2749,4664,9,322230,A98,2026-05-12
2750,3413,1,225125,K86,2026-06-08
2751,4890,1,225125,A98,2026-03-19
2752,4548,7,223208,D83,2026-03-24
2753,23,1,225125,T90,2026-03-05
2754,4011,2,225125,A98,2026-01-27
2755,4325,9,322230,A98,2026-05-20
2756,458,5,223505,X86,2026-03-25
2757,942,6,223208,D83,2026-03-14
2758,3407,5,223505,K86,2026-03-08
2759,4055,1,225125,W78,2026-06-25
2760,3372,5,223505,X86,2026-05-14
2761,4753,5,223505,A98,2026-03-24
2762,944,2,225125,A98,2026-05-22
2763,4695,1,225125,K86,2026-05-02
2764,3191,9,322230,A98,2026-06-07
2765,1116,8,322230,A98,2026-06-16
2766,2575,2,225125,A98,2026-03-29
2767,2772,1,225125,A98,2026-05-24
2768,3366,9,322230,A98,2026-04-02
2769,4017,1,225125,W78,2026-04-28
2770,1318,1,225125,T90,2026-04-09
2771,2290,1,225125,X86,2026-04-09
2772,2590,7,223208,D83,2026-03-05
2773,3221,5,223505,A93,2026-05-30
2774,935,2,225125,A98,2026-05-06
2775,1891,2,225125,K86,2026-04-10
2776,4948,8,322230,A98,2026-04-09
2777,1032,1,225125,X86,2026-06-17
2778,4901,5,223505,T90,2026-04-18
2779,2378,3,225125,W78,2026-06-04
2780,2678,1,225125,K86,2026-03-21
2781,2094,1,225125,A98,2026-01-16
2782,3935,9,322230,A98,2026-03-16
2783,4420,7,223208,D83,2026-05-03
2784,2824,5,223505,K86,2026-06-03
2785,3706,9,322230,A98,2026-01-05
2786,2384,2,225125,A98,2026-05-05
2787,2300,2,225125,X86,2026-01-01
2788,2972,2,225125,W78,2026-01-20
2789,1067,7,223208,D83,2026-02-18
2790,1082,8,322230,A98,2026-04-12
2791,3292,2,225125,A93,2026-04-14
2792,1429,2,225125,W78,2026-03-08
2793,4974,1,225125,T90,2026-03-20
2794,1815,9,322230,A98,2026-03-17
2795,2825,8,322230,A98,2026-03-06
2796,998,9,322230,A98,2026-04-10
2797,4981,2,225125,K86,2026-01-08
2798,3468,4,223505,A98,2026-05-02
2799,3362,6,223208,D83,2026-06-29
2800,47,1,225125,A93,2026-01-31
2801,4184,7,223208,D83,2026-01-10
2802,2257,3,225125,A93,2026-05-31
2803,2890,2,225125,K86,2026-05-23
2804,4872,9,322230,A98,2026-01-26
2805,2047,2,225125,X86,2026-03-05
2806,4493,3,225125,K86,2026-04-21
2807,750,7,223208,D83,2026-02-02
2808,2030,9,322230,A98,2026-06-14
2809,4340,8,322230,A98,2026-01-26
2810,1724,5,223505,A93,2026-03-29
2811,2099,8,322230,A98,2026-03-22
2812,3667,8,322230,A98,2026-05-12
2813,816,8,322230,A98,2026-04-15
2814,4566,6,223208,D83,2026-04-15
2815,594,1,225125,A98,2026-04-16
2816,4040,3,225125,X86,2026-06-27
2817,3198,5,223505,K86,2026-04-28
2818,4990,1,225125,A98,2026-03-27
2819,3553,2,225125,W78,2026-04-11
2820,4920,5,223505,A93,2026-03-26
2821,1129,5,223505,A98,2026-02-07
2822,922,7,223208,D83,2026-01-09
2823,4788,4,223505,T90,2026-01-13
2824,3859,2,225125,K86,2026-01-21
2825,1781,8,322230,A98,2026-03-11
2826,2312,1,225125,W78,2026-05-22
2827,4003,2,225125,A98,2026-01-14
2828,1988,9,322230,A98,2026-04-21
2829,2203,1,225125,X86,2026-01-31
2830,2346,2,225125,K86,2026-06-09
2831,3634,5,223505,T90,2026-03-01
2832,2765,6,223208,D83,2026-02-15
2833,3475,8,322230,A98,2026-06-07
2834,3713,2,225125,T90,2026-01-15
2835,1352,8,322230,A98,2026-04-09
2836,4571,4,223505,K86,2026-01-19
2837,1795,5,223505,X86,2026-03-22
2838,1919,6,223208,D83,2026-02-15
2839,2362,9,322230,A98,2026-05-08
2840,2432,2,225125,A98,2026-02-21
2841,663,8,322230,A98,2026-05-22
2842,1361,4,223505,A98,2026-04-06
2843,2300,9,322230,A98,2026-05-25
2844,454,5,223505,T90,2026-02-25
2845,4839,2,225125,W78,2026-03-30
2846,3067,7,223208,D83,2026-04-08
2847,2923,9,322230,A98,2026-01-17
2848,4325,9,322230,A98,2026-03-06
2849,4780,8,322230,A98,2026-02-18
2850,2026,5,223505,K86,2026-03-21
2851,4947,3,225125,K86,2026-01-17
2852,3794,4,223505,K86,2026-02-15
2853,774,9,322230,A98,2026-02-22
2854,4776,9,322230,A98,2026-06-15
2855,336,7,223208,D83,2026-03-16
2856,1434,9,322230,A98,2026-01-18
2857,3102,2,225125,K86,2026-01-19
2858,3456,1,225125,K86,2026-01-25
2859,4750,3,225125,W78,2026-05-30
2860,2515,5,223505,K86,2026-06-19
2861,1304,2,225125,A98,2026-03-02
2862,849,4,223505,K86,2026-02-24
2863,650,2,225125,A98,2026-02-18
2864,1796,4,223505,X86,2026-06-12
2865,511,2,225125,W78,2026-02-10
2866,2914,5,223505,K86,2026-01-11
2867,3060,9,322230,A98,2026-03-04
2868,3818,1,225125,A93,2026-05-06
2869,2435,7,223208,D83,2026-03-20
2870,4837,3,225125,A98,2026-01-22
2871,2645,9,322230,A98,2026-02-23
2872,1184,1,225125,K86,2026-01-15
2873,1539,1,225125,T90,2026-02-10
2874,3464,8,322230,A98,2026-04-03
2875,2071,4,223505,A93,2026-06-29
2876,3949,5,223505,K86,2026-02-19
2877,3111,6,223208,D83,2026-03-21
2878,500,2,225125,A98,2026-05-29
2879,3044,6,223208,D83,2026-04-06
2880,1349,2,225125,A98,2026-03-09
2881,1654,6,223208,D83,2026-02-12
2882,1508,7,223208,D83,2026-06-25
2883,2799,3,225125,K86,2026-01-26
2884,568,8,322230,A98,2026-02-27
2885,3271,7,223208,D83,2026-04-22
2886,4394,2,225125,A98,2026-05-26
2887,1870,1,225125,K86,2026-03-22
2888,1484,7,223208,D83,2026-03-29
2889,4384,2,225125,A98,2026-02-24
2890,943,5,223505,A98,2026-03-10
2891,2915,7,223208,D83,2026-03-09
2892,4193,6,223208,D83,2026-01-28
2893,1028,2,225125,K86,2026-06-16
2894,3008,2,225125,K86,2026-03-31
2895,3430,9,322230,A98,2026-06-06
2896,1784,2,225125,A93,2026-04-15
2897,4326,6,223208,D83,2026-01-24
2898,2489,9,322230,A98,2026-01-09
2899,1616,7,223208,D83,2026-03-29
2900,4517,7,223208,D83,2026-03-26
2901,2278,4,223505,A98,2026-03-14
2902,775,9,322230,A98,2026-05-18
2903,1225,7,223208,D83,2026-03-01
2904,2755,1,225125,A98,2026-06-05
2905,2822,1,225125,K86,2026-02-03
2906,2634,4,223505,X86,2026-06-02
2907,1984,7,223208,D83,2026-06-23
2908,4740,4,223505,A98,2026-01-24
2909,3338,2,225125,X86,2026-03-11
2910,3047,2,225125,X86,2026-02-24
2911,3809,5,223505,K86,2026-05-26
2912,3503,2,225125,W78,2026-05-28
2913,2652,3,225125,A98,2026-06-05
2914,3685,5,223505,X86,2026-05-14
2915,4261,8,322230,A98,2026-05-29
2916,1386,8,322230,A98,2026-03-10
2917,4470,6,223208,D83,2026-04-13
2918,696,4,223505,A98,2026-03-03
2919,1098,7,223208,D83,2026-06-23
2920,3532,1,225125,K86,2026-01-01
2921,418,1,225125,A98,2026-01-22
2922,3187,8,322230,A98,2026-06-18
2923,215,2,225125,T90,2026-03-17
2924,4483,2,225125,W78,2026-01-28
2925,3157,3,225125,A98,2026-03-03
2926,2906,7,223208,D83,2026-02-10
2927,1368,7,223208,D83,2026-01-20
2928,4064,9,322230,A98,2026-02-14
2929,3606,7,223208,D83,2026-02-28
2930,296,6,223208,D83,2026-03-10
2931,2620,8,322230,A98,2026-06-25
2932,748,3,225125,K86,2026-01-01
2933,3423,3,225125,A98,2026-05-22
2934,1350,3,225125,K86,2026-01-23
2935,385,8,322230,A98,2026-05-17
2936,3388,1,225125,T90,2026-05-03
2937,925,4,223505,K86,2026-05-31
2938,4986,9,322230,A98,2026-04-14
2939,1750,5,223505,X86,2026-05-05
2940,400,1,225125,T90,2026-03-07
2941,1380,6,223208,D83,2026-01-13
2942,4394,1,225125,A93,2026-06-29
2943,333,3,225125,A98,2026-04-13
2944,1881,1,225125,W78,2026-06-08
2945,2010,7,223208,D83,2026-04-21
2946,4852,7,223208,D83,2026-03-05
2947,4790,4,223505,K86,2026-04-03
2948,2736,4,223505,A93,2026-03-08
2949,134,6,223208,D83,2026-05-05
2950,1680,1,225125,A98,2026-04-17
2951,2126,1,225125,X86,2026-02-03
2952,4839,3,225125,A98,2026-06-16
2953,1236,1,225125,K86,2026-01-05
2954,900,5,223505,K86,2026-05-24
2955,4192,8,322230,A98,2026-02-02
2956,3167,2,225125,K86,2026-04-15
2957,2240,1,225125,T90,2026-03-16
2958,3870,7,223208,D83,2026-03-13
2959,3050,9,322230,A98,2026-03-27
2960,3220,8,322230,A98,2026-02-23
2961,4198,6,223208,D83,2026-05-05
2962,4916,1,225125,A98,2026-05-04
2963,1322,1,225125,K86,2026-03-16
2964,1590,1,225125,X86,2026-03-26
2965,3248,2,225125,A98,2026-06-22
2966,4062,9,322230,A98,2026-06-20
2967,4749,9,322230,A98,2026-02-04
2968,3962,1,225125,T90,2026-01-22
2969,2679,2,225125,X86,2026-06-18
2970,1655,1,225125,A98,2026-03-04
2971,4851,8,322230,A98,2026-05-19
2972,3102,2,225125,W78,2026-04-21
2973,2371,1,225125,T90,2026-04-30
2974,3273,2,225125,K86,2026-06-07
2975,3305,6,223208,D83,2026-01-29
2976,1740,8,322230,A98,2026-05-23
2977,2446,3,225125,X86,2026-06-23
2978,2122,1,225125,K86,2026-03-31
2979,825,6,223208,D83,2026-01-12
2980,2840,3,225125,A98,2026-02-02
2981,4803,5,223505,A98,2026-04-15
2982,3411,1,225125,K86,2026-05-13
2983,3087,6,223208,D83,2026-03-11
2984,4721,7,223208,D83,2026-01-28
2985,2043,6,223208,D83,2026-06-20
2986,1884,6,223208,D83,2026-02-12
2987,3505,2,225125,T90,2026-04-02
2988,190,1,225125,T90,2026-02-05
2989,3707,4,223505,A98,2026-04-07
2990,544,7,223208,D83,2026-03-31
2991,2058,1,225125,A98,2026-01-08
2992,1922,2,225125,T90,2026-01-20
2993,2220,3,225125,A98,2026-04-05
2994,1142,8,322230,A98,2026-04-29
2995,1917,2,225125,K86,2026-05-29
2996,3417,1,225125,A93,2026-04-28
2997,1118,1,225125,K86,2026-02-07
2998,2708,2,225125,A93,2026-06-18
2999,1200,2,225125,A98,2026-02-12
3000,646,5,223505,X86,2026-03-02
3001,4171,1,225125,A98,2026-05-19
3002,2458,2,225125,A98,2026-05-28
3003,3564,1,225125,A93,2026-05-30
3004,3890,2,225125,A93,2026-06-12
3005,583,4,223505,X86,2026-02-14
3006,2611,6,223208,D83,2026-05-10
3007,4216,2,225125,X86,2026-01-04
3008,2810,2,225125,T90,2026-03-17
3009,3562,5,223505,K86,2026-04-02
3010,4261,8,322230,A98,2026-04-17
3011,2271,9,322230,A98,2026-02-20
3012,359,3,225125,K86,2026-05-22
3013,733,9,322230,A98,2026-04-12
3014,496,6,223208,D83,2026-04-17
3015,2301,1,225125,X86,2026-04-07
3016,1684,9,322230,A98,2026-02-19
3017,2432,2,225125,X86,2026-05-22
3018,2678,8,322230,A98,2026-01-27
3019,4117,6,223208,D83,2026-04-17
3020,712,6,223208,D83,2026-06-21
3021,2676,2,225125,A98,2026-02-12
3022,641,1,225125,X86,2026-01-16
3023,1378,5,223505,A93,2026-05-24
3024,2242,3,225125,X86,2026-05-29
3025,2868,2,225125,T90,2026-06-12
3026,4850,4,223505,T90,2026-02-05
3027,3081,6,223208,D83,2026-05-10
3028,1618,2,225125,K86,2026-02-05
3029,3736,7,223208,D83,2026-06-20
3030,3357,2,225125,W78,2026-06-28
3031,2569,5,223505,W78,2026-03-22
3032,3507,4,223505,K86,2026-01-06
3033,4321,2,225125,A98,2026-04-16
3034,3221,5,223505,A98,2026-02-01
3035,2652,6,223208,D83,2026-04-27
3036,1493,5,223505,T90,2026-06-14
3037,2979,3,225125,A98,2026-01-09
3038,795,9,322230,A98,2026-01-17
3039,1358,6,223208,D83,2026-05-25
3040,3016,8,322230,A98,2026-06-11
3041,114,1,225125,X86,2026-04-18
3042,3528,3,225125,A98,2026-06-22
3043,1085,8,322230,A98,2026-05-12
3044,870,5,223505,W78,2026-04-18
3045,4424,2,225125,A93,2026-02-02
3046,1987,4,223505,T90,2026-05-25
3047,1216,9,322230,A98,2026-04-25
3048,176,2,225125,A98,2026-01-31
3049,2879,4,223505,A98,2026-06-05
3050,1099,9,322230,A98,2026-04-27
3051,4089,7,223208,D83,2026-06-27
3052,3486,9,322230,A98,2026-04-04
3053,28,3,225125,A98,2026-05-14
3054,1086,2,225125,X86,2026-02-24
3055,191,6,223208,D83,2026-05-30
3056,4168,5,223505,A98,2026-01-08
3057,327,2,225125,A98,2026-05-10
3058,1358,1,225125,W78,2026-02-19
3059,4918,1,225125,K86,2026-04-23
3060,3279,9,322230,A98,2026-06-09
3061,3801,9,322230,A98,2026-03-30
3062,1895,1,225125,A98,2026-06-06
3063,771,3,225125,W78,2026-06-26
3064,586,9,322230,A98,2026-06-16
3065,3031,1,225125,A98,2026-06-21
3066,112,3,225125,K86,2026-06-28
3067,1226,3,225125,K86,2026-06-09
3068,4435,7,223208,D83,2026-02-18
3069,2143,8,322230,A98,2026-06-12
3070,3174,1,225125,W78,2026-01-11
3071,4394,2,225125,K86,2026-03-26
3072,2659,7,223208,D83,2026-02-07
3073,188,8,322230,A98,2026-06-24
3074,4606,6,223208,D83,2026-05-29
3075,573,9,322230,A98,2026-05-12
3076,2179,9,322230,A98,2026-02-24
3077,2957,5,223505,A93,2026-01-26
3078,1621,5,223505,K86,2026-01-14
3079,3958,9,322230,A98,2026-03-14
3080,1267,2,225125,K86,2026-06-25
3081,3889,1,225125,A98,2026-03-01
3082,4598,8,322230,A98,2026-06-17
3083,811,6,223208,D83,2026-03-23
3084,3180,1,225125,A93,2026-02-25
3085,2791,8,322230,A98,2026-04-21
3086,3724,7,223208,D83,2026-05-29
3087,4769,2,225125,T90,2026-05-31
3088,1801,4,223505,A98,2026-01-06
3089,2722,7,223208,D83,2026-02-17
3090,4277,1,225125,A93,2026-05-31
3091,4191,2,225125,A98,2026-01-11
3092,3365,5,223505,A93,2026-03-26
3093,1091,9,322230,A98,2026-03-20
3094,518,2,225125,T90,2026-02-25
3095,416,7,223208,D83,2026-03-28
3096,1858,1,225125,A98,2026-03-26
3097,3943,3,225125,W78,2026-04-29
3098,4267,6,223208,D83,2026-01-02
3099,3864,2,225125,W78,2026-03-28
3100,3206,6,223208,D83,2026-03-14
3101,378,5,223505,A93,2026-05-06
3102,105,6,223208,D83,2026-02-23
3103,3890,1,225125,W78,2026-05-02
3104,1254,1,225125,A98,2026-04-29
3105,2386,6,223208,D83,2026-06-28
3106,1318,4,223505,K86,2026-06-06
3107,4031,2,225125,A98,2026-06-06
3108,3870,2,225125,K86,2026-02-19
3109,2049,1,225125,W78,2026-03-19
3110,3766,2,225125,A98,2026-01-12
3111,1178,2,225125,W78,2026-05-05
3112,4908,1,225125,T90,2026-05-01
3113,787,4,223505,W78,2026-03-02
3114,4001,8,322230,A98,2026-03-04
3115,2245,3,225125,X86,2026-06-11
3116,1292,5,223505,T90,2026-01-06
3117,216,1,225125,A98,2026-04-09
3118,3861,1,225125,A98,2026-01-09
3119,2913,5,223505,X86,2026-04-17
3120,1644,2,225125,T90,2026-05-17
3121,1289,1,225125,X86,2026-03-13
3122,661,5,223505,W78,2026-01-15
3123,4052,3,225125,T90,2026-06-03
3124,3339,2,225125,W78,2026-06-04
3125,1091,8,322230,A98,2026-01-20
3126,1725,7,223208,D83,2026-04-29
3127,4878,9,322230,A98,2026-04-06
3128,84,7,223208,D83,2026-01-03
3129,1722,9,322230,A98,2026-02-11
3130,4009,2,225125,A98,2026-01-10
3131,581,8,322230,A98,2026-01-29
3132,93,6,223208,D83,2026-01-23
3133,780,8,322230,A98,2026-03-21
3134,2527,8,322230,A98,2026-01-05
3135,1305,4,223505,A98,2026-02-24
3136,1015,2,225125,X86,2026-03-13
3137,2725,5,223505,A98,2026-01-29
3138,1533,2,225125,A93,2026-03-08
3139,4568,3,225125,K86,2026-02-06
3140,2662,1,225125,A93,2026-05-23
3141,4948,1,225125,A98,2026-03-11
3142,2095,1,225125,K86,2026-05-29
3143,718,2,225125,W78,2026-03-28
3144,769,8,322230,A98,2026-04-29
3145,3598,6,223208,D83,2026-04-01
3146,1238,4,223505,W78,2026-03-09
3147,650,8,322230,A98,2026-01-27
3148,3848,2,225125,T90,2026-06-23
3149,1454,6,223208,D83,2026-03-20
3150,3811,4,223505,A98,2026-05-18
3151,3598,2,225125,K86,2026-04-11
3152,3953,9,322230,A98,2026-05-29
3153,1131,7,223208,D83,2026-04-22
3154,3692,6,223208,D83,2026-05-28
3155,1321,2,225125,A98,2026-02-06
3156,1717,2,225125,K86,2026-05-03
3157,2613,1,225125,W78,2026-04-20
3158,3962,2,225125,A98,2026-01-31
3159,1764,7,223208,D83,2026-05-09
3160,2943,3,225125,W78,2026-06-09
3161,2119,7,223208,D83,2026-06-25
3162,2842,7,223208,D83,2026-01-14
3163,214,3,225125,K86,2026-05-10
3164,4348,5,223505,K86,2026-06-18
3165,3345,7,223208,D83,2026-02-05
3166,630,5,223505,A93,2026-03-12
3167,2872,8,322230,A98,2026-05-20
3168,1193,1,225125,A98,2026-02-11
3169,592,4,223505,K86,2026-03-08
3170,901,7,223208,D83,2026-06-20
3171,578,6,223208,D83,2026-04-19
3172,1579,4,223505,T90,2026-03-20
3173,3412,7,223208,D83,2026-04-06
3174,1937,1,225125,X86,2026-05-05
3175,3310,2,225125,A98,2026-04-29
3176,361,5,223505,A98,2026-04-26
3177,4535,1,225125,A98,2026-02-17
3178,3580,2,225125,K86,2026-01-08
3179,353,6,223208,D83,2026-02-08
3180,2301,3,225125,X86,2026-05-14
3181,787,1,225125,K86,2026-05-16
3182,4558,7,223208,D83,2026-02-15
3183,1540,6,223208,D83,2026-01-20
3184,4220,4,223505,X86,2026-05-26
3185,4326,3,225125,A98,2026-03-07
3186,3855,8,322230,A98,2026-04-27
3187,2017,1,225125,W78,2026-06-09
3188,1367,4,223505,W78,2026-03-10
3189,1699,9,322230,A98,2026-04-21
3190,1451,6,223208,D83,2026-05-26
3191,3723,1,225125,A98,2026-03-25
3192,2987,4,223505,A98,2026-01-31
3193,4520,3,225125,K86,2026-05-23
3194,492,2,225125,A93,2026-06-21
3195,4238,5,223505,W78,2026-02-16
3196,2608,6,223208,D83,2026-01-23
3197,1568,6,223208,D83,2026-05-18
3198,1078,1,225125,T90,2026-01-26
3199,1808,5,223505,W78,2026-03-22
3200,4327,7,223208,D83,2026-05-31
3201,3581,2,225125,X86,2026-03-16
3202,1127,7,223208,D83,2026-06-19
3203,2368,1,225125,A98,2026-06-08
3204,951,3,225125,W78,2026-05-20
3205,552,5,223505,A93,2026-01-13
3206,2335,2,225125,T90,2026-06-11
3207,4148,3,225125,A98,2026-05-10
3208,4979,3,225125,A98,2026-06-23
3209,4637,8,322230,A98,2026-03-21
3210,4798,6,223208,D83,2026-04-16
3211,4566,2,225125,A98,2026-04-10
3212,4113,8,322230,A98,2026-05-29
3213,3942,3,225125,W78,2026-04-06
3214,304,2,225125,W78,2026-05-25
3215,732,9,322230,A98,2026-01-09
3216,1357,1,225125,X86,2026-02-27
3217,3222,1,225125,K86,2026-01-30
3218,4093,1,225125,X86,2026-01-11
3219,4465,2,225125,T90,2026-06-26
3220,256,1,225125,T90,2026-06-20
3221,4199,3,225125,W78,2026-02-20
3222,3565,8,322230,A98,2026-05-07
3223,3195,2,225125,K86,2026-03-28
3224,2958,9,322230,A98,2026-03-12
3225,1748,2,225125,W78,2026-04-13
3226,2897,2,225125,K86,2026-01-05
3227,4645,1,225125,K86,2026-06-10
3228,1342,5,223505,A98,2026-02-02
3229,463,7,223208,D83,2026-06-03
3230,1160,6,223208,D83,2026-06-05
3231,2456,1,225125,X86,2026-06-28
3232,3047,7,223208,D83,2026-03-30
3233,1412,1,225125,A98,2026-06-28
3234,3198,2,225125,T90,2026-04-01
3235,4815,9,322230,A98,2026-01-19
3236,4531,9,322230,A98,2026-06-03
3237,495,6,223208,D83,2026-05-23
3238,204,9,322230,A98,2026-06-05
3239,728,1,225125,A98,2026-03-31
3240,4506,4,223505,X86,2026-03-18
3241,154,1,225125,A98,2026-05-17
3242,3295,2,225125,K86,2026-03-30
3243,3842,9,322230,A98,2026-01-09
3244,2834,7,223208,D83,2026-01-17
3245,3191,4,223505,A93,2026-01-29
3246,1919,8,322230,A98,2026-02-28
3247,4739,4,223505,A98,2026-03-23
3248,4947,5,223505,W78,2026-04-21
3249,2688,3,225125,X86,2026-04-14
3250,389,1,225125,A98,2026-01-10
3251,2611,1,225125,T90,2026-04-11
3252,3336,3,225125,W78,2026-04-01
3253,3430,5,223505,A98,2026-05-18
3254,2409,6,223208,D83,2026-06-22
3255,4120,4,223505,X86,2026-01-16
3256,2040,6,223208,D83,2026-06-19
3257,4216,9,322230,A98,2026-05-26
3258,3828,2,225125,A98,2026-01-26
3259,3498,6,223208,D83,2026-06-02
3260,3325,5,223505,A98,2026-04-29
3261,3715,6,223208,D83,2026-01-20
3262,176,5,223505,A98,2026-02-28
3263,4024,6,223208,D83,2026-04-10
3264,353,2,225125,K86,2026-03-10
3265,3812,2,225125,A98,2026-03-05
3266,3870,9,322230,A98,2026-02-22
3267,1778,7,223208,D83,2026-03-10
3268,2767,3,225125,W78,2026-01-19
3269,3319,7,223208,D83,2026-03-20
3270,640,3,225125,A93,2026-02-19
3271,4249,3,225125,T90,2026-06-29
3272,267,1,225125,K86,2026-06-26
3273,3054,4,223505,K86,2026-02-03
3274,3963,2,225125,W78,2026-04-27
3275,4736,8,322230,A98,2026-06-13
3276,2273,5,223505,A93,2026-01-07
3277,4738,1,225125,X86,2026-03-22
3278,2609,3,225125,A98,2026-02-10
3279,2510,1,225125,A98,2026-05-15
3280,2193,6,223208,D83,2026-03-24
3281,190,2,225125,W78,2026-06-06
3282,1976,3,225125,A98,2026-04-30
3283,4235,1,225125,K86,2026-01-28
3284,584,9,322230,A98,2026-02-01
3285,1073,8,322230,A98,2026-01-06
3286,2164,2,225125,W78,2026-06-04
3287,3752,8,322230,A98,2026-03-29
3288,3686,6,223208,D83,2026-01-15
3289,4805,2,225125,A98,2026-02-13
3290,2898,1,225125,X86,2026-04-06
3291,3797,8,322230,A98,2026-02-10
3292,2065,1,225125,A98,2026-03-16
3293,3193,2,225125,A98,2026-01-16
3294,3725,5,223505,K86,2026-01-19
3295,1696,1,225125,A98,2026-06-03
3296,4410,1,225125,A98,2026-01-31
3297,623,3,225125,A98,2026-01-22
3298,619,8,322230,A98,2026-05-14
3299,3834,2,225125,K86,2026-01-04
3300,3854,2,225125,K86,2026-02-23
3301,1969,3,225125,W78,2026-01-08
3302,1504,6,223208,D83,2026-05-16
3303,1148,6,223208,D83,2026-02-24
3304,1601,9,322230,A98,2026-04-12
3305,2445,5,223505,A98,2026-02-16
3306,4942,1,225125,K86,2026-02-26
3307,1926,2,225125,X86,2026-03-06
3308,58,9,322230,A98,2026-04-29
3309,4572,2,225125,A98,2026-06-06
3310,3907,1,225125,A98,2026-04-23
3311,1609,1,225125,X86,2026-02-12
3312,2697,2,225125,W78,2026-02-09
3313,3021,7,223208,D83,2026-01-26
3314,4627,2,225125,A98,2026-06-26
3315,4977,1,225125,A93,2026-03-14
3316,891,1,225125,X86,2026-02-11
3317,2858,3,225125,A98,2026-01-08
3318,1661,7,223208,D83,2026-06-23
3319,3547,6,223208,D83,2026-02-11
3320,4977,5,223505,K86,2026-03-15
3321,2584,2,225125,K86,2026-01-10
3322,223,3,225125,K86,2026-01-09
3323,3132,1,225125,K86,2026-02-07
3324,3897,1,225125,A98,2026-01-11
3325,940,6,223208,D83,2026-04-20
3326,2193,6,223208,D83,2026-02-08
3327,3666,2,225125,A93,2026-01-11
3328,174,2,225125,W78,2026-04-17
3329,2227,3,225125,A93,2026-06-23
3330,2306,3,225125,X86,2026-05-06
3331,1222,1,225125,A98,2026-03-23
3332,2777,6,223208,D83,2026-06-23
3333,468,6,223208,D83,2026-05-22
3334,650,1,225125,A98,2026-05-05
3335,2422,1,225125,K86,2026-03-08
3336,3883,9,322230,A98,2026-04-27
3337,520,9,322230,A98,2026-02-22
3338,4404,7,223208,D83,2026-03-29
3339,1089,3,225125,A93,2026-05-04
3340,1455,5,223505,A93,2026-03-22
3341,1413,3,225125,A98,2026-06-09
3342,3324,3,225125,K86,2026-06-16
3343,1244,1,225125,K86,2026-05-24
3344,2264,2,225125,W78,2026-01-19
3345,37,4,223505,K86,2026-03-04
3346,2672,5,223505,A98,2026-03-08
3347,4410,3,225125,X86,2026-04-20
3348,1016,6,223208,D83,2026-03-06
3349,2149,2,225125,A98,2026-04-30
3350,4308,8,322230,A98,2026-02-01
3351,4267,5,223505,T90,2026-01-24
3352,894,3,225125,A93,2026-05-30
3353,3162,2,225125,K86,2026-01-02
3354,1633,8,322230,A98,2026-01-07
3355,3496,5,223505,K86,2026-05-17
3356,17,5,223505,A98,2026-01-24
3357,4290,1,225125,K86,2026-03-19
3358,3360,4,223505,W78,2026-01-04
3359,585,9,322230,A98,2026-01-07
3360,2008,7,223208,D83,2026-01-30
3361,1045,9,322230,A98,2026-05-08
3362,667,6,223208,D83,2026-03-22
3363,4950,2,225125,A98,2026-06-18
3364,3373,1,225125,A93,2026-03-10
3365,2157,2,225125,W78,2026-02-11
3366,105,2,225125,K86,2026-04-09
3367,4801,5,223505,X86,2026-02-09
3368,2168,4,223505,X86,2026-06-01
3369,1979,7,223208,D83,2026-05-24
3370,459,2,225125,A98,2026-05-13
3371,4936,5,223505,A98,2026-01-08
3372,429,9,322230,A98,2026-03-14
3373,963,5,223505,A98,2026-03-02
3374,306,7,223208,D83,2026-06-07
3375,4549,4,223505,A98,2026-04-15
3376,1379,6,223208,D83,2026-05-20
3377,1026,5,223505,K86,2026-03-16
3378,4235,4,223505,X86,2026-06-02
3379,149,8,322230,A98,2026-01-08
3380,3529,2,225125,A98,2026-01-04
3381,4548,7,223208,D83,2026-02-25
3382,2550,7,223208,D83,2026-01-04
3383,292,8,322230,A98,2026-01-02
3384,2335,2,225125,A98,2026-01-14
3385,4705,2,225125,A98,2026-05-01
3386,3328,9,322230,A98,2026-02-15
3387,1980,4,223505,X86,2026-02-20
3388,1345,8,322230,A98,2026-03-18
3389,926,3,225125,K86,2026-03-24
3390,4978,3,225125,K86,2026-01-29
3391,1927,6,223208,D83,2026-04-07
3392,4024,6,223208,D83,2026-05-19
3393,4872,2,225125,A98,2026-02-20
3394,1508,9,322230,A98,2026-03-14
3395,2797,6,223208,D83,2026-02-26
3396,4928,2,225125,K86,2026-05-02
3397,4802,3,225125,T90,2026-04-02
3398,3895,3,225125,A98,2026-05-21
3399,1356,9,322230,A98,2026-01-10
3400,1888,1,225125,A98,2026-03-07
3401,4510,2,225125,W78,2026-04-14
3402,4201,5,223505,T90,2026-05-21
3403,4487,7,223208,D83,2026-05-16
3404,3747,2,225125,K86,2026-04-07
3405,2964,6,223208,D83,2026-04-07
3406,3014,2,225125,A93,2026-02-17
3407,2901,5,223505,T90,2026-02-25
3408,2531,5,223505,X86,2026-06-10
3409,2404,4,223505,K86,2026-04-24
3410,838,5,223505,A93,2026-05-03
3411,4312,1,225125,T90,2026-06-20
3412,3390,1,225125,W78,2026-02-13
3413,1490,7,223208,D83,2026-03-10
3414,413,2,225125,A98,2026-01-27
3415,4268,9,322230,A98,2026-03-29
3416,929,1,225125,W78,2026-04-05
3417,2840,1,225125,X86,2026-05-18
3418,1380,3,225125,A98,2026-02-16
3419,4672,3,225125,T90,2026-05-22
3420,336,8,322230,A98,2026-05-05
3421,898,4,223505,W78,2026-03-27
3422,625,2,225125,K86,2026-05-16
3423,3399,2,225125,A98,2026-04-05
3424,3365,8,322230,A98,2026-02-12
3425,907,8,322230,A98,2026-04-17
3426,2723,2,225125,K86,2026-02-28
3427,3782,1,225125,K86,2026-01-10
3428,3814,8,322230,A98,2026-06-18
3429,1712,9,322230,A98,2026-02-17
3430,1814,8,322230,A98,2026-02-13
3431,3199,6,223208,D83,2026-05-01
3432,971,5,223505,W78,2026-01-01
3433,758,1,225125,K86,2026-02-16
3434,2464,2,225125,T90,2026-01-07
3435,2099,8,322230,A98,2026-02-20
3436,3815,8,322230,A98,2026-06-10
3437,3253,1,225125,K86,2026-03-31
3438,2077,6,223208,D83,2026-05-19
3439,2219,5,223505,A98,2026-03-09
3440,2631,5,223505,A93,2026-04-28
3441,848,5,223505,X86,2026-04-26
3442,1230,6,223208,D83,2026-05-05
3443,3853,1,225125,W78,2026-05-29
3444,1358,3,225125,K86,2026-01-26
3445,1041,1,225125,W78,2026-01-27
3446,2099,9,322230,A98,2026-02-26
3447,2458,5,223505,K86,2026-05-18
3448,394,8,322230,A98,2026-01-27
3449,1096,5,223505,T90,2026-04-16
3450,2587,6,223208,D83,2026-06-17
3451,433,8,322230,A98,2026-04-19
3452,1091,9,322230,A98,2026-03-31
3453,2093,9,322230,A98,2026-06-14
3454,364,2,225125,A98,2026-01-23
3455,2705,2,225125,K86,2026-03-01
3456,2583,7,223208,D83,2026-05-07
3457,1769,3,225125,K86,2026-02-25
3458,962,1,225125,K86,2026-01-05
3459,2870,3,225125,K86,2026-05-25
3460,3300,2,225125,X86,2026-04-26
3461,3129,5,223505,K86,2026-01-07
3462,3871,3,225125,K86,2026-06-13
3463,699,3,225125,X86,2026-06-13
3464,949,3,225125,X86,2026-05-11
3465,3475,4,223505,K86,2026-02-24
3466,4615,1,225125,A98,2026-03-13
3467,680,1,225125,A98,2026-02-11
3468,919,9,322230,A98,2026-01-07
3469,387,8,322230,A98,2026-01-19
3470,2174,2,225125,A93,2026-06-01
3471,898,2,225125,K86,2026-04-24
3472,4510,6,223208,D83,2026-06-22
3473,2105,2,225125,T90,2026-05-23
3474,2678,1,225125,K86,2026-03-07
3475,816,2,225125,W78,2026-05-31
3476,4523,6,223208,D83,2026-01-30
3477,2481,7,223208,D83,2026-04-02
3478,304,1,225125,X86,2026-04-01
3479,2750,8,322230,A98,2026-04-26
3480,302,1,225125,X86,2026-02-04
3481,1909,2,225125,K86,2026-03-05
3482,2040,1,225125,A98,2026-06-25
3483,1353,1,225125,T90,2026-05-14
3484,2942,7,223208,D83,2026-05-20
3485,3495,7,223208,D83,2026-03-05
3486,4129,8,322230,A98,2026-03-10
3487,965,2,225125,K86,2026-05-30
3488,862,2,225125,A93,2026-06-04
3489,3278,6,223208,D83,2026-04-26
3490,3020,4,223505,K86,2026-06-18
3491,3772,8,322230,A98,2026-02-13
3492,122,9,322230,A98,2026-01-27
3493,734,6,223208,D83,2026-05-20
3494,2206,4,223505,A98,2026-01-26
3495,4073,1,225125,A98,2026-06-12
3496,2017,3,225125,A98,2026-06-07
3497,3861,4,223505,W78,2026-06-12
3498,3956,2,225125,K86,2026-04-29
3499,1552,9,322230,A98,2026-03-12
3500,783,1,225125,A98,2026-06-04
3501,4884,6,223208,D83,2026-02-22
3502,4125,1,225125,A98,2026-04-07
3503,4124,1,225125,W78,2026-06-12
3504,2652,9,322230,A98,2026-03-05
3505,1855,5,223505,K86,2026-06-23
3506,790,1,225125,K86,2026-05-16
3507,1908,9,322230,A98,2026-02-18
3508,2848,3,225125,T90,2026-05-20
3509,3116,6,223208,D83,2026-02-13
3510,1892,9,322230,A98,2026-01-03
3511,777,9,322230,A98,2026-03-03
3512,4988,7,223208,D83,2026-01-24
3513,2776,5,223505,A98,2026-03-02
3514,4272,6,223208,D83,2026-06-17
3515,3837,8,322230,A98,2026-05-30
3516,657,3,225125,T90,2026-04-12
3517,4297,3,225125,W78,2026-05-03
3518,2823,9,322230,A98,2026-01-31
3519,764,5,223505,A98,2026-01-17
3520,4811,2,225125,W78,2026-04-18
3521,467,2,225125,W78,2026-05-20
3522,2780,8,322230,A98,2026-01-21
3523,1021,6,223208,D83,2026-02-05
3524,2528,4,223505,A98,2026-03-31
3525,1952,9,322230,A98,2026-05-21
3526,1398,7,223208,D83,2026-01-06
3527,3285,2,225125,W78,2026-03-16
3528,4648,3,225125,A93,2026-02-23
3529,2837,7,223208,D83,2026-02-11
3530,2766,9,322230,A98,2026-04-20
3531,669,6,223208,D83,2026-02-16
3532,4928,2,225125,A98,2026-04-22
3533,291,4,223505,A98,2026-04-21
3534,3849,3,225125,T90,2026-06-01
3535,2879,6,223208,D83,2026-01-23
3536,398,5,223505,A98,2026-01-05
3537,4763,2,225125,K86,2026-01-19
3538,4825,2,225125,K86,2026-05-20
3539,1696,8,322230,A98,2026-02-05
3540,4243,1,225125,K86,2026-02-18
3541,778,5,223505,A98,2026-02-04
3542,909,2,225125,W78,2026-06-10
3543,2588,1,225125,A93,2026-05-21
3544,3578,3,225125,A93,2026-05-02
3545,1053,1,225125,A98,2026-04-11
3546,384,9,322230,A98,2026-02-26
3547,3653,2,225125,K86,2026-03-17
3548,680,1,225125,X86,2026-06-13
3549,3096,9,322230,A98,2026-05-27
3550,218,8,322230,A98,2026-02-27
3551,3067,4,223505,K86,2026-02-17
3552,2854,8,322230,A98,2026-06-22
3553,2265,1,225125,A98,2026-02-25
3554,958,6,223208,D83,2026-01-23
3555,4432,8,322230,A98,2026-02-08
3556,3341,1,225125,A98,2026-03-15
3557,2886,2,225125,X86,2026-01-22
3558,4496,2,225125,W78,2026-06-29
3559,2168,7,223208,D83,2026-04-26
3560,699,5,223505,T90,2026-06-25
3561,1971,7,223208,D83,2026-03-01
3562,2260,8,322230,A98,2026-06-19
3563,658,7,223208,D83,2026-05-29
3564,2784,4,223505,A98,2026-04-14
3565,4774,9,322230,A98,2026-03-26
3566,4397,4,223505,X86,2026-05-07
3567,3341,9,322230,A98,2026-05-13
3568,818,1,225125,A98,2026-05-25
3569,1732,2,225125,A98,2026-05-07
3570,4124,3,225125,K86,2026-02-07
3571,718,1,225125,X86,2026-06-12
3572,4533,7,223208,D83,2026-05-09
3573,2805,2,225125,A93,2026-02-10
3574,426,2,225125,X86,2026-01-31
3575,2312,2,225125,A93,2026-04-20
3576,3213,7,223208,D83,2026-02-11
3577,1728,4,223505,K86,2026-03-03
3578,4144,1,225125,T90,2026-02-05
3579,2560,9,322230,A98,2026-04-11
3580,3715,5,223505,A98,2026-05-23
3581,4350,2,225125,X86,2026-03-13
3582,4982,3,225125,A98,2026-03-18
3583,2164,7,223208,D83,2026-04-05
3584,3788,8,322230,A98,2026-05-01
3585,4197,1,225125,X86,2026-05-30
3586,989,7,223208,D83,2026-03-09
3587,4196,1,225125,K86,2026-02-23
3588,2655,6,223208,D83,2026-02-16
3589,2049,2,225125,T90,2026-03-06
3590,3354,2,225125,K86,2026-03-07
3591,2794,1,225125,W78,2026-03-24
3592,2798,9,322230,A98,2026-01-26
3593,261,8,322230,A98,2026-02-19
3594,3322,6,223208,D83,2026-05-15
3595,46,1,225125,A93,2026-01-13
3596,3657,2,225125,A98,2026-03-19
3597,2599,1,225125,A98,2026-03-13
3598,3796,5,223505,A98,2026-05-19
3599,1519,2,225125,K86,2026-03-06
3600,364,6,223208,D83,2026-02-02
3601,1574,9,322230,A98,2026-06-02
3602,182,3,225125,T90,2026-05-28
3603,3354,9,322230,A98,2026-03-04
3604,4800,4,223505,A98,2026-04-29
3605,404,3,225125,X86,2026-03-29
3606,4637,7,223208,D83,2026-04-11
3607,3056,1,225125,W78,2026-05-09
3608,3966,4,223505,X86,2026-06-07
3609,2382,1,225125,X86,2026-03-12
3610,1571,6,223208,D83,2026-02-18
3611,4644,8,322230,A98,2026-03-26
3612,1411,2,225125,A98,2026-01-21
3613,1093,1,225125,A98,2026-01-06
3614,1731,5,223505,K86,2026-02-02
3615,4047,1,225125,A93,2026-01-20
3616,1714,4,223505,X86,2026-03-02
3617,4566,2,225125,T90,2026-02-23
3618,2941,1,225125,A98,2026-04-01
3619,2330,4,223505,A98,2026-05-03
3620,1798,1,225125,T90,2026-04-27
3621,3474,7,223208,D83,2026-04-01
3622,1579,3,225125,K86,2026-05-08
3623,3287,6,223208,D83,2026-06-01
3624,2619,6,223208,D83,2026-04-02
3625,1845,6,223208,D83,2026-03-15
3626,4284,4,223505,A93,2026-02-21
3627,603,6,223208,D83,2026-01-30
3628,1319,2,225125,K86,2026-01-26
3629,28,2,225125,K86,2026-02-10
3630,3821,7,223208,D83,2026-03-02
3631,2872,6,223208,D83,2026-06-01
3632,4030,3,225125,A98,2026-02-06
3633,3803,1,225125,K86,2026-06-02
3634,1960,9,322230,A98,2026-04-12
3635,1462,2,225125,A98,2026-01-01
3636,4906,5,223505,K86,2026-06-07
3637,1690,2,225125,A98,2026-05-17
3638,3582,7,223208,D83,2026-01-22
3639,4353,5,223505,X86,2026-01-08
3640,3942,8,322230,A98,2026-02-14
3641,3961,1,225125,X86,2026-05-04
3642,282,6,223208,D83,2026-04-08
3643,1269,2,225125,W78,2026-02-08
3644,817,7,223208,D83,2026-01-01
3645,1589,4,223505,T90,2026-02-13
3646,2542,2,225125,X86,2026-06-26
3647,3025,7,223208,D83,2026-03-02
3648,4802,7,223208,D83,2026-04-29
3649,913,7,223208,D83,2026-04-09
3650,1105,9,322230,A98,2026-02-22
3651,4717,4,223505,A93,2026-05-26
3652,2189,1,225125,W78,2026-06-18
3653,4321,1,225125,A98,2026-06-09
3654,227,8,322230,A98,2026-04-02
3655,907,5,223505,A98,2026-02-10
3656,37,5,223505,K86,2026-01-25
3657,2704,1,225125,A98,2026-04-12
3658,2263,2,225125,X86,2026-06-13
3659,354,1,225125,A98,2026-02-26
3660,2214,1,225125,K86,2026-06-15
3661,800,2,225125,K86,2026-03-18
3662,2156,7,223208,D83,2026-01-23
3663,390,7,223208,D83,2026-05-13
3664,4136,7,223208,D83,2026-02-10
3665,1938,5,223505,T90,2026-06-08
3666,2723,1,225125,K86,2026-04-16
3667,4821,8,322230,A98,2026-02-08
3668,3834,1,225125,X86,2026-06-04
3669,2171,8,322230,A98,2026-06-25
3670,2785,6,223208,D83,2026-04-08
3671,4017,2,225125,A98,2026-02-18
3672,83,2,225125,A98,2026-01-29
3673,1344,2,225125,A98,2026-01-12
3674,4861,7,223208,D83,2026-05-25
3675,4379,5,223505,X86,2026-03-12
3676,2779,3,225125,A98,2026-03-01
3677,2381,1,225125,K86,2026-06-15
3678,1526,8,322230,A98,2026-06-22
3679,3214,4,223505,K86,2026-06-29
3680,696,6,223208,D83,2026-03-03
3681,1192,7,223208,D83,2026-02-08
3682,3493,3,225125,A98,2026-06-21
3683,4973,1,225125,A98,2026-03-23
3684,4976,2,225125,A93,2026-02-09
3685,133,4,223505,T90,2026-05-03
3686,3044,2,225125,K86,2026-05-07
3687,445,5,223505,W78,2026-02-09
3688,606,3,225125,A98,2026-04-22
3689,4745,2,225125,K86,2026-04-17
3690,3062,1,225125,K86,2026-04-20
3691,1536,3,225125,W78,2026-04-05
3692,1946,6,223208,D83,2026-04-01
3693,1534,2,225125,K86,2026-05-01
3694,110,8,322230,A98,2026-06-14
3695,1742,4,223505,A98,2026-04-27
3696,3410,8,322230,A98,2026-04-15
3697,886,6,223208,D83,2026-06-04
3698,550,8,322230,A98,2026-05-18
3699,3178,9,322230,A98,2026-05-26
3700,2412,1,225125,T90,2026-06-26
3701,2767,1,225125,K86,2026-04-20
3702,4307,2,225125,A98,2026-01-25
3703,3714,9,322230,A98,2026-03-27
3704,2383,1,225125,K86,2026-02-24
3705,2471,9,322230,A98,2026-01-10
3706,2158,1,225125,K86,2026-05-10
3707,3418,1,225125,X86,2026-04-18
3708,795,8,322230,A98,2026-05-16
3709,4655,8,322230,A98,2026-06-04
3710,4524,2,225125,K86,2026-06-22
3711,4011,4,223505,A98,2026-03-03
3712,1766,5,223505,T90,2026-06-14
3713,4561,2,225125,K86,2026-01-19
3714,2437,8,322230,A98,2026-01-16
3715,3611,1,225125,A98,2026-05-04
3716,4908,6,223208,D83,2026-03-02
3717,3550,5,223505,K86,2026-01-13
3718,1246,7,223208,D83,2026-04-22
3719,112,3,225125,A98,2026-06-22
3720,3284,8,322230,A98,2026-06-28
3721,841,5,223505,K86,2026-05-02
3722,173,3,225125,X86,2026-02-01
3723,2195,7,223208,D83,2026-01-13
3724,2453,5,223505,K86,2026-01-08
3725,3278,2,225125,T90,2026-02-15
3726,4807,2,225125,A98,2026-03-26
3727,3779,8,322230,A98,2026-04-22
3728,4995,2,225125,K86,2026-02-07
3729,4721,1,225125,K86,2026-01-05
3730,1075,2,225125,W78,2026-03-05
3731,717,4,223505,A98,2026-06-11
3732,883,2,225125,A98,2026-05-26
3733,1514,2,225125,A98,2026-03-20
3734,1305,3,225125,A98,2026-01-16
3735,4166,8,322230,A98,2026-05-13
3736,3721,1,225125,K86,2026-02-03
3737,1072,5,223505,A98,2026-04-06
3738,4392,8,322230,A98,2026-06-17
3739,3324,9,322230,A98,2026-05-24
3740,3854,3,225125,W78,2026-03-22
3741,3541,9,322230,A98,2026-01-21
3742,4175,1,225125,X86,2026-02-23
3743,3067,1,225125,A98,2026-05-29
3744,4916,7,223208,D83,2026-01-24
3745,2118,7,223208,D83,2026-04-13
3746,4940,1,225125,W78,2026-05-03
3747,2436,2,225125,K86,2026-04-18
3748,2703,5,223505,X86,2026-04-22
3749,1127,3,225125,K86,2026-01-23
3750,2353,6,223208,D83,2026-06-10
3751,327,4,223505,A98,2026-01-21
3752,4424,3,225125,A98,2026-01-12
3753,3663,8,322230,A98,2026-02-20
3754,29,6,223208,D83,2026-02-16
3755,497,5,223505,X86,2026-03-28
3756,439,7,223208,D83,2026-05-20
3757,2915,8,322230,A98,2026-03-10
3758,3016,6,223208,D83,2026-03-13
3759,3241,1,225125,A98,2026-05-27
3760,1733,6,223208,D83,2026-04-12
3761,849,2,225125,A93,2026-06-01
3762,2489,6,223208,D83,2026-01-23
3763,4191,3,225125,T90,2026-02-10
3764,979,8,322230,A98,2026-05-12
3765,3125,7,223208,D83,2026-04-07
3766,866,7,223208,D83,2026-03-08
3767,496,2,225125,K86,2026-01-13
3768,1855,8,322230,A98,2026-01-31
3769,4971,7,223208,D83,2026-04-14
3770,2128,2,225125,A93,2026-05-28
3771,1538,4,223505,A98,2026-05-08
3772,3562,2,225125,K86,2026-06-22
3773,1794,8,322230,A98,2026-05-15
3774,3798,2,225125,K86,2026-01-31
3775,2416,7,223208,D83,2026-02-07
3776,4218,2,225125,T90,2026-03-27
3777,4187,2,225125,A98,2026-02-22
3778,1975,4,223505,A93,2026-02-17
3779,2899,8,322230,A98,2026-03-10
3780,1971,3,225125,A98,2026-03-05
3781,1434,9,322230,A98,2026-01-27
3782,2123,3,225125,A93,2026-02-12
3783,39,4,223505,A98,2026-01-18
3784,3240,4,223505,K86,2026-02-19
3785,4540,4,223505,K86,2026-02-05
3786,4208,5,223505,T90,2026-01-16
3787,1020,7,223208,D83,2026-01-10
3788,4805,1,225125,K86,2026-04-03
3789,4671,8,322230,A98,2026-05-05
3790,3891,7,223208,D83,2026-03-25
3791,518,7,223208,D83,2026-03-28
3792,3825,1,225125,A98,2026-04-10
3793,4551,7,223208,D83,2026-06-21
3794,2046,1,225125,W78,2026-05-22
3795,1796,2,225125,T90,2026-02-28
3796,2795,1,225125,K86,2026-05-27
3797,2421,1,225125,A98,2026-02-27
3798,273,3,225125,X86,2026-02-20
3799,2201,9,322230,A98,2026-01-18
3800,3357,1,225125,A98,2026-05-20
3801,1501,1,225125,K86,2026-03-14
3802,1552,7,223208,D83,2026-04-21
3803,2398,9,322230,A98,2026-01-19
3804,2603,6,223208,D83,2026-02-09
3805,2106,4,223505,A98,2026-01-29
3806,2756,2,225125,A98,2026-03-08
3807,4891,1,225125,T90,2026-03-18
3808,263,1,225125,A93,2026-05-23
3809,893,1,225125,A98,2026-05-23
3810,2635,1,225125,X86,2026-02-10
3811,4688,2,225125,A98,2026-03-29
3812,1663,2,225125,W78,2026-03-31
3813,4859,9,322230,A98,2026-06-05
3814,200,8,322230,A98,2026-04-06
3815,2143,3,225125,K86,2026-04-23
3816,2718,2,225125,A93,2026-04-16
3817,2674,1,225125,K86,2026-06-02
3818,4542,2,225125,A93,2026-01-12
3819,3880,9,322230,A98,2026-03-17
3820,4114,2,225125,K86,2026-06-09
3821,4083,7,223208,D83,2026-02-22
3822,3117,6,223208,D83,2026-03-25
3823,4101,8,322230,A98,2026-03-17
3824,1665,1,225125,K86,2026-03-13
3825,2396,2,225125,A93,2026-03-21
3826,2329,1,225125,A98,2026-01-06
3827,1027,9,322230,A98,2026-05-03
3828,4389,5,223505,K86,2026-02-21
3829,868,1,225125,T90,2026-06-01
3830,3659,1,225125,T90,2026-06-21
3831,1731,1,225125,X86,2026-03-18
3832,192,2,225125,W78,2026-04-17
3833,3713,6,223208,D83,2026-01-16
3834,2394,6,223208,D83,2026-05-06
3835,3274,2,225125,X86,2026-05-03
3836,2005,3,225125,X86,2026-05-20
3837,841,4,223505,A98,2026-06-14
3838,1820,8,322230,A98,2026-02-16
3839,1424,2,225125,T90,2026-02-01
3840,4829,7,223208,D83,2026-03-09
3841,4053,7,223208,D83,2026-05-14
3842,318,7,223208,D83,2026-04-18
3843,4020,9,322230,A98,2026-01-20
3844,1230,8,322230,A98,2026-02-12
3845,3389,6,223208,D83,2026-02-27
3846,1930,2,225125,A98,2026-04-15
3847,3019,8,322230,A98,2026-03-21
3848,1001,5,223505,A98,2026-01-01
3849,1644,5,223505,K86,2026-02-09
3850,1428,3,225125,A98,2026-04-04
3851,905,7,223208,D83,2026-05-24
3852,1682,5,223505,K86,2026-03-18
3853,1823,8,322230,A98,2026-01-01
3854,2350,5,223505,A98,2026-03-10
3855,1982,1,225125,T90,2026-01-17
3856,2931,6,223208,D83,2026-06-10
3857,2121,3,225125,W78,2026-01-28
3858,4320,8,322230,A98,2026-06-10
3859,774,4,223505,K86,2026-05-31
3860,2257,4,223505,A98,2026-05-22
3861,3749,7,223208,D83,2026-04-15
3862,2935,8,322230,A98,2026-04-17
3863,1332,2,225125,A93,2026-06-01
3864,1982,3,225125,A93,2026-04-13
3865,1627,3,225125,A93,2026-04-29
3866,700,5,223505,T90,2026-04-23
3867,2114,1,225125,X86,2026-06-01
3868,143,1,225125,W78,2026-03-12
3869,4303,5,223505,X86,2026-04-17
3870,4689,9,322230,A98,2026-01-14
3871,4981,5,223505,T90,2026-06-20
3872,1184,7,223208,D83,2026-06-25
3873,4740,5,223505,A98,2026-04-10
3874,103,1,225125,W78,2026-04-04
3875,3567,1,225125,X86,2026-04-07
3876,2250,2,225125,A98,2026-01-14
3877,3296,9,322230,A98,2026-01-14
3878,3935,9,322230,A98,2026-01-22
3879,1649,3,225125,X86,2026-01-10
3880,4095,1,225125,X86,2026-06-19
3881,3434,6,223208,D83,2026-01-25
3882,3298,3,225125,W78,2026-02-12
3883,1554,4,223505,K86,2026-05-27
3884,2029,5,223505,A98,2026-04-16
3885,35,2,225125,A93,2026-06-17
3886,1050,6,223208,D83,2026-03-19
3887,2647,7,223208,D83,2026-05-13
3888,561,2,225125,W78,2026-02-19
3889,4781,8,322230,A98,2026-03-19
3890,3067,9,322230,A98,2026-03-08
3891,1633,4,223505,A98,2026-05-25
3892,2660,3,225125,T90,2026-04-29
3893,2770,9,322230,A98,2026-01-15
3894,3331,1,225125,A93,2026-04-11
3895,1630,8,322230,A98,2026-04-15
3896,1374,6,223208,D83,2026-03-23
3897,3964,2,225125,A98,2026-04-09
3898,2539,1,225125,A98,2026-04-24
3899,1841,1,225125,X86,2026-04-19
3900,2900,1,225125,W78,2026-05-15
3901,4909,2,225125,W78,2026-03-01
3902,1823,2,225125,K86,2026-02-12
3903,3040,5,223505,A98,2026-01-25
3904,2351,2,225125,A98,2026-04-10
3905,1618,8,322230,A98,2026-03-06
3906,4742,1,225125,A93,2026-06-29
3907,3559,2,225125,K86,2026-05-02
3908,1110,8,322230,A98,2026-02-26
3909,4579,2,225125,T90,2026-04-30
3910,2920,9,322230,A98,2026-01-03
3911,1427,6,223208,D83,2026-03-27
3912,4980,5,223505,A98,2026-03-14
3913,486,4,223505,A98,2026-01-31
3914,2990,1,225125,A93,2026-04-17
3915,1238,1,225125,A93,2026-03-30
3916,64,5,223505,K86,2026-04-25
3917,4686,2,225125,W78,2026-06-05
3918,4537,1,225125,K86,2026-03-08
3919,2284,7,223208,D83,2026-05-24
3920,1300,1,225125,A93,2026-05-03
3921,3202,2,225125,X86,2026-04-23
3922,2265,2,225125,X86,2026-01-29
3923,3840,8,322230,A98,2026-02-03
3924,3986,2,225125,A93,2026-06-24
3925,864,1,225125,K86,2026-03-07
3926,2277,5,223505,K86,2026-01-07
3927,994,5,223505,T90,2026-04-18
3928,865,2,225125,A98,2026-03-02
3929,3917,1,225125,A98,2026-01-06
3930,1946,1,225125,A98,2026-01-01
3931,844,5,223505,X86,2026-03-01
3932,3100,8,322230,A98,2026-03-20
3933,2628,8,322230,A98,2026-02-10
3934,1392,7,223208,D83,2026-06-22
3935,3531,7,223208,D83,2026-04-20
3936,1774,8,322230,A98,2026-04-07
3937,4449,6,223208,D83,2026-01-25
3938,3104,8,322230,A98,2026-04-29
3939,2179,4,223505,K86,2026-02-11
3940,1691,6,223208,D83,2026-03-26
3941,4225,2,225125,K86,2026-02-20
3942,1396,2,225125,K86,2026-02-07
3943,4793,2,225125,K86,2026-06-15
3944,2947,2,225125,A98,2026-01-19
3945,449,7,223208,D83,2026-02-11
3946,3283,2,225125,A98,2026-04-20
3947,1302,4,223505,A98,2026-03-21
3948,1731,5,223505,A93,2026-02-16
3949,2206,6,223208,D83,2026-02-02
3950,1271,8,322230,A98,2026-01-16
3951,1228,2,225125,K86,2026-01-02
3952,1097,8,322230,A98,2026-01-10
3953,1531,3,225125,A93,2026-05-23
3954,2288,6,223208,D83,2026-04-07
3955,3084,3,225125,W78,2026-02-25
3956,1609,1,225125,X86,2026-04-10
3957,913,2,225125,T90,2026-04-26
3958,776,4,223505,T90,2026-05-07
3959,56,1,225125,A98,2026-02-12
3960,3224,4,223505,A98,2026-01-29
3961,3209,1,225125,A98,2026-01-31
3962,2802,1,225125,K86,2026-02-25
3963,4073,7,223208,D83,2026-06-07
3964,220,1,225125,A98,2026-04-05
3965,3620,2,225125,A98,2026-04-02
3966,1637,2,225125,A98,2026-02-25
3967,1875,6,223208,D83,2026-05-23
3968,895,2,225125,A98,2026-04-13
3969,3256,1,225125,A98,2026-04-17
3970,635,3,225125,K86,2026-04-28
3971,2686,5,223505,X86,2026-01-11
3972,2948,5,223505,A98,2026-02-28
3973,3402,1,225125,A98,2026-02-14
3974,4210,3,225125,A98,2026-01-02
3975,39,9,322230,A98,2026-05-03
3976,4244,6,223208,D83,2026-06-14
3977,120,3,225125,X86,2026-01-29
3978,3753,8,322230,A98,2026-04-06
3979,4049,4,223505,K86,2026-02-17
3980,1042,3,225125,K86,2026-06-03
3981,549,1,225125,A98,2026-03-22
3982,3943,2,225125,A98,2026-04-07
3983,2252,2,225125,K86,2026-03-05
3984,2454,6,223208,D83,2026-06-21
3985,2965,8,322230,A98,2026-03-10
3986,3467,2,225125,A98,2026-03-11
3987,2459,7,223208,D83,2026-04-30
3988,1016,5,223505,A98,2026-03-17
3989,4416,2,225125,X86,2026-02-17
3990,4028,1,225125,A98,2026-03-31
3991,31,2,225125,K86,2026-03-06
3992,4045,8,322230,A98,2026-03-11
3993,4082,4,223505,T90,2026-04-01
3994,3834,8,322230,A98,2026-01-14
3995,2759,6,223208,D83,2026-01-17
3996,2906,4,223505,T90,2026-02-07
3997,2122,1,225125,W78,2026-02-08
3998,379,2,225125,A98,2026-04-19
3999,3917,6,223208,D83,2026-06-26
4000,1661,7,223208,D83,2026-02-26
4001,2359,2,225125,A98,2026-03-22
4002,2430,5,223505,T90,2026-06-10
4003,2100,6,223208,D83,2026-06-21
4004,3196,3,225125,A98,2026-06-03
4005,3669,7,223208,D83,2026-04-20
4006,131,2,225125,K86,2026-05-18
4007,875,3,225125,A93,2026-03-18
4008,1336,5,223505,K86,2026-06-27
4009,3883,3,225125,A93,2026-06-02
4010,2228,5,223505,A98,2026-04-01
4011,1891,2,225125,A98,2026-05-31
4012,2003,2,225125,X86,2026-04-04
4013,349,8,322230,A98,2026-06-21
4014,333,4,223505,K86,2026-02-28
4015,2967,1,225125,A98,2026-03-25
4016,162,2,225125,A98,2026-06-20
4017,4825,4,223505,T90,2026-06-19
4018,2286,5,223505,A93,2026-05-07
4019,743,2,225125,A98,2026-05-26
4020,253,9,322230,A98,2026-06-23
4021,155,4,223505,W78,2026-03-27
4022,4500,5,223505,A98,2026-01-18
4023,1003,1,225125,T90,2026-04-06
4024,4700,5,223505,A98,2026-04-21
4025,184,7,223208,D83,2026-06-14
4026,2393,4,223505,A98,2026-06-18
4027,1579,9,322230,A98,2026-05-17
4028,2156,8,322230,A98,2026-02-08
4029,3812,5,223505,A98,2026-06-03
4030,2697,2,225125,W78,2026-06-25
4031,1676,9,322230,A98,2026-05-24
4032,3592,3,225125,A98,2026-02-18
4033,3106,8,322230,A98,2026-04-06
4034,3692,3,225125,K86,2026-04-12
4035,1816,9,322230,A98,2026-04-29
4036,5,7,223208,D83,2026-03-12
4037,4801,3,225125,W78,2026-04-29
4038,1580,1,225125,X86,2026-04-28
4039,342,8,322230,A98,2026-06-29
4040,3051,4,223505,X86,2026-04-09
4041,2157,6,223208,D83,2026-05-27
4042,242,1,225125,K86,2026-03-25
4043,4873,2,225125,W78,2026-01-30
4044,2911,1,225125,A93,2026-04-14
4045,3742,3,225125,A98,2026-05-24
4046,1468,2,225125,A98,2026-01-19
4047,973,8,322230,A98,2026-05-05
4048,3653,1,225125,K86,2026-01-16
4049,4800,2,225125,A98,2026-05-11
4050,4508,8,322230,A98,2026-03-23
4051,8,7,223208,D83,2026-05-05
4052,2438,6,223208,D83,2026-06-25
4053,2888,8,322230,A98,2026-02-12
4054,1126,5,223505,A93,2026-01-01
4055,4201,2,225125,K86,2026-03-20
4056,3534,1,225125,K86,2026-05-09
4057,1513,5,223505,A98,2026-04-13
4058,482,5,223505,X86,2026-06-15
4059,725,3,225125,A93,2026-04-18
4060,3739,2,225125,K86,2026-06-19
4061,1025,7,223208,D83,2026-04-07
4062,4109,2,225125,W78,2026-02-09
4063,2955,8,322230,A98,2026-02-19
4064,2699,4,223505,A93,2026-04-05
4065,571,3,225125,A98,2026-05-24
4066,1512,5,223505,T90,2026-04-18
4067,3431,1,225125,A98,2026-06-19
4068,3171,9,322230,A98,2026-04-22
4069,4974,5,223505,K86,2026-03-10
4070,816,4,223505,K86,2026-02-03
4071,1512,5,223505,A98,2026-01-18
4072,1037,2,225125,A93,2026-01-22
4073,3992,9,322230,A98,2026-04-16
4074,1132,2,225125,K86,2026-01-11
4075,3511,5,223505,K86,2026-05-02
4076,329,7,223208,D83,2026-01-07
4077,2572,2,225125,W78,2026-06-19
4078,1810,1,225125,T90,2026-04-17
4079,579,3,225125,A98,2026-03-27
4080,314,7,223208,D83,2026-06-27
4081,2236,4,223505,A98,2026-04-17
4082,4516,3,225125,A98,2026-02-26
4083,3156,1,225125,A98,2026-01-22
4084,4989,7,223208,D83,2026-04-22
4085,3188,1,225125,T90,2026-03-25
4086,740,6,223208,D83,2026-03-14
4087,222,7,223208,D83,2026-01-17
4088,4120,6,223208,D83,2026-05-21
4089,1568,1,225125,A98,2026-04-21
4090,4647,2,225125,A98,2026-03-25
4091,4513,8,322230,A98,2026-01-24
4092,3820,9,322230,A98,2026-04-03
4093,3685,8,322230,A98,2026-04-07
4094,1279,4,223505,A98,2026-03-01
4095,939,6,223208,D83,2026-02-24
4096,237,8,322230,A98,2026-04-15
4097,651,4,223505,A98,2026-01-05
4098,3715,4,223505,K86,2026-05-05
4099,3549,1,225125,K86,2026-01-24
4100,1669,2,225125,W78,2026-06-10
4101,3980,5,223505,K86,2026-03-31
4102,4657,9,322230,A98,2026-02-27
4103,2344,5,223505,K86,2026-03-08
4104,973,9,322230,A98,2026-06-29
4105,3272,5,223505,A93,2026-05-17
4106,403,1,225125,K86,2026-02-14
4107,4521,6,223208,D83,2026-06-21
4108,360,6,223208,D83,2026-02-22
4109,1287,6,223208,D83,2026-04-09
4110,2464,1,225125,A98,2026-03-26
4111,770,1,225125,W78,2026-04-01
4112,4011,1,225125,A98,2026-03-08
4113,2055,7,223208,D83,2026-04-03
4114,2630,7,223208,D83,2026-04-26
4115,4287,7,223208,D83,2026-02-08
4116,754,2,225125,K86,2026-03-07
4117,3446,4,223505,T90,2026-01-04
4118,4922,2,225125,X86,2026-03-30
4119,2005,1,225125,X86,2026-02-18
4120,1207,6,223208,D83,2026-02-28
4121,3924,6,223208,D83,2026-02-09
4122,2379,6,223208,D83,2026-04-10
4123,249,7,223208,D83,2026-04-27
4124,2087,8,322230,A98,2026-04-11
4125,2267,1,225125,X86,2026-01-21
4126,2065,9,322230,A98,2026-05-22
4127,4774,8,322230,A98,2026-05-08
4128,35,4,223505,W78,2026-01-09
4129,28,1,225125,A98,2026-04-13
4130,558,7,223208,D83,2026-02-15
4131,4638,6,223208,D83,2026-01-08
4132,433,2,225125,K86,2026-03-30
4133,1288,6,223208,D83,2026-05-30
4134,170,3,225125,A98,2026-03-21
4135,76,4,223505,A93,2026-04-05
4136,4384,5,223505,A98,2026-03-08
4137,4639,8,322230,A98,2026-04-17
4138,4619,5,223505,A98,2026-03-17
4139,2440,5,223505,A98,2026-03-29
4140,2767,3,225125,T90,2026-04-09
4141,2464,5,223505,A98,2026-02-07
4142,4628,1,225125,A98,2026-01-06
4143,3921,7,223208,D83,2026-04-13
4144,3120,6,223208,D83,2026-05-30
4145,419,7,223208,D83,2026-01-27
4146,2778,8,322230,A98,2026-06-21
4147,2088,5,223505,W78,2026-03-31
4148,2323,1,225125,A98,2026-02-23
4149,1092,8,322230,A98,2026-01-09
4150,395,6,223208,D83,2026-05-13
4151,82,4,223505,A98,2026-06-14
4152,2103,9,322230,A98,2026-04-04
4153,3745,3,225125,W78,2026-05-14
4154,892,3,225125,A93,2026-01-10
4155,4716,6,223208,D83,2026-01-30
4156,4832,1,225125,T90,2026-02-16
4157,3011,2,225125,T90,2026-04-24
4158,3844,2,225125,A98,2026-04-13
4159,1834,1,225125,W78,2026-04-15
4160,2549,1,225125,K86,2026-03-14
4161,177,2,225125,X86,2026-01-20
4162,412,3,225125,A98,2026-03-03
4163,4451,9,322230,A98,2026-02-20
4164,4949,1,225125,X86,2026-04-30
4165,4192,3,225125,K86,2026-02-07
4166,3632,9,322230,A98,2026-05-08
4167,3100,8,322230,A98,2026-06-02
4168,2315,1,225125,A93,2026-02-18
4169,1190,5,223505,T90,2026-02-12
4170,3274,1,225125,X86,2026-03-25
4171,4606,1,225125,X86,2026-03-12
4172,2256,8,322230,A98,2026-03-18
4173,3495,2,225125,T90,2026-04-13
4174,2964,9,322230,A98,2026-01-06
4175,3940,6,223208,D83,2026-03-16
4176,2138,2,225125,X86,2026-03-07
4177,2329,5,223505,A98,2026-06-12
4178,2761,9,322230,A98,2026-03-30
4179,4767,4,223505,A98,2026-05-12
4180,3446,9,322230,A98,2026-06-22
4181,1969,5,223505,T90,2026-04-21
4182,4764,9,322230,A98,2026-02-11
4183,1721,2,225125,X86,2026-05-03
4184,2525,7,223208,D83,2026-01-11
4185,2524,1,225125,W78,2026-02-24
4186,106,3,225125,K86,2026-02-01
4187,4063,6,223208,D83,2026-02-14
4188,520,5,223505,A98,2026-06-09
4189,2500,9,322230,A98,2026-01-31
4190,3207,2,225125,A93,2026-03-14
4191,1477,3,225125,K86,2026-01-06
4192,2478,3,225125,A93,2026-06-18
4193,4549,2,225125,A98,2026-06-08
4194,1953,3,225125,A98,2026-04-09
4195,4631,1,225125,A98,2026-02-13
4196,1455,9,322230,A98,2026-03-22
4197,3200,7,223208,D83,2026-04-08
4198,2274,6,223208,D83,2026-05-16
4199,4186,5,223505,A98,2026-06-17
4200,3008,8,322230,A98,2026-05-30
4201,1997,5,223505,X86,2026-05-19
4202,330,2,225125,T90,2026-05-21
4203,1863,2,225125,X86,2026-02-24
4204,4948,2,225125,K86,2026-02-06
4205,643,4,223505,A98,2026-03-11
4206,4227,2,225125,A98,2026-04-14
4207,3334,9,322230,A98,2026-02-07
4208,3419,6,223208,D83,2026-01-01
4209,1891,3,225125,K86,2026-01-17
4210,1640,7,223208,D83,2026-01-05
4211,2813,2,225125,K86,2026-02-02
4212,2871,2,225125,K86,2026-05-23
4213,1261,5,223505,A98,2026-01-26
4214,4665,3,225125,A98,2026-03-05
4215,506,1,225125,T90,2026-03-25
4216,4235,7,223208,D83,2026-01-05
4217,3773,3,225125,T90,2026-06-25
4218,3846,3,225125,X86,2026-03-05
4219,3835,4,223505,K86,2026-01-06
4220,1087,6,223208,D83,2026-03-24
4221,2707,1,225125,A98,2026-02-15
4222,1580,1,225125,T90,2026-05-30
4223,761,5,223505,X86,2026-04-06
4224,4088,6,223208,D83,2026-04-05
4225,1032,9,322230,A98,2026-02-24
4226,4517,5,223505,K86,2026-05-17
4227,2355,1,225125,A98,2026-02-24
4228,133,3,225125,A93,2026-03-03
4229,3336,4,223505,W78,2026-05-04
4230,4474,3,225125,K86,2026-02-26
4231,835,3,225125,T90,2026-01-25
4232,2172,2,225125,K86,2026-06-17
4233,2512,3,225125,W78,2026-02-07
4234,628,2,225125,X86,2026-06-25
4235,2684,9,322230,A98,2026-03-15
4236,2212,2,225125,A98,2026-04-02
4237,1713,2,225125,K86,2026-02-09
4238,291,2,225125,T90,2026-06-05
4239,3568,7,223208,D83,2026-06-05
4240,3550,1,225125,A93,2026-05-11
4241,3341,8,322230,A98,2026-02-25
4242,1059,2,225125,T90,2026-02-05
4243,60,1,225125,A98,2026-06-08
4244,169,7,223208,D83,2026-04-15
4245,3547,2,225125,X86,2026-05-05
4246,2494,8,322230,A98,2026-06-10
4247,483,2,225125,A98,2026-06-06
4248,1427,2,225125,A98,2026-03-03
4249,3914,8,322230,A98,2026-02-24
4250,3211,5,223505,K86,2026-03-21
4251,1862,5,223505,A98,2026-05-25
4252,1789,2,225125,T90,2026-05-28
4253,736,2,225125,T90,2026-05-30
4254,441,2,225125,K86,2026-06-09
4255,2846,8,322230,A98,2026-02-25
4256,2852,6,223208,D83,2026-01-12
4257,2390,1,225125,K86,2026-06-11
4258,3160,1,225125,T90,2026-05-17
4259,937,3,225125,A98,2026-03-05
4260,3243,8,322230,A98,2026-01-01
4261,250,3,225125,X86,2026-03-19
4262,3094,7,223208,D83,2026-04-14
4263,488,4,223505,A93,2026-02-24
4264,4034,1,225125,K86,2026-04-14
4265,1025,1,225125,T90,2026-01-10
4266,4759,9,322230,A98,2026-05-09
4267,933,2,225125,A93,2026-02-26
4268,4966,7,223208,D83,2026-03-30
4269,4720,5,223505,A98,2026-05-18
4270,2328,5,223505,K86,2026-05-16
4271,3528,4,223505,K86,2026-06-17
4272,3998,2,225125,A98,2026-03-23
4273,2271,2,225125,A98,2026-01-20
4274,2823,4,223505,K86,2026-01-17
4275,37,2,225125,A98,2026-03-07
4276,4053,7,223208,D83,2026-05-23
4277,3072,4,223505,W78,2026-06-03
4278,1820,7,223208,D83,2026-05-20
4279,1876,1,225125,A98,2026-03-09
4280,464,2,225125,K86,2026-04-02
4281,2511,1,225125,K86,2026-03-05
4282,1469,7,223208,D83,2026-03-04
4283,2887,5,223505,A98,2026-02-25
4284,2483,1,225125,X86,2026-06-26
4285,4671,7,223208,D83,2026-01-26
4286,658,8,322230,A98,2026-01-24
4287,3481,2,225125,K86,2026-04-11
4288,2307,1,225125,W78,2026-05-27
4289,766,9,322230,A98,2026-05-30
4290,2912,1,225125,A98,2026-04-12
4291,3288,8,322230,A98,2026-04-10
4292,1557,1,225125,K86,2026-04-19
4293,1107,9,322230,A98,2026-04-24
4294,4856,9,322230,A98,2026-05-26
4295,4525,8,322230,A98,2026-03-27
4296,2311,5,223505,A93,2026-06-27
4297,1912,4,223505,X86,2026-03-08
4298,844,4,223505,A93,2026-01-22
4299,1073,4,223505,K86,2026-01-22
4300,3882,4,223505,A98,2026-05-01
4301,4518,4,223505,A93,2026-02-04
4302,4373,8,322230,A98,2026-06-02
4303,773,7,223208,D83,2026-01-24
4304,2153,7,223208,D83,2026-06-21
4305,3059,2,225125,X86,2026-03-16
4306,2792,1,225125,A98,2026-04-17
4307,1193,1,225125,A98,2026-03-29
4308,8,2,225125,K86,2026-03-20
4309,886,4,223505,K86,2026-01-22
4310,2272,2,225125,A98,2026-02-03
4311,4760,7,223208,D83,2026-03-26
4312,4786,1,225125,A93,2026-01-22
4313,3845,2,225125,T90,2026-04-06
4314,544,2,225125,T90,2026-05-09
4315,1104,3,225125,T90,2026-05-25
4316,1579,2,225125,K86,2026-04-04
4317,1652,6,223208,D83,2026-03-30
4318,939,2,225125,K86,2026-04-26
4319,726,7,223208,D83,2026-01-05
4320,2622,3,225125,A98,2026-04-19
4321,2143,1,225125,W78,2026-03-13
4322,3612,1,225125,A98,2026-02-10
4323,2759,1,225125,K86,2026-03-12
4324,1536,9,322230,A98,2026-04-10
4325,257,2,225125,K86,2026-03-21
4326,3302,6,223208,D83,2026-06-21
4327,2784,4,223505,A98,2026-06-07
4328,1640,9,322230,A98,2026-02-02
4329,4366,8,322230,A98,2026-02-16
4330,3099,6,223208,D83,2026-04-20
4331,3181,8,322230,A98,2026-06-03
4332,4528,4,223505,A98,2026-02-14
4333,929,8,322230,A98,2026-03-31
4334,1662,1,225125,A98,2026-06-15
4335,1857,4,223505,X86,2026-04-15
4336,3103,7,223208,D83,2026-01-16
4337,4384,2,225125,W78,2026-04-04
4338,4595,9,322230,A98,2026-03-16
4339,3001,5,223505,T90,2026-05-28
4340,2743,5,223505,A98,2026-01-08
4341,2685,6,223208,D83,2026-04-06
4342,3665,6,223208,D83,2026-03-07
4343,2099,4,223505,K86,2026-01-03
4344,2779,9,322230,A98,2026-02-04
4345,3126,1,225125,A98,2026-06-18
4346,400,1,225125,K86,2026-04-20
4347,3794,4,223505,K86,2026-05-09
4348,4662,3,225125,A93,2026-05-21
4349,4660,9,322230,A98,2026-01-04
4350,4208,4,223505,T90,2026-05-01
4351,2009,5,223505,K86,2026-06-09
4352,4415,4,223505,K86,2026-04-06
4353,347,2,225125,A93,2026-01-28
4354,2964,8,322230,A98,2026-01-28
4355,3343,3,225125,A98,2026-02-05
4356,171,9,322230,A98,2026-05-28
4357,877,8,322230,A98,2026-05-31
4358,1866,2,225125,K86,2026-01-31
4359,1538,7,223208,D83,2026-01-09
4360,2268,4,223505,X86,2026-01-07
4361,597,8,322230,A98,2026-04-25
4362,1056,8,322230,A98,2026-06-15
4363,34,2,225125,A98,2026-05-18
4364,4362,2,225125,X86,2026-03-03
4365,13,2,225125,K86,2026-01-28
4366,1842,4,223505,K86,2026-03-13
4367,4255,5,223505,A93,2026-02-27
4368,1665,5,223505,W78,2026-03-06
4369,2826,4,223505,A98,2026-06-03
4370,3940,1,225125,X86,2026-04-12
4371,2222,9,322230,A98,2026-06-05
4372,674,3,225125,X86,2026-03-24
4373,1868,8,322230,A98,2026-01-15
4374,4445,9,322230,A98,2026-06-02
4375,2737,3,225125,T90,2026-06-13
4376,4340,4,223505,A98,2026-05-24
4377,1779,2,225125,W78,2026-03-02
4378,3017,9,322230,A98,2026-03-16
4379,3968,5,223505,K86,2026-03-06
4380,2284,2,225125,A98,2026-04-30
4381,4207,9,322230,A98,2026-03-18
4382,4783,2,225125,K86,2026-06-25
4383,3147,3,225125,A98,2026-01-02
4384,2116,7,223208,D83,2026-05-12
4385,2685,2,225125,K86,2026-06-04
4386,695,1,225125,K86,2026-03-30
4387,2402,8,322230,A98,2026-04-26
4388,2128,5,223505,K86,2026-02-07
4389,1484,9,322230,A98,2026-03-06
4390,3487,3,225125,K86,2026-01-02
4391,184,8,322230,A98,2026-04-06
4392,1521,3,225125,T90,2026-06-08
4393,955,5,223505,A98,2026-05-02
4394,4060,3,225125,X86,2026-04-19
4395,1240,1,225125,A98,2026-03-13
4396,3834,3,225125,A98,2026-02-27
4397,4821,7,223208,D83,2026-01-10
4398,151,9,322230,A98,2026-01-30
4399,3419,8,322230,A98,2026-06-17
4400,4454,3,225125,W78,2026-02-09
4401,4088,3,225125,K86,2026-02-11
4402,882,2,225125,T90,2026-05-22
4403,385,5,223505,A93,2026-03-23
4404,3237,9,322230,A98,2026-04-10
4405,2688,9,322230,A98,2026-06-06
4406,136,2,225125,X86,2026-04-07
4407,4466,2,225125,X86,2026-05-04
4408,4908,9,322230,A98,2026-03-21
4409,989,2,225125,K86,2026-05-12
4410,3555,2,225125,A98,2026-04-07
4411,2159,1,225125,X86,2026-05-21
4412,4445,2,225125,T90,2026-02-12
4413,461,2,225125,T90,2026-03-10
4414,2120,1,225125,A98,2026-03-24
4415,2183,1,225125,T90,2026-04-09
4416,1479,1,225125,K86,2026-06-27
4417,4983,6,223208,D83,2026-05-02
4418,2535,6,223208,D83,2026-05-21
4419,4055,9,322230,A98,2026-05-16
4420,3963,1,225125,W78,2026-02-15
4421,172,8,322230,A98,2026-05-09
4422,4891,3,225125,W78,2026-04-16
4423,2070,8,322230,A98,2026-02-14
4424,1633,1,225125,K86,2026-05-12
4425,2380,8,322230,A98,2026-03-01
4426,2415,3,225125,A98,2026-02-26
4427,3986,7,223208,D83,2026-01-19
4428,1414,5,223505,W78,2026-02-22
4429,592,1,225125,A98,2026-05-01
4430,3550,7,223208,D83,2026-01-21
4431,3912,2,225125,T90,2026-05-15
4432,951,6,223208,D83,2026-06-15
4433,2615,3,225125,A93,2026-01-30
4434,3529,9,322230,A98,2026-05-21
4435,3536,1,225125,A98,2026-04-05
4436,2751,3,225125,A93,2026-01-26
4437,668,7,223208,D83,2026-04-04
4438,411,2,225125,A98,2026-02-07
4439,134,5,223505,K86,2026-04-26
4440,1335,4,223505,A98,2026-02-25
4441,4022,6,223208,D83,2026-01-22
4442,1253,1,225125,T90,2026-05-04
4443,2707,8,322230,A98,2026-04-08
4444,3160,9,322230,A98,2026-05-06
4445,2617,2,225125,K86,2026-03-04
4446,1875,2,225125,X86,2026-01-24
4447,812,5,223505,T90,2026-02-07
4448,348,6,223208,D83,2026-06-28
4449,1911,2,225125,X86,2026-02-27
4450,1286,7,223208,D83,2026-02-19
4451,1982,3,225125,A93,2026-01-16
4452,2224,2,225125,W78,2026-03-02
4453,215,4,223505,K86,2026-03-02
4454,2314,2,225125,X86,2026-02-20
4455,3401,7,223208,D83,2026-02-01
4456,4618,5,223505,K86,2026-03-31
4457,831,3,225125,K86,2026-03-20
4458,1535,1,225125,A98,2026-04-20
4459,4890,9,322230,A98,2026-03-21
4460,2483,5,223505,A98,2026-02-19
4461,354,9,322230,A98,2026-05-02
4462,1693,6,223208,D83,2026-03-13
4463,3078,2,225125,K86,2026-04-30
4464,2057,1,225125,K86,2026-04-24
4465,2626,2,225125,K86,2026-03-05
4466,4515,3,225125,A98,2026-04-24
4467,3454,1,225125,A98,2026-06-05
4468,1667,7,223208,D83,2026-06-13
4469,289,3,225125,A93,2026-02-12
4470,602,1,225125,T90,2026-06-10
4471,1761,4,223505,A98,2026-05-27
4472,2538,8,322230,A98,2026-03-05
4473,2134,4,223505,K86,2026-05-10
4474,1343,3,225125,A93,2026-04-27
4475,1482,2,225125,T90,2026-03-20
4476,4767,6,223208,D83,2026-03-06
4477,1718,1,225125,T90,2026-03-25
4478,1108,4,223505,K86,2026-02-28
4479,2441,1,225125,X86,2026-04-19
4480,2302,1,225125,W78,2026-01-31
4481,4831,4,223505,X86,2026-05-22
4482,952,1,225125,A98,2026-06-11
4483,4038,1,225125,X86,2026-05-31
4484,1063,5,223505,T90,2026-01-05
4485,907,5,223505,X86,2026-01-26
4486,2240,2,225125,A98,2026-02-02
4487,1585,8,322230,A98,2026-04-17
4488,1519,3,225125,A93,2026-05-12
4489,1160,9,322230,A98,2026-03-06
4490,222,7,223208,D83,2026-05-07
4491,143,1,225125,A98,2026-04-27
4492,4806,4,223505,A93,2026-04-11
4493,1,5,223505,K86,2026-06-17
4494,2279,2,225125,A98,2026-06-18
4495,3912,5,223505,K86,2026-06-07
4496,1033,2,225125,A98,2026-01-20
4497,1464,1,225125,A93,2026-06-11
4498,3209,8,322230,A98,2026-06-07
4499,2714,5,223505,A98,2026-01-20
4500,3451,1,225125,K86,2026-04-12
4501,1174,2,225125,K86,2026-05-30
4502,2161,2,225125,A98,2026-02-24
4503,2580,1,225125,A98,2026-04-09
4504,1496,3,225125,A98,2026-04-07
4505,4148,9,322230,A98,2026-03-15
4506,3577,9,322230,A98,2026-02-06
4507,1592,6,223208,D83,2026-04-28
4508,889,9,322230,A98,2026-06-04
4509,1795,6,223208,D83,2026-06-13
4510,2805,4,223505,A98,2026-04-25
4511,446,2,225125,A98,2026-03-10
4512,1950,3,225125,A98,2026-03-26
4513,2920,6,223208,D83,2026-05-12
4514,929,8,322230,A98,2026-05-17
4515,3987,6,223208,D83,2026-04-17
4516,169,8,322230,A98,2026-01-02
4517,835,4,223505,A98,2026-04-22
4518,4242,1,225125,T90,2026-03-20
4519,2075,9,322230,A98,2026-02-06
4520,1227,8,322230,A98,2026-01-22
4521,1081,1,225125,K86,2026-05-03
4522,2937,3,225125,A98,2026-03-29
4523,4635,3,225125,A98,2026-03-11
4524,3380,7,223208,D83,2026-06-14
4525,3303,2,225125,K86,2026-06-14
4526,3125,9,322230,A98,2026-05-08
4527,473,7,223208,D83,2026-06-05
4528,1423,1,225125,T90,2026-04-18
4529,40,8,322230,A98,2026-05-04
4530,4684,2,225125,A98,2026-02-18
4531,580,2,225125,A93,2026-05-04
4532,4924,1,225125,A98,2026-03-11
4533,4706,1,225125,X86,2026-01-03
4534,3741,6,223208,D83,2026-03-28
4535,2347,9,322230,A98,2026-04-15
4536,4620,1,225125,A98,2026-04-02
4537,779,2,225125,A98,2026-06-10
4538,1346,8,322230,A98,2026-05-31
4539,393,2,225125,T90,2026-05-31
4540,907,2,225125,T90,2026-05-13
4541,4699,9,322230,A98,2026-04-03
4542,4063,8,322230,A98,2026-03-12
4543,3683,1,225125,T90,2026-02-24
4544,4823,7,223208,D83,2026-03-12
4545,4906,4,223505,A98,2026-06-28
4546,3894,5,223505,A93,2026-01-06
4547,2731,4,223505,A98,2026-06-13
4548,1228,4,223505,K86,2026-01-01
4549,1030,3,225125,A98,2026-05-13
4550,1854,1,225125,K86,2026-04-30
4551,2554,5,223505,K86,2026-03-26
4552,4245,2,225125,K86,2026-06-26
4553,835,9,322230,A98,2026-01-02
4554,299,5,223505,K86,2026-02-24
4555,126,2,225125,A93,2026-02-06
4556,921,2,225125,K86,2026-04-19
4557,1890,1,225125,A98,2026-04-25
4558,125,8,322230,A98,2026-05-18
4559,2038,1,225125,A98,2026-04-20
4560,1601,3,225125,K86,2026-03-19
4561,4834,8,322230,A98,2026-05-14
4562,1375,2,225125,A98,2026-01-19
4563,4794,6,223208,D83,2026-04-01
4564,3880,3,225125,A98,2026-03-10
4565,1801,1,225125,K86,2026-05-27
4566,3840,1,225125,K86,2026-06-04
4567,2583,1,225125,W78,2026-06-20
4568,2743,6,223208,D83,2026-01-17
4569,977,2,225125,A98,2026-01-12
4570,3060,2,225125,A93,2026-02-23
4571,3641,1,225125,X86,2026-01-31
4572,1305,2,225125,K86,2026-03-15
4573,2917,5,223505,A98,2026-06-28
4574,4739,8,322230,A98,2026-06-22
4575,2188,9,322230,A98,2026-04-22
4576,2933,2,225125,T90,2026-04-30
4577,1918,5,223505,X86,2026-03-02
4578,3125,7,223208,D83,2026-05-19
4579,760,1,225125,K86,2026-06-08
4580,4269,9,322230,A98,2026-04-22
4581,4847,6,223208,D83,2026-02-02
4582,3133,8,322230,A98,2026-05-11
4583,1322,3,225125,A98,2026-03-21
4584,780,3,225125,A98,2026-03-26
4585,4804,2,225125,K86,2026-01-09
4586,4116,2,225125,X86,2026-06-29
4587,652,7,223208,D83,2026-03-22
4588,3020,4,223505,A98,2026-04-12
4589,3557,1,225125,A93,2026-02-04
4590,1704,3,225125,A98,2026-03-15
4591,275,9,322230,A98,2026-01-24
4592,3280,4,223505,A98,2026-06-19
4593,3134,4,223505,T90,2026-06-04
4594,3415,2,225125,X86,2026-05-08
4595,3518,6,223208,D83,2026-06-13
4596,1565,1,225125,X86,2026-05-21
4597,4037,2,225125,A98,2026-03-21
4598,3652,5,223505,A98,2026-06-18
4599,3903,1,225125,X86,2026-02-22
4600,3865,8,322230,A98,2026-04-09
4601,654,2,225125,K86,2026-03-08
4602,900,2,225125,K86,2026-04-03
4603,2032,7,223208,D83,2026-06-03
4604,386,4,223505,A98,2026-06-19
4605,1614,9,322230,A98,2026-01-26
4606,3828,6,223208,D83,2026-03-24
4607,3635,9,322230,A98,2026-04-12
4608,969,5,223505,A98,2026-05-22
4609,1020,5,223505,W78,2026-06-19
4610,1712,2,225125,W78,2026-04-05
4611,51,2,225125,T90,2026-06-13
4612,3023,9,322230,A98,2026-02-02
4613,3059,9,322230,A98,2026-05-31
4614,4219,2,225125,A98,2026-02-02
4615,3952,6,223208,D83,2026-04-21
4616,4466,4,223505,A98,2026-04-05
4617,1415,1,225125,A93,2026-04-07
4618,2281,1,225125,A98,2026-02-28
4619,4117,2,225125,K86,2026-05-22
4620,2364,2,225125,K86,2026-04-04
4621,85,8,322230,A98,2026-03-19
4622,4851,1,225125,K86,2026-03-10
4623,1540,1,225125,K86,2026-06-11
4624,2908,1,225125,A98,2026-02-05
4625,3963,6,223208,D83,2026-06-19
4626,132,1,225125,K86,2026-04-26
4627,4155,6,223208,D83,2026-04-02
4628,4825,1,225125,A93,2026-04-26
4629,1828,8,322230,A98,2026-01-19
4630,3021,3,225125,A93,2026-02-07
4631,3997,8,322230,A98,2026-06-13
4632,463,1,225125,W78,2026-03-02
4633,4809,6,223208,D83,2026-02-03
4634,3330,6,223208,D83,2026-01-06
4635,3995,9,322230,A98,2026-05-17
4636,3859,6,223208,D83,2026-03-16
4637,33,1,225125,A98,2026-01-05
4638,2599,1,225125,W78,2026-01-08
4639,4406,6,223208,D83,2026-04-09
4640,3397,2,225125,T90,2026-02-02
4641,648,8,322230,A98,2026-06-07
4642,4272,2,225125,A98,2026-01-29
4643,3975,1,225125,T90,2026-06-18
4644,940,3,225125,A98,2026-04-13
4645,23,3,225125,A93,2026-04-03
4646,1245,1,225125,K86,2026-05-17
4647,3151,6,223208,D83,2026-05-14
4648,3271,8,322230,A98,2026-03-11
4649,3391,6,223208,D83,2026-05-29
4650,1873,1,225125,K86,2026-05-24
4651,1204,1,225125,W78,2026-02-15
4652,2426,5,223505,A98,2026-04-22
4653,3688,6,223208,D83,2026-02-16
4654,3599,9,322230,A98,2026-02-20
4655,1354,1,225125,K86,2026-02-24
4656,658,2,225125,A98,2026-05-01
4657,4889,7,223208,D83,2026-04-10
4658,1618,1,225125,X86,2026-04-30
4659,1162,1,225125,A98,2026-03-07
4660,1723,3,225125,K86,2026-01-30
4661,1283,1,225125,X86,2026-05-24
4662,2762,6,223208,D83,2026-03-25
4663,4878,8,322230,A98,2026-05-17
4664,3432,7,223208,D83,2026-01-26
4665,3811,7,223208,D83,2026-05-21
4666,2144,4,223505,A93,2026-05-14
4667,3572,6,223208,D83,2026-01-07
4668,292,8,322230,A98,2026-03-06
4669,2948,6,223208,D83,2026-03-21
4670,344,7,223208,D83,2026-03-28
4671,4248,5,223505,A98,2026-03-05
4672,2939,7,223208,D83,2026-05-10
4673,1875,5,223505,A98,2026-04-10
4674,2394,8,322230,A98,2026-03-11
4675,417,8,322230,A98,2026-01-04
4676,4513,2,225125,A98,2026-05-11
4677,4386,2,225125,T90,2026-02-12
4678,3506,1,225125,X86,2026-02-27
4679,4415,3,225125,T90,2026-02-17
4680,4389,2,225125,A93,2026-05-06
4681,4897,7,223208,D83,2026-04-24
4682,2106,4,223505,K86,2026-06-06
4683,2965,7,223208,D83,2026-04-11
4684,1159,3,225125,K86,2026-03-28
4685,1562,4,223505,A98,2026-04-06
4686,3239,2,225125,X86,2026-06-12
4687,652,1,225125,A93,2026-05-04
4688,2341,5,223505,K86,2026-06-10
4689,4696,6,223208,D83,2026-06-18
4690,3218,5,223505,A93,2026-01-17
4691,2920,3,225125,K86,2026-05-29
4692,3049,2,225125,K86,2026-02-06
4693,395,1,225125,T90,2026-03-20
4694,2153,5,223505,X86,2026-03-22
4695,1909,9,322230,A98,2026-01-12
4696,3730,7,223208,D83,2026-03-01
4697,2359,1,225125,K86,2026-01-22
4698,1653,4,223505,A98,2026-06-22
4699,2274,1,225125,K86,2026-02-24
4700,1234,2,225125,K86,2026-01-28
4701,2355,2,225125,T90,2026-05-29
4702,1788,8,322230,A98,2026-02-07
4703,4764,2,225125,X86,2026-05-04
4704,2541,4,223505,K86,2026-05-31
4705,966,6,223208,D83,2026-04-23
4706,4923,1,225125,K86,2026-03-08
4707,3587,5,223505,A98,2026-06-14
4708,1711,7,223208,D83,2026-01-08
4709,1162,3,225125,A93,2026-06-24
4710,1656,4,223505,X86,2026-04-02
4711,353,7,223208,D83,2026-03-06
4712,2903,4,223505,A98,2026-01-09
4713,2698,2,225125,A98,2026-02-17
4714,4207,9,322230,A98,2026-06-07
4715,111,9,322230,A98,2026-06-07
4716,3054,9,322230,A98,2026-02-20
4717,224,7,223208,D83,2026-01-19
4718,4874,6,223208,D83,2026-03-09
4719,798,1,225125,A98,2026-02-20
4720,1375,5,223505,A98,2026-05-08
4721,4516,4,223505,W78,2026-05-12
4722,838,2,225125,A98,2026-06-15
4723,4191,2,225125,T90,2026-01-20
4724,4717,2,225125,X86,2026-06-13
4725,3842,2,225125,T90,2026-05-04
4726,1959,2,225125,W78,2026-02-19
4727,788,2,225125,A98,2026-06-20
4728,2413,9,322230,A98,2026-05-07
4729,3548,7,223208,D83,2026-01-12
4730,4130,1,225125,T90,2026-03-05
4731,1659,6,223208,D83,2026-02-05
4732,2522,3,225125,X86,2026-04-12
4733,4725,8,322230,A98,2026-03-22
4734,2799,6,223208,D83,2026-01-27
4735,4344,8,322230,A98,2026-03-19
4736,2588,3,225125,A98,2026-06-09
4737,2134,1,225125,A93,2026-03-31
4738,4739,1,225125,A98,2026-05-02
4739,1996,7,223208,D83,2026-01-08
4740,2083,8,322230,A98,2026-04-13
4741,4033,5,223505,A98,2026-06-27
4742,4128,2,225125,X86,2026-06-13
4743,2137,1,225125,T90,2026-04-25
4744,1594,9,322230,A98,2026-04-23
4745,2479,9,322230,A98,2026-01-21
4746,3822,2,225125,A93,2026-02-17
4747,3988,9,322230,A98,2026-02-16
4748,2664,1,225125,A98,2026-03-29
4749,3538,7,223208,D83,2026-02-03
4750,723,4,223505,A98,2026-04-21
4751,1988,8,322230,A98,2026-06-01
4752,2803,8,322230,A98,2026-02-06
4753,3499,3,225125,T90,2026-02-20
4754,1992,2,225125,A98,2026-06-05
4755,452,1,225125,K86,2026-05-24
4756,4660,2,225125,W78,2026-01-12
4757,2388,3,225125,K86,2026-01-17
4758,3810,2,225125,A98,2026-01-06
4759,2832,1,225125,T90,2026-02-05
4760,3103,9,322230,A98,2026-02-15
4761,3746,7,223208,D83,2026-06-22
4762,1982,3,225125,K86,2026-04-20
4763,4288,2,225125,X86,2026-05-15
4764,3313,8,322230,A98,2026-06-26
4765,1074,4,223505,A98,2026-04-21
4766,1131,1,225125,A98,2026-02-20
4767,4937,1,225125,K86,2026-01-29
4768,1580,8,322230,A98,2026-02-09
4769,2768,2,225125,A93,2026-06-09
4770,2049,8,322230,A98,2026-03-16
4771,1835,5,223505,A98,2026-05-02
4772,3880,7,223208,D83,2026-06-17
4773,3124,2,225125,X86,2026-04-01
4774,294,9,322230,A98,2026-03-30
4775,1284,8,322230,A98,2026-06-05
4776,2449,8,322230,A98,2026-05-26
4777,4532,1,225125,X86,2026-04-09
4778,3630,1,225125,W78,2026-06-14
4779,910,7,223208,D83,2026-03-19
4780,4939,1,225125,K86,2026-06-11
4781,2773,7,223208,D83,2026-06-28
4782,2635,9,322230,A98,2026-06-21
4783,1840,1,225125,A93,2026-02-11
4784,437,2,225125,K86,2026-06-14
4785,3610,5,223505,A93,2026-02-07
4786,850,4,223505,A98,2026-01-27
4787,4982,1,225125,W78,2026-04-19
4788,940,1,225125,A93,2026-04-18
4789,285,7,223208,D83,2026-06-07
4790,3152,8,322230,A98,2026-05-14
4791,4394,9,322230,A98,2026-04-27
4792,2026,3,225125,K86,2026-03-04
4793,389,2,225125,A93,2026-05-28
4794,4291,2,225125,W78,2026-04-26
4795,251,6,223208,D83,2026-05-30
4796,952,4,223505,A98,2026-05-13
4797,3134,1,225125,X86,2026-04-26
4798,2157,9,322230,A98,2026-03-31
4799,946,7,223208,D83,2026-03-30
4800,830,4,223505,A93,2026-03-04
4801,269,9,322230,A98,2026-06-07
4802,3254,1,225125,X86,2026-03-20
4803,3585,9,322230,A98,2026-06-26
4804,929,4,223505,T90,2026-05-28
4805,4968,5,223505,K86,2026-05-03
4806,1679,9,322230,A98,2026-02-04
4807,1741,1,225125,A98,2026-06-02
4808,4743,3,225125,X86,2026-05-22
4809,283,9,322230,A98,2026-04-24
4810,947,6,223208,D83,2026-06-18
4811,2308,7,223208,D83,2026-03-14
4812,1062,4,223505,K86,2026-02-24
4813,2675,1,225125,A93,2026-05-04
4814,2379,1,225125,A98,2026-05-25
4815,3205,1,225125,A98,2026-03-23
4816,4871,9,322230,A98,2026-01-04
4817,4175,8,322230,A98,2026-06-09
4818,1391,5,223505,K86,2026-03-31
4819,985,3,225125,W78,2026-05-30
4820,2232,7,223208,D83,2026-06-13
4821,2338,1,225125,A98,2026-03-10
4822,2392,7,223208,D83,2026-03-18
4823,2944,8,322230,A98,2026-04-19
4824,1364,8,322230,A98,2026-03-01
4825,2858,5,223505,A98,2026-01-24
4826,1533,8,322230,A98,2026-06-29
4827,3779,4,223505,A98,2026-02-09
4828,4862,2,225125,A93,2026-06-23
4829,1980,8,322230,A98,2026-03-01
4830,1661,5,223505,A98,2026-02-27
4831,3151,5,223505,T90,2026-05-06
4832,540,3,225125,T90,2026-05-23
4833,2351,5,223505,A98,2026-04-07
4834,3527,9,322230,A98,2026-03-27
4835,64,6,223208,D83,2026-05-09
4836,3007,8,322230,A98,2026-05-08
4837,1108,1,225125,W78,2026-01-24
4838,2856,3,225125,X86,2026-01-13
4839,2219,1,225125,T90,2026-01-04
4840,2502,9,322230,A98,2026-04-19
4841,1700,5,223505,X86,2026-05-11
4842,3084,1,225125,K86,2026-05-31
4843,4395,5,223505,A98,2026-06-18
4844,1807,1,225125,A98,2026-04-29
4845,2816,2,225125,X86,2026-06-12
4846,3193,3,225125,X86,2026-06-01
4847,379,1,225125,K86,2026-03-23
4848,4337,1,225125,A98,2026-04-29
4849,587,2,225125,W78,2026-02-24
4850,2958,5,223505,K86,2026-02-18
4851,1782,7,223208,D83,2026-01-30
4852,4660,2,225125,A98,2026-01-09
4853,1965,7,223208,D83,2026-04-13
4854,1509,6,223208,D83,2026-05-14
4855,1721,7,223208,D83,2026-03-08
4856,1027,6,223208,D83,2026-02-28
4857,4959,4,223505,T90,2026-04-18
4858,3242,1,225125,A93,2026-06-20
4859,4086,1,225125,A98,2026-04-21
4860,2122,9,322230,A98,2026-04-23
4861,1065,1,225125,A98,2026-05-10
4862,3847,7,223208,D83,2026-03-09
4863,4411,6,223208,D83,2026-02-05
4864,1671,2,225125,A93,2026-03-30
4865,918,1,225125,K86,2026-05-26
4866,1760,9,322230,A98,2026-04-14
4867,1957,6,223208,D83,2026-04-09
4868,392,8,322230,A98,2026-03-01
4869,1596,1,225125,W78,2026-06-27
4870,3679,4,223505,X86,2026-04-16
4871,2913,7,223208,D83,2026-06-14
4872,4864,5,223505,X86,2026-03-20
4873,4586,2,225125,A98,2026-03-06
4874,941,9,322230,A98,2026-03-29
4875,1801,8,322230,A98,2026-05-31
4876,2159,5,223505,W78,2026-04-02
4877,1263,2,225125,K86,2026-01-14
4878,2037,5,223505,T90,2026-04-11
4879,4466,5,223505,T90,2026-05-04
4880,628,3,225125,A98,2026-01-20
4881,4857,1,225125,K86,2026-02-07
4882,4342,3,225125,A98,2026-02-24
4883,3458,1,225125,K86,2026-02-12
4884,4383,7,223208,D83,2026-03-27
4885,1740,7,223208,D83,2026-03-15
4886,3419,8,322230,A98,2026-01-13
4887,2448,1,225125,A98,2026-04-24
4888,2517,9,322230,A98,2026-03-16
4889,3075,9,322230,A98,2026-04-06
4890,1850,5,223505,W78,2026-03-25
4891,3620,8,322230,A98,2026-06-13
4892,4639,5,223505,A98,2026-05-18
4893,38,2,225125,A98,2026-02-08
4894,1038,2,225125,T90,2026-06-07
4895,1519,1,225125,A98,2026-06-02
4896,4301,2,225125,A98,2026-04-23
4897,2036,9,322230,A98,2026-04-12
4898,2766,2,225125,A93,2026-01-03
4899,1961,9,322230,A98,2026-02-23
4900,602,1,225125,K86,2026-05-01
4901,1731,6,223208,D83,2026-03-17
4902,4974,7,223208,D83,2026-04-20
4903,2745,7,223208,D83,2026-06-22
4904,1551,2,225125,A98,2026-04-19
4905,4085,3,225125,A98,2026-04-22
4906,1168,7,223208,D83,2026-03-20
4907,397,9,322230,A98,2026-02-25
4908,4309,5,223505,K86,2026-03-10
4909,3250,9,322230,A98,2026-03-07
4910,3873,1,225125,W78,2026-06-06
4911,3675,8,322230,A98,2026-01-01
4912,2306,1,225125,X86,2026-03-09
4913,406,2,225125,W78,2026-04-23
4914,3351,5,223505,X86,2026-06-23
4915,798,4,223505,K86,2026-04-10
4916,3907,2,225125,A98,2026-06-19
4917,4993,2,225125,A98,2026-05-01
4918,1460,8,322230,A98,2026-03-08
4919,4106,6,223208,D83,2026-02-03
4920,1959,7,223208,D83,2026-04-18
4921,4105,3,225125,K86,2026-03-07
4922,738,2,225125,W78,2026-04-16
4923,1688,1,225125,K86,2026-03-28
4924,2058,3,225125,T90,2026-04-13
4925,3244,7,223208,D83,2026-06-01
4926,235,1,225125,A98,2026-04-29
4927,1025,9,322230,A98,2026-01-18
4928,4704,2,225125,W78,2026-04-03
4929,241,5,223505,K86,2026-02-20
4930,250,1,225125,A98,2026-05-27
4931,1431,1,225125,A98,2026-03-24
4932,321,1,225125,X86,2026-01-21
4933,2863,4,223505,T90,2026-04-04
4934,256,6,223208,D83,2026-03-22
4935,487,6,223208,D83,2026-01-04
4936,224,1,225125,X86,2026-01-26
4937,4949,5,223505,X86,2026-02-10
4938,3423,5,223505,W78,2026-01-09
4939,4945,2,225125,T90,2026-04-07
4940,2468,7,223208,D83,2026-03-18
4941,3731,2,225125,K86,2026-05-02
4942,1893,1,225125,A98,2026-04-29
4943,3122,8,322230,A98,2026-03-24
4944,2898,4,223505,A98,2026-05-01
4945,2025,3,225125,K86,2026-04-13
4946,2209,9,322230,A98,2026-01-10
4947,3354,4,223505,W78,2026-03-07
4948,2102,2,225125,A93,2026-04-07
4949,89,2,225125,T90,2026-05-24
4950,389,1,225125,A98,2026-01-21
4951,3680,8,322230,A98,2026-03-30
4952,1528,1,225125,A98,2026-04-11
4953,2142,4,223505,A98,2026-05-31
4954,1670,4,223505,K86,2026-06-28
4955,4618,8,322230,A98,2026-04-21
4956,3451,8,322230,A98,2026-03-18
4957,4630,7,223208,D83,2026-05-19
4958,3288,1,225125,T90,2026-03-31
4959,2645,2,225125,X86,2026-04-15
4960,3744,3,225125,X86,2026-03-30
4961,697,9,322230,A98,2026-04-11
4962,3956,3,225125,A98,2026-04-20
4963,3865,2,225125,K86,2026-01-14
4964,3173,1,225125,T90,2026-01-26
4965,984,3,225125,K86,2026-06-29
4966,2728,9,322230,A98,2026-04-18
4967,4156,1,225125,K86,2026-05-17
4968,4452,2,225125,A98,2026-04-03
4969,2257,9,322230,A98,2026-01-16
4970,3825,8,322230,A98,2026-02-19
4971,3897,6,223208,D83,2026-04-05
4972,18,7,223208,D83,2026-04-20
4973,137,6,223208,D83,2026-02-20
4974,1221,3,225125,A98,2026-01-21
4975,523,2,225125,A98,2026-02-12
4976,4211,8,322230,A98,2026-06-25
4977,429,9,322230,A98,2026-01-03
4978,279,2,225125,K86,2026-04-26
4979,11,2,225125,W78,2026-05-08
4980,3237,3,225125,A98,2026-02-05
4981,4127,9,322230,A98,2026-01-23
4982,2305,6,223208,D83,2026-05-20
4983,1746,9,322230,A98,2026-06-13
4984,1321,5,223505,X86,2026-03-14
4985,1459,2,225125,A93,2026-06-21
4986,1496,1,225125,K86,2026-05-30
4987,399,5,223505,A98,2026-01-24
4988,2275,3,225125,W78,2026-05-22
4989,2202,2,225125,A98,2026-01-12
4990,878,8,322230,A98,2026-06-18
4991,695,1,225125,A93,2026-06-12
4992,875,7,223208,D83,2026-01-25
4993,2261,2,225125,K86,2026-04-02
4994,1643,5,223505,K86,2026-05-02
4995,4680,2,225125,A93,2026-03-01
4996,942,9,322230,A98,2026-05-13
4997,3485,1,225125,A93,2026-06-17
4998,790,1,225125,W78,2026-04-16
4999,1979,4,223505,T90,2026-03-07
5000,857,9,322230,A98,2026-03-14
5001,3759,2,225125,K86,2026-02-09
5002,2080,1,225125,A98,2026-01-11
5003,145,3,225125,A98,2026-02-01
5004,2285,9,322230,A98,2026-02-19
5005,2089,7,223208,D83,2026-06-21
5006,4374,4,223505,T90,2026-01-14
5007,3608,1,225125,A98,2026-05-30
5008,4470,8,322230,A98,2026-04-16
5009,2917,6,223208,D83,2026-03-03
5010,173,8,322230,A98,2026-01-26
5011,2016,1,225125,A98,2026-01-07
5012,3918,2,225125,A93,2026-01-15
5013,4967,8,322230,A98,2026-04-09
5014,3831,1,225125,A93,2026-01-30
5015,4206,4,223505,A98,2026-06-19
5016,1054,7,223208,D83,2026-01-28
5017,3824,5,223505,A98,2026-05-02
5018,2959,1,225125,A98,2026-06-21
5019,965,8,322230,A98,2026-03-09
5020,87,1,225125,A98,2026-06-09
5021,3529,2,225125,K86,2026-01-28
5022,3007,2,225125,A98,2026-05-01
5023,2810,1,225125,T90,2026-04-25
5024,798,1,225125,A93,2026-01-13
5025,2959,9,322230,A98,2026-06-19
5026,3530,2,225125,A93,2026-03-30
5027,3717,6,223208,D83,2026-04-09
5028,1939,6,223208,D83,2026-02-13
5029,3113,4,223505,K86,2026-04-25
5030,1261,9,322230,A98,2026-02-06
5031,2560,9,322230,A98,2026-01-30
5032,1084,1,225125,K86,2026-04-11
5033,4895,7,223208,D83,2026-02-20
5034,779,9,322230,A98,2026-01-15
5035,2284,5,223505,A93,2026-06-11
5036,4852,8,322230,A98,2026-02-20
5037,1396,6,223208,D83,2026-02-10
5038,1084,9,322230,A98,2026-01-01
5039,797,9,322230,A98,2026-06-14
5040,190,7,223208,D83,2026-01-15
5041,4992,7,223208,D83,2026-03-15
5042,2732,8,322230,A98,2026-04-11
5043,3527,1,225125,K86,2026-04-08
5044,3715,2,225125,A98,2026-02-20
5045,3007,1,225125,K86,2026-04-10
5046,3881,2,225125,A93,2026-04-23
5047,219,7,223208,D83,2026-06-19
5048,4456,6,223208,D83,2026-02-04
5049,94,9,322230,A98,2026-02-21
5050,1815,4,223505,A98,2026-05-15
5051,1485,2,225125,A98,2026-02-07
5052,3239,3,225125,K86,2026-06-02
5053,3730,6,223208,D83,2026-02-16
5054,3997,2,225125,K86,2026-04-08
5055,3777,6,223208,D83,2026-06-05
5056,4414,7,223208,D83,2026-02-11
5057,4778,3,225125,A93,2026-03-12
5058,1462,6,223208,D83,2026-02-24
5059,2569,1,225125,W78,2026-05-11
5060,830,3,225125,W78,2026-02-25
5061,1883,7,223208,D83,2026-02-17
5062,2360,3,225125,X86,2026-04-15
5063,1654,7,223208,D83,2026-03-22
5064,3183,3,225125,W78,2026-01-22
5065,29,6,223208,D83,2026-05-05
5066,2249,7,223208,D83,2026-03-16
5067,4299,2,225125,T90,2026-01-23
5068,2708,6,223208,D83,2026-05-09
5069,4615,3,225125,A98,2026-06-04
5070,2832,2,225125,A93,2026-03-10
5071,1337,3,225125,A93,2026-04-09
5072,3904,5,223505,X86,2026-03-17
5073,940,5,223505,W78,2026-05-20
5074,3379,5,223505,K86,2026-05-02
5075,3038,9,322230,A98,2026-02-20
5076,4160,9,322230,A98,2026-04-26
5077,4956,5,223505,A98,2026-04-30
5078,4536,2,225125,A98,2026-02-15
5079,3380,8,322230,A98,2026-02-28
5080,1390,2,225125,A98,2026-01-09
5081,3389,3,225125,K86,2026-05-05
5082,764,1,225125,K86,2026-03-05
5083,4059,1,225125,W78,2026-04-29
5084,3665,1,225125,A98,2026-05-08
5085,2708,2,225125,K86,2026-04-15
5086,1092,2,225125,A98,2026-02-12
5087,1121,9,322230,A98,2026-05-02
5088,2127,2,225125,W78,2026-01-23
5089,4161,2,225125,X86,2026-06-29
5090,417,3,225125,A98,2026-05-27
5091,1760,7,223208,D83,2026-03-17
5092,1388,1,225125,A93,2026-01-19
5093,4397,1,225125,A98,2026-02-05
5094,1162,5,223505,A98,2026-03-03
5095,2238,4,223505,A98,2026-05-04
5096,3708,5,223505,K86,2026-02-25
5097,4878,8,322230,A98,2026-04-30
5098,3477,8,322230,A98,2026-02-23
5099,1120,5,223505,A98,2026-02-27
5100,4839,9,322230,A98,2026-06-13
5101,3267,7,223208,D83,2026-06-10
5102,4142,5,223505,A98,2026-05-30
5103,875,6,223208,D83,2026-05-26
5104,4204,2,225125,A98,2026-06-21
5105,2831,9,322230,A98,2026-02-15
5106,4336,5,223505,A98,2026-03-11
5107,2488,9,322230,A98,2026-04-25
5108,4883,7,223208,D83,2026-03-24
5109,1357,4,223505,A98,2026-03-18
5110,60,2,225125,A98,2026-04-28
5111,3261,7,223208,D83,2026-03-08
5112,124,9,322230,A98,2026-06-13
5113,4515,7,223208,D83,2026-04-06
5114,1589,2,225125,A98,2026-02-19
5115,2787,4,223505,X86,2026-06-19
5116,4825,2,225125,K86,2026-02-09
5117,3221,5,223505,A93,2026-05-21
5118,2489,7,223208,D83,2026-06-17
5119,1175,2,225125,A98,2026-01-06
5120,4571,2,225125,K86,2026-04-20
5121,1317,6,223208,D83,2026-01-17
5122,263,6,223208,D83,2026-03-26
5123,4773,8,322230,A98,2026-05-08
5124,4589,1,225125,A93,2026-01-21
5125,4203,3,225125,T90,2026-05-06
5126,4239,3,225125,T90,2026-04-29
5127,654,5,223505,W78,2026-06-08
5128,197,2,225125,T90,2026-04-05
5129,4971,6,223208,D83,2026-06-14
5130,983,2,225125,T90,2026-05-09
5131,77,2,225125,W78,2026-02-20
5132,1588,1,225125,W78,2026-03-19
5133,1344,4,223505,A98,2026-05-29
5134,2020,5,223505,W78,2026-03-09
5135,2031,7,223208,D83,2026-06-27
5136,1735,1,225125,A98,2026-04-21
5137,2971,8,322230,A98,2026-02-22
5138,3695,8,322230,A98,2026-05-02
5139,1365,5,223505,A98,2026-05-29
5140,205,5,223505,A98,2026-01-08
5141,2338,3,225125,K86,2026-06-11
5142,108,6,223208,D83,2026-06-03
5143,2508,7,223208,D83,2026-05-25
5144,536,2,225125,K86,2026-06-26
5145,2464,8,322230,A98,2026-05-02
5146,3003,4,223505,A98,2026-01-25
5147,3931,7,223208,D83,2026-06-08
5148,4812,2,225125,A98,2026-05-25
5149,4289,6,223208,D83,2026-01-04
5150,3417,8,322230,A98,2026-06-03
5151,3432,7,223208,D83,2026-03-14
5152,3365,1,225125,K86,2026-02-09
5153,2751,1,225125,A93,2026-01-03
5154,3290,5,223505,K86,2026-03-20
5155,4917,6,223208,D83,2026-05-15
5156,374,9,322230,A98,2026-04-16
5157,3647,7,223208,D83,2026-03-12
5158,2290,2,225125,A98,2026-05-14
5159,3512,8,322230,A98,2026-02-03
5160,3487,9,322230,A98,2026-04-26
5161,3507,9,322230,A98,2026-04-04
5162,1665,5,223505,W78,2026-02-17
5163,3850,2,225125,A98,2026-02-07
5164,3267,1,225125,K86,2026-04-22
5165,1989,2,225125,A98,2026-03-22
5166,3915,4,223505,X86,2026-04-20
5167,4910,2,225125,W78,2026-03-21
5168,1258,1,225125,T90,2026-04-11
5169,1682,4,223505,A98,2026-04-23
5170,2761,8,322230,A98,2026-03-27
5171,1932,7,223208,D83,2026-05-13
5172,4077,1,225125,W78,2026-04-25
5173,838,7,223208,D83,2026-04-11
5174,133,9,322230,A98,2026-04-08
5175,3861,2,225125,A98,2026-02-02
5176,379,1,225125,A98,2026-01-06
5177,3080,7,223208,D83,2026-04-17
5178,3079,6,223208,D83,2026-01-01
5179,4492,6,223208,D83,2026-05-26
5180,4723,4,223505,A98,2026-06-26
5181,2091,3,225125,W78,2026-01-08
5182,3757,4,223505,A98,2026-01-01
5183,3790,4,223505,K86,2026-03-13
5184,4663,9,322230,A98,2026-05-20
5185,692,7,223208,D83,2026-02-16
5186,1458,4,223505,W78,2026-04-04
5187,3562,1,225125,A98,2026-01-12
5188,2827,7,223208,D83,2026-06-22
5189,3473,2,225125,T90,2026-05-06
5190,638,4,223505,W78,2026-03-27
5191,1648,3,225125,K86,2026-01-31
5192,3577,9,322230,A98,2026-04-15
5193,1333,2,225125,K86,2026-05-14
5194,1865,4,223505,W78,2026-03-03
5195,634,6,223208,D83,2026-03-17
5196,4984,2,225125,K86,2026-01-13
5197,4968,5,223505,A98,2026-03-10
5198,1876,9,322230,A98,2026-02-02
5199,4565,4,223505,A93,2026-04-24
5200,1478,2,225125,K86,2026-03-21
5201,3768,3,225125,A93,2026-05-12
5202,4924,5,223505,K86,2026-06-22
5203,2526,9,322230,A98,2026-01-13
5204,1055,1,225125,A98,2026-03-06
5205,1142,5,223505,X86,2026-03-09
5206,4089,1,225125,A93,2026-04-07
5207,1124,2,225125,T90,2026-04-17
5208,1964,8,322230,A98,2026-04-16
5209,2014,9,322230,A98,2026-01-11
5210,1131,1,225125,A93,2026-02-08
5211,4061,9,322230,A98,2026-06-06
5212,1557,3,225125,A98,2026-03-03
5213,2797,4,223505,K86,2026-04-25
5214,3422,3,225125,K86,2026-04-06
5215,1957,4,223505,X86,2026-04-12
5216,793,4,223505,X86,2026-06-28
5217,191,2,225125,K86,2026-03-10
5218,2273,1,225125,X86,2026-02-01
5219,149,2,225125,K86,2026-04-01
5220,3480,5,223505,W78,2026-06-28
5221,2293,1,225125,X86,2026-04-12
5222,2335,8,322230,A98,2026-03-06
5223,2311,8,322230,A98,2026-01-03
5224,2276,6,223208,D83,2026-01-09
5225,3770,8,322230,A98,2026-02-22
5226,3549,7,223208,D83,2026-02-19
5227,3748,1,225125,K86,2026-04-20
5228,423,8,322230,A98,2026-05-24
5229,550,4,223505,A98,2026-04-26
5230,791,5,223505,K86,2026-05-12
5231,4278,2,225125,K86,2026-04-26
5232,879,3,225125,T90,2026-02-11
5233,1415,1,225125,A93,2026-01-13
5234,1481,9,322230,A98,2026-02-24
5235,4296,9,322230,A98,2026-06-14
5236,3691,2,225125,X86,2026-06-15
5237,891,2,225125,X86,2026-05-20
5238,1625,1,225125,A98,2026-01-13
5239,2588,2,225125,T90,2026-02-12
5240,972,5,223505,T90,2026-05-20
5241,2135,4,223505,K86,2026-05-28
5242,3326,5,223505,W78,2026-06-24
5243,3703,4,223505,T90,2026-01-31
5244,839,4,223505,X86,2026-06-14
5245,908,4,223505,A98,2026-01-08
5246,1391,8,322230,A98,2026-05-22
5247,601,3,225125,A93,2026-02-13
5248,949,7,223208,D83,2026-06-11
5249,222,4,223505,A93,2026-06-26
5250,4975,7,223208,D83,2026-01-23
5251,2745,1,225125,K86,2026-03-10
5252,2566,8,322230,A98,2026-02-18
5253,2486,1,225125,T90,2026-06-17
5254,4309,6,223208,D83,2026-04-04
5255,2792,3,225125,X86,2026-01-15
5256,289,9,322230,A98,2026-04-02
5257,3946,2,225125,K86,2026-04-25
5258,4887,4,223505,K86,2026-03-27
5259,4755,1,225125,A98,2026-05-15
5260,1330,4,223505,A98,2026-05-16
5261,699,6,223208,D83,2026-04-05
5262,2219,4,223505,K86,2026-02-25
5263,2964,8,322230,A98,2026-05-11
5264,3091,5,223505,T90,2026-03-15
5265,3347,1,225125,W78,2026-04-07
5266,997,6,223208,D83,2026-04-05
5267,1124,1,225125,A98,2026-03-11
5268,4002,6,223208,D83,2026-03-17
5269,2506,4,223505,K86,2026-02-26
5270,359,8,322230,A98,2026-02-08
5271,2811,8,322230,A98,2026-05-01
5272,3752,2,225125,T90,2026-05-04
5273,4667,1,225125,A98,2026-06-19
5274,1083,6,223208,D83,2026-02-19
5275,2644,1,225125,K86,2026-06-15
5276,177,1,225125,K86,2026-06-05
5277,364,9,322230,A98,2026-04-11
5278,1118,1,225125,A98,2026-03-14
5279,2779,5,223505,K86,2026-01-08
5280,1102,7,223208,D83,2026-01-27
5281,1872,9,322230,A98,2026-06-17
5282,1787,1,225125,W78,2026-02-14
5283,4548,2,225125,T90,2026-01-16
5284,2747,2,225125,K86,2026-02-28
5285,102,1,225125,T90,2026-04-09
5286,2557,1,225125,A98,2026-06-17
5287,4729,7,223208,D83,2026-06-29
5288,1892,6,223208,D83,2026-05-05
5289,2032,2,225125,A98,2026-05-20
5290,1028,4,223505,T90,2026-06-03
5291,1962,1,225125,A93,2026-04-05
5292,4720,9,322230,A98,2026-04-03
5293,3746,1,225125,X86,2026-04-09
5294,2486,4,223505,A98,2026-05-20
5295,425,2,225125,A98,2026-02-26
5296,2770,7,223208,D83,2026-02-14
5297,501,3,225125,T90,2026-06-03
5298,2573,8,322230,A98,2026-02-20
5299,900,2,225125,W78,2026-01-14
5300,4554,2,225125,T90,2026-06-03
5301,3982,5,223505,A98,2026-05-20
5302,3578,1,225125,A93,2026-01-11
5303,2,2,225125,A93,2026-06-15
5304,4139,1,225125,X86,2026-04-22
5305,87,5,223505,A98,2026-01-20
5306,402,4,223505,K86,2026-02-17
5307,3882,3,225125,X86,2026-04-01
5308,4889,2,225125,K86,2026-05-08
5309,4084,5,223505,K86,2026-04-12
5310,1449,2,225125,K86,2026-01-13
5311,2908,8,322230,A98,2026-02-21
5312,1823,5,223505,T90,2026-05-16
5313,3318,2,225125,W78,2026-02-09
5314,3476,5,223505,A98,2026-05-22
5315,692,2,225125,A98,2026-04-05
5316,4917,6,223208,D83,2026-02-09
5317,323,4,223505,T90,2026-03-03
5318,1160,2,225125,T90,2026-05-01
5319,3025,8,322230,A98,2026-02-17
5320,3423,1,225125,A98,2026-03-29
5321,2124,7,223208,D83,2026-05-26
5322,3443,3,225125,A98,2026-06-15
5323,3215,8,322230,A98,2026-03-11
5324,28,8,322230,A98,2026-05-11
5325,3275,1,225125,A98,2026-03-31
5326,4545,4,223505,K86,2026-01-25
5327,1380,2,225125,A98,2026-06-15
5328,902,1,225125,A98,2026-05-06
5329,2446,8,322230,A98,2026-05-25
5330,585,4,223505,T90,2026-03-06
5331,744,8,322230,A98,2026-03-14
5332,1529,2,225125,K86,2026-02-05
5333,2751,5,223505,A98,2026-06-15
5334,4822,1,225125,X86,2026-03-27
5335,800,1,225125,K86,2026-04-17
5336,1000,2,225125,A98,2026-05-01
5337,2976,4,223505,A93,2026-05-03
5338,4116,2,225125,K86,2026-04-14
5339,3171,7,223208,D83,2026-05-12
5340,2405,5,223505,A93,2026-05-24
5341,1895,1,225125,A98,2026-04-09
5342,4191,9,322230,A98,2026-03-02
5343,403,7,223208,D83,2026-04-18
5344,4921,4,223505,K86,2026-06-12
5345,1127,1,225125,A98,2026-05-24
5346,1202,5,223505,W78,2026-01-20
5347,1682,7,223208,D83,2026-05-19
5348,3890,2,225125,A98,2026-03-24
5349,3450,3,225125,A98,2026-06-11
5350,1609,1,225125,A98,2026-04-13
5351,3654,7,223208,D83,2026-02-14
5352,137,9,322230,A98,2026-05-12
5353,3128,9,322230,A98,2026-05-01
5354,4018,7,223208,D83,2026-01-28
5355,2348,4,223505,K86,2026-01-26
5356,2928,9,322230,A98,2026-06-08
5357,1828,7,223208,D83,2026-03-06
5358,543,4,223505,A98,2026-04-28
5359,1539,1,225125,K86,2026-01-20
5360,3525,8,322230,A98,2026-02-04
5361,4957,4,223505,A98,2026-02-10
5362,1258,5,223505,W78,2026-06-28
5363,552,5,223505,K86,2026-01-19
5364,2805,1,225125,A98,2026-03-12
5365,2493,1,225125,A98,2026-03-27
5366,3963,8,322230,A98,2026-02-21
5367,2148,7,223208,D83,2026-03-30
5368,1074,2,225125,A98,2026-04-11
5369,3351,2,225125,W78,2026-02-07
5370,4131,1,225125,K86,2026-01-08
5371,4650,6,223208,D83,2026-04-09
5372,3955,1,225125,T90,2026-06-21
5373,2918,8,322230,A98,2026-02-12
5374,292,8,322230,A98,2026-02-14
5375,4602,2,225125,X86,2026-03-30
5376,760,2,225125,X86,2026-01-15
5377,4172,4,223505,X86,2026-06-06
5378,1551,1,225125,T90,2026-02-01
5379,516,5,223505,A93,2026-06-21
5380,881,6,223208,D83,2026-06-01
5381,4338,6,223208,D83,2026-06-06
5382,127,2,225125,A93,2026-01-24
5383,4711,8,322230,A98,2026-03-13
5384,1200,2,225125,W78,2026-02-05
5385,1083,7,223208,D83,2026-04-15
5386,4431,3,225125,T90,2026-04-12
5387,2776,5,223505,W78,2026-06-15
5388,1491,1,225125,A98,2026-04-27
5389,2632,6,223208,D83,2026-04-10
5390,3487,2,225125,K86,2026-06-05
5391,1789,1,225125,A93,2026-01-04
5392,2943,2,225125,X86,2026-04-05
5393,2689,1,225125,K86,2026-05-09
5394,3048,1,225125,K86,2026-01-06
5395,3869,2,225125,K86,2026-01-12
5396,2874,4,223505,K86,2026-06-06
5397,515,6,223208,D83,2026-02-27
5398,1211,4,223505,W78,2026-06-08
5399,1364,7,223208,D83,2026-01-21
5400,1033,3,225125,K86,2026-03-26
5401,1808,2,225125,K86,2026-01-29
5402,2224,5,223505,X86,2026-05-16
5403,187,2,225125,W78,2026-02-13
5404,3407,3,225125,T90,2026-06-09
5405,346,4,223505,T90,2026-01-11
5406,1264,8,322230,A98,2026-04-16
5407,2744,7,223208,D83,2026-02-21
5408,4260,3,225125,A98,2026-03-03
5409,1254,1,225125,A98,2026-06-28
5410,384,7,223208,D83,2026-04-22
5411,2224,7,223208,D83,2026-02-07
5412,545,1,225125,T90,2026-01-12
5413,931,9,322230,A98,2026-06-16
5414,672,7,223208,D83,2026-01-13
5415,3700,2,225125,X86,2026-06-14
5416,2683,2,225125,A98,2026-02-18
5417,1293,9,322230,A98,2026-05-02
5418,290,1,225125,K86,2026-06-09
5419,4389,2,225125,A98,2026-05-17
5420,2874,2,225125,X86,2026-03-17
5421,4650,3,225125,A98,2026-01-06
5422,3355,1,225125,T90,2026-03-17
5423,1487,2,225125,T90,2026-04-13
5424,2297,8,322230,A98,2026-03-18
5425,1988,4,223505,T90,2026-03-03
5426,2410,2,225125,T90,2026-02-02
5427,3581,3,225125,W78,2026-05-26
5428,1800,8,322230,A98,2026-03-26
5429,4223,6,223208,D83,2026-05-30
5430,3724,7,223208,D83,2026-05-24
5431,3160,7,223208,D83,2026-02-04
5432,2862,9,322230,A98,2026-01-23
5433,4779,6,223208,D83,2026-06-12
5434,4464,4,223505,X86,2026-05-07
5435,2041,1,225125,A98,2026-06-25
5436,4213,9,322230,A98,2026-01-12
5437,4498,8,322230,A98,2026-01-07
5438,2921,1,225125,T90,2026-01-04
5439,3206,7,223208,D83,2026-06-19
5440,4996,9,322230,A98,2026-03-16
5441,3379,2,225125,A98,2026-03-16
5442,1611,6,223208,D83,2026-06-14
5443,4686,8,322230,A98,2026-03-30
5444,3894,8,322230,A98,2026-03-06
5445,4714,7,223208,D83,2026-06-20
5446,2846,2,225125,A98,2026-06-09
5447,316,4,223505,A98,2026-06-28
5448,4617,2,225125,A98,2026-06-27
5449,319,2,225125,K86,2026-05-31
5450,2129,1,225125,A98,2026-04-08
5451,4320,1,225125,A98,2026-05-03
5452,616,6,223208,D83,2026-02-16
5453,1016,8,322230,A98,2026-04-05
5454,2525,2,225125,A98,2026-01-15
5455,1760,8,322230,A98,2026-04-20
5456,3592,6,223208,D83,2026-01-02
5457,1351,8,322230,A98,2026-01-07
5458,4758,2,225125,A93,2026-05-08
5459,678,5,223505,A93,2026-04-15
5460,1761,4,223505,K86,2026-05-24
5461,3086,3,225125,A98,2026-04-25
5462,4999,7,223208,D83,2026-05-17
5463,919,4,223505,A98,2026-06-14
5464,2790,7,223208,D83,2026-04-02
5465,3726,2,225125,A98,2026-02-17
5466,2589,5,223505,A93,2026-05-15
5467,754,2,225125,X86,2026-04-23
5468,2178,2,225125,X86,2026-04-03
5469,3746,2,225125,K86,2026-04-05
5470,3470,6,223208,D83,2026-03-29
5471,4976,8,322230,A98,2026-04-08
5472,159,5,223505,K86,2026-04-04
5473,1770,6,223208,D83,2026-03-29
5474,3907,9,322230,A98,2026-01-11
5475,2763,8,322230,A98,2026-04-10
5476,3872,4,223505,X86,2026-01-27
5477,2242,5,223505,W78,2026-04-04
5478,2915,3,225125,K86,2026-04-03
5479,1764,2,225125,T90,2026-02-19
5480,3359,2,225125,K86,2026-03-26
5481,2472,9,322230,A98,2026-04-10
5482,606,8,322230,A98,2026-06-23
5483,1612,1,225125,X86,2026-05-27
5484,1748,7,223208,D83,2026-04-04
5485,1965,8,322230,A98,2026-01-11
5486,2406,4,223505,T90,2026-03-08
5487,1996,5,223505,A93,2026-02-15
5488,1435,9,322230,A98,2026-04-15
5489,3908,9,322230,A98,2026-02-23
5490,4617,8,322230,A98,2026-04-02
5491,2120,3,225125,A98,2026-02-06
5492,3128,3,225125,K86,2026-06-06
5493,4411,1,225125,A98,2026-05-14
5494,2397,4,223505,X86,2026-01-30
5495,2456,3,225125,K86,2026-01-23
5496,3656,5,223505,A98,2026-05-06
5497,973,2,225125,A93,2026-02-01
5498,784,9,322230,A98,2026-02-22
5499,460,2,225125,K86,2026-05-17
5500,1744,7,223208,D83,2026-03-13
5501,1007,9,322230,A98,2026-03-21
5502,497,5,223505,A93,2026-01-16
5503,1386,8,322230,A98,2026-03-02
5504,3223,4,223505,K86,2026-02-27
5505,3687,9,322230,A98,2026-02-23
5506,270,8,322230,A98,2026-05-15
5507,1294,6,223208,D83,2026-06-17
5508,2722,1,225125,T90,2026-06-08
5509,2387,8,322230,A98,2026-03-26
5510,2133,5,223505,W78,2026-03-09
5511,4309,2,225125,X86,2026-06-18
5512,2948,4,223505,A98,2026-02-16
5513,3361,4,223505,W78,2026-03-17
5514,2727,1,225125,A98,2026-06-01
5515,2365,6,223208,D83,2026-06-26
5516,2685,9,322230,A98,2026-01-14
5517,2669,2,225125,W78,2026-01-09
5518,2782,5,223505,X86,2026-01-26
5519,4274,8,322230,A98,2026-04-20
5520,1569,3,225125,W78,2026-04-04
5521,2723,9,322230,A98,2026-03-18
5522,3454,7,223208,D83,2026-03-31
5523,3561,7,223208,D83,2026-04-01
5524,2766,5,223505,K86,2026-03-15
5525,2623,8,322230,A98,2026-03-14
5526,3736,4,223505,A98,2026-01-20
5527,1787,9,322230,A98,2026-04-01
5528,3082,2,225125,K86,2026-06-12
5529,2627,6,223208,D83,2026-06-26
5530,4815,8,322230,A98,2026-04-03
5531,3785,8,322230,A98,2026-04-17
5532,2258,4,223505,K86,2026-05-08
5533,1351,6,223208,D83,2026-06-20
5534,537,6,223208,D83,2026-02-14
5535,1038,3,225125,W78,2026-03-25
5536,1423,2,225125,K86,2026-01-15
5537,703,7,223208,D83,2026-06-05
5538,2804,7,223208,D83,2026-05-14
5539,2822,7,223208,D83,2026-06-14
5540,4965,5,223505,T90,2026-01-01
5541,955,2,225125,K86,2026-03-24
5542,2542,2,225125,A98,2026-06-07
5543,116,2,225125,T90,2026-03-30
5544,4355,9,322230,A98,2026-03-13
5545,445,2,225125,K86,2026-04-15
5546,4941,9,322230,A98,2026-01-27
5547,3433,9,322230,A98,2026-05-08
5548,3537,8,322230,A98,2026-03-05
5549,797,4,223505,T90,2026-06-22
5550,939,1,225125,W78,2026-01-25
5551,3190,2,225125,A98,2026-05-17
5552,181,8,322230,A98,2026-06-10
5553,1543,2,225125,A98,2026-05-30
5554,4463,6,223208,D83,2026-03-09
5555,3818,2,225125,K86,2026-01-09
5556,1802,3,225125,T90,2026-02-28
5557,428,4,223505,K86,2026-05-24
5558,771,2,225125,A93,2026-02-04
5559,566,2,225125,A98,2026-03-16
5560,3587,4,223505,A93,2026-01-26
5561,3260,4,223505,X86,2026-04-15
5562,4092,9,322230,A98,2026-04-06
5563,3728,8,322230,A98,2026-01-13
5564,4052,2,225125,W78,2026-05-25
5565,669,9,322230,A98,2026-05-03
5566,4260,4,223505,A98,2026-06-04
5567,1504,8,322230,A98,2026-03-17
5568,3762,9,322230,A98,2026-05-13
5569,2984,2,225125,A98,2026-02-12
5570,1867,3,225125,K86,2026-06-29
5571,258,7,223208,D83,2026-01-28
5572,3213,2,225125,X86,2026-02-15
5573,4592,3,225125,X86,2026-01-02
5574,3467,9,322230,A98,2026-05-10
5575,1277,2,225125,T90,2026-04-13
5576,4710,9,322230,A98,2026-01-30
5577,3323,1,225125,K86,2026-01-21
5578,3907,2,225125,A98,2026-03-29
5579,710,5,223505,A98,2026-01-22
5580,3815,2,225125,A98,2026-06-21
5581,4611,3,225125,K86,2026-02-23
5582,1317,9,322230,A98,2026-02-13
5583,4325,9,322230,A98,2026-01-04
5584,1306,1,225125,X86,2026-03-01
5585,2143,1,225125,A98,2026-03-01
5586,868,2,225125,X86,2026-02-28
5587,4328,5,223505,A98,2026-04-17
5588,4940,4,223505,A98,2026-01-09
5589,4524,9,322230,A98,2026-02-21
5590,2655,2,225125,A93,2026-05-27
5591,3305,5,223505,T90,2026-05-07
5592,112,7,223208,D83,2026-01-27
5593,2706,4,223505,A93,2026-04-10
5594,1075,9,322230,A98,2026-03-21
5595,3865,3,225125,A98,2026-03-23
5596,2488,7,223208,D83,2026-04-20
5597,4285,1,225125,W78,2026-02-23
5598,3806,6,223208,D83,2026-05-21
5599,4969,3,225125,A98,2026-01-05
5600,4083,5,223505,X86,2026-04-21
5601,1410,5,223505,A98,2026-01-01
5602,2271,9,322230,A98,2026-05-17
5603,707,1,225125,A98,2026-04-20
5604,1433,1,225125,A98,2026-04-24
5605,2586,1,225125,A98,2026-01-12
5606,3731,9,322230,A98,2026-03-02
5607,3442,6,223208,D83,2026-01-27
5608,701,1,225125,K86,2026-03-14
5609,3323,9,322230,A98,2026-05-31
5610,2573,2,225125,W78,2026-02-19
5611,2478,2,225125,A98,2026-06-19
5612,502,3,225125,A93,2026-05-20
5613,3558,1,225125,A98,2026-05-13
5614,701,2,225125,T90,2026-04-25
5615,2016,7,223208,D83,2026-01-26
5616,1717,2,225125,W78,2026-02-13
5617,2478,5,223505,K86,2026-01-05
5618,4806,2,225125,T90,2026-06-10
5619,4259,4,223505,T90,2026-06-13
5620,1494,8,322230,A98,2026-05-06
5621,2148,3,225125,T90,2026-03-26
5622,3562,2,225125,K86,2026-06-22
5623,947,9,322230,A98,2026-01-29
5624,119,8,322230,A98,2026-03-06
5625,462,8,322230,A98,2026-03-05
5626,2330,2,225125,X86,2026-01-23
5627,4418,2,225125,T90,2026-01-06
5628,2331,8,322230,A98,2026-06-21
5629,44,2,225125,K86,2026-06-15
5630,4379,1,225125,X86,2026-03-14
5631,378,1,225125,K86,2026-03-10
5632,965,1,225125,X86,2026-05-01
5633,213,1,225125,A98,2026-03-15
5634,1468,4,223505,K86,2026-06-13
5635,1012,2,225125,A98,2026-06-22
5636,4618,3,225125,X86,2026-06-26
5637,3131,7,223208,D83,2026-06-14
5638,2019,1,225125,X86,2026-04-23
5639,4031,6,223208,D83,2026-04-06
5640,3284,2,225125,X86,2026-04-23
5641,3227,9,322230,A98,2026-03-19
5642,3230,1,225125,W78,2026-02-05
5643,4737,2,225125,X86,2026-04-19
5644,2992,2,225125,A98,2026-01-01
5645,1180,4,223505,T90,2026-01-27
5646,4758,3,225125,K86,2026-01-20
5647,2114,3,225125,A98,2026-01-06
5648,4228,4,223505,A98,2026-05-25
5649,3583,2,225125,T90,2026-02-18
5650,2768,3,225125,A93,2026-04-13
5651,112,8,322230,A98,2026-06-13
5652,1860,6,223208,D83,2026-06-14
5653,10,8,322230,A98,2026-01-27
5654,931,2,225125,K86,2026-02-21
5655,247,1,225125,W78,2026-01-19
5656,3304,2,225125,A98,2026-06-12
5657,1589,2,225125,K86,2026-01-10
5658,1424,9,322230,A98,2026-05-18
5659,1174,8,322230,A98,2026-03-20
5660,326,2,225125,T90,2026-03-20
5661,2801,4,223505,A93,2026-05-29
5662,895,5,223505,K86,2026-05-31
5663,2199,2,225125,A93,2026-04-30
5664,145,2,225125,A98,2026-01-07
5665,3107,4,223505,A93,2026-04-10
5666,3728,6,223208,D83,2026-02-20
5667,553,5,223505,W78,2026-03-11
5668,3501,3,225125,W78,2026-02-11
5669,3372,8,322230,A98,2026-05-20
5670,3578,7,223208,D83,2026-01-07
5671,235,3,225125,X86,2026-01-13
5672,4082,8,322230,A98,2026-01-24
5673,426,2,225125,A98,2026-06-06
5674,4249,7,223208,D83,2026-04-21
5675,1719,3,225125,A98,2026-02-04
5676,3407,8,322230,A98,2026-02-28
5677,1401,2,225125,K86,2026-01-13
5678,3460,1,225125,K86,2026-06-07
5679,4396,8,322230,A98,2026-03-10
5680,2160,2,225125,A98,2026-03-01
5681,57,8,322230,A98,2026-05-28
5682,4080,2,225125,A98,2026-01-08
5683,1551,8,322230,A98,2026-05-18
5684,4049,1,225125,T90,2026-03-01
5685,4603,2,225125,K86,2026-05-12
5686,1943,3,225125,T90,2026-01-07
5687,1537,1,225125,K86,2026-03-03
5688,3901,5,223505,W78,2026-01-17
5689,2147,4,223505,K86,2026-02-15
5690,3163,6,223208,D83,2026-05-06
5691,1899,2,225125,K86,2026-03-29
5692,1272,6,223208,D83,2026-05-02
5693,4589,2,225125,T90,2026-05-24
5694,4226,7,223208,D83,2026-02-18
5695,3610,4,223505,A93,2026-04-18
5696,4800,6,223208,D83,2026-04-28
5697,2749,5,223505,W78,2026-05-05
5698,3364,4,223505,A93,2026-05-18
5699,2455,2,225125,A93,2026-03-25
5700,3811,3,225125,X86,2026-04-27
5701,1002,1,225125,X86,2026-01-02
5702,2564,8,322230,A98,2026-05-24
5703,4338,4,223505,A98,2026-04-24
5704,198,8,322230,A98,2026-02-04
5705,1702,3,225125,W78,2026-04-25
5706,3482,8,322230,A98,2026-04-09
5707,2711,4,223505,A98,2026-05-14
5708,1730,8,322230,A98,2026-01-14
5709,2652,3,225125,W78,2026-05-01
5710,2314,4,223505,W78,2026-04-01
5711,752,6,223208,D83,2026-05-11
5712,2245,1,225125,A98,2026-03-07
5713,950,3,225125,K86,2026-04-04
5714,934,2,225125,A93,2026-01-29
5715,3522,3,225125,T90,2026-05-04
5716,4772,1,225125,K86,2026-02-09
5717,640,6,223208,D83,2026-05-14
5718,3846,1,225125,A98,2026-04-08
5719,2162,9,322230,A98,2026-03-19
5720,2418,3,225125,A98,2026-01-08
5721,1534,9,322230,A98,2026-06-11
5722,3285,6,223208,D83,2026-05-09
5723,4835,1,225125,A98,2026-03-05
5724,4671,8,322230,A98,2026-05-24
5725,35,6,223208,D83,2026-04-27
5726,2157,2,225125,K86,2026-05-06
5727,4060,7,223208,D83,2026-06-25
5728,2985,2,225125,A93,2026-06-09
5729,12,1,225125,T90,2026-02-23
5730,1183,5,223505,W78,2026-05-25
5731,583,4,223505,A98,2026-03-15
5732,4238,2,225125,T90,2026-01-24
5733,4449,2,225125,A93,2026-01-07
5734,2023,2,225125,A98,2026-05-30
5735,2972,2,225125,A93,2026-03-23
5736,2873,2,225125,A98,2026-04-17
5737,4416,6,223208,D83,2026-05-30
5738,3685,2,225125,K86,2026-06-13
5739,1788,3,225125,A98,2026-06-07
5740,4354,1,225125,A93,2026-06-20
5741,4348,2,225125,K86,2026-02-02
5742,498,3,225125,T90,2026-03-17
5743,3863,9,322230,A98,2026-02-20
5744,2141,9,322230,A98,2026-03-21
5745,1983,1,225125,T90,2026-03-04
5746,1985,3,225125,A98,2026-05-18
5747,1095,8,322230,A98,2026-01-18
5748,2446,6,223208,D83,2026-03-30
5749,2565,4,223505,K86,2026-02-23
5750,102,3,225125,X86,2026-04-10
5751,932,1,225125,A93,2026-06-19
5752,1997,1,225125,A98,2026-04-21
5753,1682,6,223208,D83,2026-04-16
5754,4511,6,223208,D83,2026-03-08
5755,2742,7,223208,D83,2026-04-24
5756,2770,1,225125,A93,2026-05-29
5757,899,4,223505,T90,2026-03-29
5758,3832,9,322230,A98,2026-01-25
5759,820,9,322230,A98,2026-06-06
5760,374,5,223505,X86,2026-04-21
5761,856,1,225125,A98,2026-04-15
5762,4892,2,225125,A98,2026-04-05
5763,2503,7,223208,D83,2026-03-09
5764,3449,5,223505,T90,2026-06-26
5765,2467,1,225125,K86,2026-03-31
5766,4225,4,223505,K86,2026-05-29
5767,4538,3,225125,T90,2026-02-13
5768,1524,9,322230,A98,2026-01-05
5769,4677,2,225125,T90,2026-06-13
5770,1182,2,225125,K86,2026-04-21
5771,387,2,225125,A98,2026-01-25
5772,1569,1,225125,A98,2026-03-12
5773,4265,2,225125,W78,2026-04-15
5774,649,2,225125,A93,2026-03-28
5775,3561,6,223208,D83,2026-02-02
5776,3882,4,223505,A93,2026-03-21
5777,2786,6,223208,D83,2026-02-19
5778,953,2,225125,A93,2026-04-17
5779,1664,5,223505,T90,2026-06-24
5780,3900,6,223208,D83,2026-02-05
5781,4725,1,225125,K86,2026-05-28
5782,1737,3,225125,A98,2026-06-10
5783,2822,2,225125,W78,2026-03-26
5784,4229,4,223505,A98,2026-05-09
5785,4294,8,322230,A98,2026-02-01
5786,1543,6,223208,D83,2026-06-26
5787,248,4,223505,X86,2026-06-28
5788,2810,1,225125,K86,2026-01-28
5789,488,6,223208,D83,2026-04-12
5790,65,8,322230,A98,2026-04-17
5791,3314,9,322230,A98,2026-05-21
5792,1152,3,225125,T90,2026-05-24
5793,3565,6,223208,D83,2026-05-06
5794,2671,1,225125,K86,2026-04-13
5795,1200,1,225125,A98,2026-03-05
5796,1955,3,225125,A98,2026-06-25
5797,653,7,223208,D83,2026-04-04
5798,1554,6,223208,D83,2026-01-30
5799,1400,1,225125,A98,2026-04-13
5800,2049,4,223505,A98,2026-05-30
5801,1534,7,223208,D83,2026-04-26
5802,1213,3,225125,A98,2026-04-06
5803,2706,9,322230,A98,2026-02-15
5804,4779,1,225125,A98,2026-03-13
5805,1554,9,322230,A98,2026-01-02
5806,2827,4,223505,A93,2026-04-13
5807,2177,2,225125,W78,2026-02-02
5808,1603,8,322230,A98,2026-01-03
5809,898,3,225125,A98,2026-06-13
5810,1270,4,223505,A93,2026-01-08
5811,1548,7,223208,D83,2026-01-24
5812,447,6,223208,D83,2026-05-09
5813,2957,2,225125,A98,2026-04-11
5814,2103,1,225125,A98,2026-02-22
5815,3187,2,225125,A98,2026-03-09
5816,738,8,322230,A98,2026-03-23
5817,2622,7,223208,D83,2026-04-03
5818,4041,2,225125,X86,2026-01-14
5819,3953,1,225125,A98,2026-03-23
5820,3081,2,225125,A98,2026-01-29
5821,131,9,322230,A98,2026-06-13
5822,2099,6,223208,D83,2026-06-23
5823,4927,5,223505,A93,2026-01-26
5824,982,3,225125,K86,2026-05-26
5825,3593,1,225125,K86,2026-04-09
5826,242,4,223505,K86,2026-05-21
5827,1143,3,225125,A98,2026-04-19
5828,769,4,223505,T90,2026-03-09
5829,1361,2,225125,A98,2026-03-07
5830,1057,8,322230,A98,2026-06-25
5831,2040,7,223208,D83,2026-01-27
5832,2501,3,225125,K86,2026-03-24
5833,1061,2,225125,W78,2026-03-20
5834,1166,4,223505,K86,2026-02-16
5835,4815,2,225125,W78,2026-06-13
5836,155,9,322230,A98,2026-03-24
5837,4539,2,225125,A98,2026-01-03
5838,1276,2,225125,A98,2026-03-29
5839,1103,9,322230,A98,2026-05-06
5840,1617,3,225125,W78,2026-01-01
5841,63,4,223505,A93,2026-03-23
5842,4026,8,322230,A98,2026-01-11
5843,2435,7,223208,D83,2026-03-22
5844,2822,2,225125,K86,2026-05-20
5845,1555,5,223505,X86,2026-04-17
5846,2391,1,225125,T90,2026-04-13
5847,669,3,225125,K86,2026-06-19
5848,4394,4,223505,A98,2026-06-21
5849,1568,4,223505,W78,2026-03-14
5850,2459,7,223208,D83,2026-06-02
5851,2038,8,322230,A98,2026-01-24
5852,1994,8,322230,A98,2026-03-15
5853,526,6,223208,D83,2026-06-21
5854,4879,6,223208,D83,2026-02-18
5855,181,2,225125,A98,2026-05-22
5856,4415,3,225125,A98,2026-05-27
5857,4740,4,223505,X86,2026-02-09
5858,2557,7,223208,D83,2026-01-02
5859,1711,1,225125,T90,2026-02-22
5860,724,5,223505,A93,2026-04-14
5861,2028,1,225125,A93,2026-03-28
5862,33,2,225125,A98,2026-02-14
5863,2549,1,225125,A98,2026-01-16
5864,2581,7,223208,D83,2026-04-17
5865,3049,7,223208,D83,2026-01-22
5866,3445,6,223208,D83,2026-03-31
5867,1015,1,225125,K86,2026-03-22
5868,25,3,225125,A98,2026-02-23
5869,3097,6,223208,D83,2026-05-25
5870,1983,5,223505,X86,2026-02-15
5871,2238,1,225125,A98,2026-01-01
5872,736,2,225125,A98,2026-05-02
5873,1483,8,322230,A98,2026-06-10
5874,2820,6,223208,D83,2026-04-05
5875,1393,2,225125,A98,2026-05-03
5876,3468,8,322230,A98,2026-04-25
5877,1928,2,225125,K86,2026-05-31
5878,2847,7,223208,D83,2026-01-01
5879,4619,1,225125,A98,2026-05-16
5880,3377,7,223208,D83,2026-03-21
5881,71,1,225125,K86,2026-06-26
5882,2093,4,223505,A98,2026-01-26
5883,3926,7,223208,D83,2026-04-08
5884,664,2,225125,W78,2026-02-09
5885,705,7,223208,D83,2026-03-08
5886,1260,2,225125,X86,2026-01-03
5887,4698,7,223208,D83,2026-03-30
5888,2136,3,225125,K86,2026-01-11
5889,1099,7,223208,D83,2026-06-10
5890,1778,3,225125,X86,2026-03-28
5891,3524,9,322230,A98,2026-04-04
5892,4231,8,322230,A98,2026-01-17
5893,3042,8,322230,A98,2026-05-04
5894,2981,2,225125,A98,2026-04-09
5895,4922,4,223505,T90,2026-06-20
5896,4159,1,225125,A98,2026-05-25
5897,4752,1,225125,W78,2026-04-30
5898,3634,2,225125,K86,2026-02-16
5899,2125,9,322230,A98,2026-04-24
5900,4138,2,225125,K86,2026-02-28
5901,437,4,223505,A98,2026-05-14
5902,2208,2,225125,X86,2026-06-05
5903,2388,3,225125,A98,2026-03-28
5904,893,4,223505,A98,2026-01-26
5905,2317,3,225125,A98,2026-04-24
5906,2514,3,225125,K86,2026-05-21
5907,4110,7,223208,D83,2026-04-01
5908,2898,6,223208,D83,2026-03-26
5909,4727,5,223505,K86,2026-01-02
5910,817,8,322230,A98,2026-04-20
5911,901,4,223505,A93,2026-02-04
5912,3316,2,225125,A98,2026-01-18
5913,2752,1,225125,K86,2026-04-04
5914,4791,7,223208,D83,2026-04-27
5915,3352,2,225125,A98,2026-05-25
5916,323,2,225125,A98,2026-04-18
5917,913,2,225125,K86,2026-01-29
5918,3686,5,223505,X86,2026-01-15
5919,3960,1,225125,A98,2026-04-12
5920,2108,1,225125,X86,2026-06-21
5921,4386,3,225125,W78,2026-05-22
5922,152,2,225125,W78,2026-06-09
5923,1399,9,322230,A98,2026-01-02
5924,1331,3,225125,W78,2026-03-30
5925,1444,1,225125,K86,2026-06-05
5926,4203,4,223505,X86,2026-04-30
5927,2769,6,223208,D83,2026-01-30
5928,1334,1,225125,X86,2026-06-23
5929,2948,4,223505,W78,2026-05-23
5930,1916,6,223208,D83,2026-02-24
5931,1529,9,322230,A98,2026-02-18
5932,2762,9,322230,A98,2026-04-04
5933,3739,4,223505,W78,2026-05-25
5934,4518,3,225125,T90,2026-03-25
5935,649,7,223208,D83,2026-02-14
5936,2394,1,225125,T90,2026-06-07
5937,1144,1,225125,K86,2026-01-31
5938,3580,5,223505,A98,2026-03-24
5939,65,7,223208,D83,2026-01-01
5940,2523,4,223505,W78,2026-04-26
5941,1163,6,223208,D83,2026-01-22
5942,2982,1,225125,A98,2026-06-01
5943,3706,2,225125,A98,2026-02-13
5944,999,1,225125,A98,2026-05-19
5945,418,9,322230,A98,2026-05-05
5946,4710,7,223208,D83,2026-02-15
5947,1581,9,322230,A98,2026-05-20
5948,2056,1,225125,A98,2026-01-12
5949,2398,9,322230,A98,2026-03-09
5950,4929,2,225125,X86,2026-05-16
5951,3034,7,223208,D83,2026-03-25
5952,2811,8,322230,A98,2026-01-19
5953,1588,1,225125,A98,2026-01-14
5954,1973,3,225125,K86,2026-02-07
5955,1279,1,225125,W78,2026-06-11
5956,394,7,223208,D83,2026-06-27
5957,1391,9,322230,A98,2026-05-24
5958,4490,1,225125,T90,2026-01-18
5959,765,9,322230,A98,2026-05-29
5960,660,5,223505,A98,2026-04-01
5961,4767,2,225125,K86,2026-03-06
5962,3318,2,225125,K86,2026-02-16
5963,4869,4,223505,K86,2026-04-22
5964,4823,7,223208,D83,2026-05-30
5965,1254,4,223505,A98,2026-05-21
5966,4798,1,225125,A98,2026-03-15
5967,1158,5,223505,W78,2026-04-15
5968,1313,9,322230,A98,2026-04-05
5969,3560,2,225125,K86,2026-06-23
5970,3656,4,223505,A98,2026-05-06
5971,444,7,223208,D83,2026-06-28
5972,1922,8,322230,A98,2026-05-15
5973,1730,5,223505,W78,2026-05-13
5974,3260,5,223505,A93,2026-03-20
5975,3054,1,225125,W78,2026-06-28
5976,273,1,225125,A98,2026-01-04
5977,3216,5,223505,A98,2026-01-01
5978,3349,9,322230,A98,2026-05-22
5979,2878,2,225125,W78,2026-01-31
5980,587,5,223505,W78,2026-06-03
5981,4927,1,225125,T90,2026-05-10
5982,3560,1,225125,K86,2026-06-11
5983,4183,7,223208,D83,2026-05-31
5984,705,4,223505,T90,2026-01-19
5985,3534,2,225125,T90,2026-06-16
5986,2746,1,225125,A98,2026-03-10
5987,1236,2,225125,X86,2026-06-23
5988,1618,2,225125,T90,2026-04-05
5989,2202,6,223208,D83,2026-01-22
5990,931,4,223505,A98,2026-01-13
5991,535,9,322230,A98,2026-06-08
5992,932,3,225125,T90,2026-06-25
5993,4279,4,223505,A98,2026-04-10
5994,1170,1,225125,K86,2026-03-21
5995,3580,3,225125,X86,2026-05-05
5996,4527,5,223505,X86,2026-01-14
5997,1088,9,322230,A98,2026-06-03
5998,4801,1,225125,T90,2026-04-09
5999,146,1,225125,A98,2026-03-13
6000,534,7,223208,D83,2026-03-27
6001,1508,9,322230,A98,2026-05-03
6002,790,8,322230,A98,2026-06-03
6003,3025,1,225125,A98,2026-02-13
6004,2841,8,322230,A98,2026-01-29
6005,3059,4,223505,X86,2026-06-07
6006,2657,2,225125,X86,2026-01-08
6007,2683,6,223208,D83,2026-03-18
6008,4994,7,223208,D83,2026-06-04
6009,4546,7,223208,D83,2026-03-15
6010,642,8,322230,A98,2026-01-15
6011,684,4,223505,A98,2026-05-29
6012,2144,7,223208,D83,2026-04-10
6013,2907,5,223505,T90,2026-05-20
6014,3386,5,223505,W78,2026-06-12
6015,255,7,223208,D83,2026-05-13
6016,3087,6,223208,D83,2026-04-24
6017,2175,1,225125,K86,2026-03-13
6018,4635,2,225125,K86,2026-05-02
6019,3912,1,225125,A98,2026-01-07
6020,990,2,225125,A98,2026-01-19
6021,537,6,223208,D83,2026-05-20
6022,4108,7,223208,D83,2026-03-22
6023,1053,1,225125,A93,2026-04-17
6024,710,2,225125,K86,2026-05-14
6025,32,6,223208,D83,2026-04-28
6026,1189,1,225125,T90,2026-02-25
6027,3658,3,225125,A98,2026-03-05
6028,2630,9,322230,A98,2026-02-08
6029,2864,1,225125,A98,2026-06-05
6030,936,1,225125,K86,2026-04-13
6031,3607,2,225125,A98,2026-03-08
6032,247,3,225125,K86,2026-04-26
6033,2581,5,223505,A93,2026-02-16
6034,330,1,225125,K86,2026-02-13
6035,4082,1,225125,A98,2026-03-23
6036,4231,9,322230,A98,2026-05-12
6037,3809,9,322230,A98,2026-04-22
6038,3715,6,223208,D83,2026-04-12
6039,442,1,225125,T90,2026-05-18
6040,3125,8,322230,A98,2026-04-12
6041,1022,5,223505,A98,2026-02-26
6042,2148,7,223208,D83,2026-04-13
6043,1446,2,225125,A93,2026-02-19
6044,110,1,225125,W78,2026-02-18
6045,744,3,225125,K86,2026-03-03
6046,3948,2,225125,W78,2026-05-02
6047,2462,6,223208,D83,2026-01-20
6048,625,9,322230,A98,2026-02-01
6049,2685,4,223505,K86,2026-02-26
6050,386,2,225125,W78,2026-05-29
6051,1015,2,225125,A98,2026-02-24
6052,86,3,225125,K86,2026-03-06
6053,4010,6,223208,D83,2026-03-05
6054,3392,8,322230,A98,2026-02-17
6055,1746,2,225125,T90,2026-02-27
6056,4037,3,225125,W78,2026-02-14
6057,1718,2,225125,A98,2026-02-17
6058,1676,1,225125,A98,2026-03-22
6059,1668,3,225125,K86,2026-04-04
6060,3195,9,322230,A98,2026-02-27
6061,285,1,225125,X86,2026-03-10
6062,3696,6,223208,D83,2026-05-25
6063,4655,4,223505,A98,2026-01-11
6064,501,9,322230,A98,2026-03-08
6065,720,8,322230,A98,2026-06-02
6066,4837,8,322230,A98,2026-05-28
6067,4433,5,223505,A93,2026-02-05
6068,3822,9,322230,A98,2026-03-04
6069,4454,9,322230,A98,2026-05-02
6070,1105,1,225125,T90,2026-02-04
6071,3605,3,225125,A93,2026-04-14
6072,1012,9,322230,A98,2026-02-10
6073,308,1,225125,T90,2026-01-13
6074,3091,8,322230,A98,2026-03-07
6075,2077,2,225125,T90,2026-01-22
6076,3101,9,322230,A98,2026-01-30
6077,3828,6,223208,D83,2026-05-10
6078,2283,7,223208,D83,2026-02-07
6079,1460,2,225125,A93,2026-03-19
6080,3175,3,225125,A98,2026-02-22
6081,1974,9,322230,A98,2026-05-13
6082,3508,3,225125,W78,2026-03-17
6083,1946,2,225125,W78,2026-02-09
6084,1421,1,225125,A98,2026-05-23
6085,2431,7,223208,D83,2026-05-13
6086,1151,2,225125,K86,2026-02-04
6087,1362,7,223208,D83,2026-05-12
6088,500,1,225125,A98,2026-01-27
6089,2145,4,223505,K86,2026-01-27
6090,2192,3,225125,K86,2026-05-27
6091,1882,1,225125,A98,2026-01-19
6092,2980,7,223208,D83,2026-04-23
6093,1185,1,225125,K86,2026-05-09
6094,4518,1,225125,K86,2026-03-18
6095,2574,9,322230,A98,2026-06-26
6096,4986,4,223505,A98,2026-04-29
6097,1093,8,322230,A98,2026-05-25
6098,2177,5,223505,W78,2026-02-01
6099,1538,5,223505,A98,2026-05-06
6100,2311,1,225125,A98,2026-02-13
6101,2105,6,223208,D83,2026-06-10
6102,2555,3,225125,W78,2026-02-17
6103,1680,4,223505,A93,2026-06-22
6104,257,2,225125,X86,2026-03-16
6105,2885,9,322230,A98,2026-02-05
6106,2118,4,223505,T90,2026-05-28
6107,3051,3,225125,W78,2026-01-25
6108,3877,8,322230,A98,2026-05-30
6109,3422,6,223208,D83,2026-05-27
6110,3099,1,225125,X86,2026-03-29
6111,3711,7,223208,D83,2026-04-23
6112,3043,7,223208,D83,2026-06-17
6113,2364,2,225125,K86,2026-04-23
6114,922,1,225125,W78,2026-03-29
6115,934,2,225125,T90,2026-03-13
6116,46,9,322230,A98,2026-05-16
6117,3329,1,225125,A98,2026-01-02
6118,4778,6,223208,D83,2026-01-02
6119,1301,6,223208,D83,2026-03-29
6120,4526,3,225125,K86,2026-05-24
6121,2758,2,225125,A98,2026-03-01
6122,1999,4,223505,A98,2026-01-30
6123,3473,3,225125,A98,2026-03-12
6124,2551,8,322230,A98,2026-05-09
6125,3319,1,225125,T90,2026-02-02
6126,4802,6,223208,D83,2026-05-15
6127,4543,1,225125,A98,2026-05-24
6128,2652,2,225125,A93,2026-06-18
6129,597,1,225125,X86,2026-03-17
6130,2745,3,225125,X86,2026-03-21
6131,3083,1,225125,X86,2026-06-05
6132,4025,8,322230,A98,2026-05-07
6133,2475,1,225125,A98,2026-04-01
6134,4691,3,225125,A98,2026-02-21
6135,392,6,223208,D83,2026-06-27
6136,4210,1,225125,X86,2026-03-31
6137,2395,8,322230,A98,2026-05-08
6138,1242,1,225125,K86,2026-03-20
6139,1640,3,225125,A98,2026-01-29
6140,2514,4,223505,K86,2026-05-11
6141,140,4,223505,K86,2026-06-06
6142,3374,1,225125,K86,2026-03-09
6143,1864,7,223208,D83,2026-05-02
6144,187,1,225125,A98,2026-02-28
6145,694,3,225125,A98,2026-05-10
6146,3965,6,223208,D83,2026-03-10
6147,1286,8,322230,A98,2026-02-08
6148,3656,1,225125,K86,2026-06-10
6149,3914,2,225125,A93,2026-03-17
6150,2711,3,225125,X86,2026-02-12
6151,1465,1,225125,A98,2026-04-30
6152,617,4,223505,A98,2026-05-05
6153,107,1,225125,W78,2026-02-27
6154,4280,5,223505,W78,2026-05-06
6155,1982,8,322230,A98,2026-03-08
6156,1992,8,322230,A98,2026-02-22
6157,2682,3,225125,A98,2026-06-20
6158,1167,9,322230,A98,2026-03-10
6159,775,2,225125,X86,2026-05-18
6160,403,8,322230,A98,2026-03-05
6161,3625,5,223505,A98,2026-06-04
6162,4225,9,322230,A98,2026-05-19
6163,4608,5,223505,W78,2026-05-28
6164,558,6,223208,D83,2026-05-28
6165,656,8,322230,A98,2026-03-17
6166,2428,1,225125,A93,2026-03-17
6167,2116,8,322230,A98,2026-04-15
6168,2025,3,225125,A98,2026-03-18
6169,1430,7,223208,D83,2026-02-18
6170,3581,9,322230,A98,2026-02-26
6171,4031,6,223208,D83,2026-06-19
6172,2403,1,225125,A98,2026-03-10
6173,1660,4,223505,X86,2026-05-08
6174,272,4,223505,W78,2026-04-26
6175,1661,9,322230,A98,2026-01-12
6176,2232,4,223505,A98,2026-01-21
6177,4882,3,225125,A98,2026-05-16
6178,1023,4,223505,X86,2026-06-25
6179,4852,4,223505,K86,2026-03-25
6180,2400,7,223208,D83,2026-01-25
6181,140,6,223208,D83,2026-05-19
6182,2580,9,322230,A98,2026-01-23
6183,1609,3,225125,A98,2026-05-10
6184,1549,1,225125,K86,2026-01-12
6185,3738,2,225125,A98,2026-06-08
6186,928,2,225125,K86,2026-05-17
6187,3946,8,322230,A98,2026-01-09
6188,3164,1,225125,K86,2026-06-15
6189,314,7,223208,D83,2026-01-13
6190,1102,6,223208,D83,2026-03-17
6191,4466,9,322230,A98,2026-05-17
6192,975,7,223208,D83,2026-01-14
6193,460,6,223208,D83,2026-06-16
6194,714,4,223505,A98,2026-02-01
6195,4662,7,223208,D83,2026-01-27
6196,2303,1,225125,A98,2026-01-25
6197,4745,3,225125,K86,2026-06-29
6198,112,8,322230,A98,2026-05-20
6199,1436,8,322230,A98,2026-04-13
6200,4352,4,223505,A98,2026-02-05
6201,1024,1,225125,T90,2026-04-09
6202,640,5,223505,A98,2026-01-24
6203,1826,1,225125,A93,2026-01-08
6204,4004,5,223505,A93,2026-02-17
6205,99,1,225125,A98,2026-02-01
6206,1580,7,223208,D83,2026-06-13
6207,2272,7,223208,D83,2026-01-19
6208,3750,9,322230,A98,2026-01-26
6209,950,9,322230,A98,2026-01-26
6210,3582,3,225125,A98,2026-03-26
6211,1392,6,223208,D83,2026-04-23
6212,373,2,225125,K86,2026-06-10
6213,649,7,223208,D83,2026-01-30
6214,2045,6,223208,D83,2026-05-20
6215,127,8,322230,A98,2026-04-18
6216,478,2,225125,A93,2026-05-05
6217,902,6,223208,D83,2026-04-22
6218,2144,1,225125,K86,2026-04-05
6219,1992,6,223208,D83,2026-02-23
6220,4605,7,223208,D83,2026-04-24
6221,1382,7,223208,D83,2026-06-06
6222,2925,2,225125,K86,2026-04-09
6223,629,4,223505,K86,2026-05-26
6224,2599,6,223208,D83,2026-03-02
6225,2919,1,225125,K86,2026-05-26
6226,3140,9,322230,A98,2026-01-18
6227,2781,8,322230,A98,2026-01-24
6228,837,2,225125,X86,2026-02-13
6229,3442,3,225125,A98,2026-02-24
6230,3884,3,225125,T90,2026-01-28
6231,2140,7,223208,D83,2026-01-02
6232,260,9,322230,A98,2026-01-18
6233,1940,8,322230,A98,2026-03-03
6234,602,9,322230,A98,2026-06-29
6235,4618,1,225125,X86,2026-03-10
6236,980,3,225125,W78,2026-02-03
6237,4067,1,225125,K86,2026-06-27
6238,2821,3,225125,A98,2026-04-13
6239,488,6,223208,D83,2026-05-03
6240,4503,3,225125,A98,2026-01-20
6241,2430,2,225125,A98,2026-03-22
6242,128,8,322230,A98,2026-03-02
6243,2450,1,225125,W78,2026-01-18
6244,3130,8,322230,A98,2026-04-21
6245,114,3,225125,X86,2026-04-04
6246,2329,2,225125,A93,2026-03-24
6247,512,9,322230,A98,2026-02-09
6248,4380,2,225125,A98,2026-06-05
6249,2992,6,223208,D83,2026-06-06
6250,2640,8,322230,A98,2026-02-04
6251,4660,2,225125,T90,2026-06-06
6252,1338,7,223208,D83,2026-05-05
6253,3389,5,223505,X86,2026-06-05
6254,4310,9,322230,A98,2026-04-09
6255,3941,2,225125,T90,2026-01-10
6256,4949,9,322230,A98,2026-05-18
6257,3390,1,225125,W78,2026-03-06
6258,3346,7,223208,D83,2026-03-14
6259,1200,7,223208,D83,2026-01-29
6260,2877,3,225125,X86,2026-05-31
6261,3662,2,225125,A98,2026-04-03
6262,3289,3,225125,W78,2026-05-10
6263,988,3,225125,A98,2026-04-06
6264,4750,9,322230,A98,2026-03-17
6265,1537,1,225125,W78,2026-03-25
6266,3038,6,223208,D83,2026-02-14
6267,387,2,225125,A98,2026-04-07
6268,1551,3,225125,A98,2026-03-02
6269,4922,1,225125,A98,2026-06-02
6270,281,6,223208,D83,2026-03-03
6271,3386,6,223208,D83,2026-01-13
6272,4184,2,225125,A98,2026-05-12
6273,1695,2,225125,W78,2026-03-24
6274,4836,1,225125,A93,2026-06-12
6275,3185,1,225125,K86,2026-01-27
6276,1038,7,223208,D83,2026-04-25
6277,2954,2,225125,X86,2026-01-12
6278,1964,4,223505,A98,2026-05-15
6279,365,8,322230,A98,2026-03-30
6280,825,8,322230,A98,2026-06-11
6281,3194,2,225125,A98,2026-03-02
6282,4290,4,223505,T90,2026-04-09
6283,175,7,223208,D83,2026-03-04
6284,4253,4,223505,A98,2026-03-07
6285,1544,1,225125,A98,2026-01-17
6286,1713,1,225125,K86,2026-06-24
6287,1281,2,225125,A98,2026-04-07
6288,2384,1,225125,K86,2026-01-13
6289,55,6,223208,D83,2026-06-28
6290,4483,5,223505,A98,2026-01-12
6291,2447,1,225125,A98,2026-02-16
6292,996,1,225125,T90,2026-06-06
6293,2730,5,223505,A98,2026-02-21
6294,2731,4,223505,K86,2026-04-21
6295,1862,5,223505,K86,2026-01-19
6296,2730,4,223505,A98,2026-05-09
6297,4337,1,225125,T90,2026-02-02
6298,2499,1,225125,A93,2026-05-08
6299,3001,3,225125,T90,2026-02-18
6300,201,3,225125,A98,2026-02-26
6301,4937,2,225125,A98,2026-02-24
6302,1286,2,225125,K86,2026-04-08
6303,1546,2,225125,A98,2026-01-20
6304,3650,2,225125,T90,2026-03-04
6305,3295,1,225125,X86,2026-04-24
6306,2353,5,223505,A93,2026-02-05
6307,3523,6,223208,D83,2026-03-28
6308,568,2,225125,W78,2026-04-13
6309,450,1,225125,T90,2026-02-03
6310,1286,6,223208,D83,2026-02-15
6311,1308,9,322230,A98,2026-03-27
6312,4233,3,225125,W78,2026-05-23
6313,2136,3,225125,A93,2026-03-17
6314,3209,7,223208,D83,2026-04-05
6315,2061,3,225125,K86,2026-03-02
6316,2225,6,223208,D83,2026-04-28
6317,4639,3,225125,W78,2026-05-09
6318,1355,2,225125,K86,2026-05-17
6319,19,1,225125,X86,2026-05-27
6320,2037,1,225125,A98,2026-01-07
6321,3018,1,225125,X86,2026-03-29
6322,4065,1,225125,A98,2026-05-30
6323,3249,1,225125,X86,2026-04-13
6324,3263,5,223505,T90,2026-06-08
6325,3785,1,225125,A98,2026-04-18
6326,4189,4,223505,X86,2026-03-13
6327,3933,3,225125,K86,2026-02-20
6328,2539,2,225125,A98,2026-01-09
6329,2004,2,225125,W78,2026-02-26
6330,1710,5,223505,K86,2026-06-07
6331,1908,2,225125,T90,2026-05-19
6332,3956,8,322230,A98,2026-01-23
6333,2336,4,223505,K86,2026-01-22
6334,3212,5,223505,A93,2026-02-26
6335,1678,2,225125,A98,2026-01-19
6336,3125,2,225125,W78,2026-02-25
6337,3615,9,322230,A98,2026-03-09
6338,1227,2,225125,A98,2026-06-05
6339,2926,1,225125,X86,2026-04-09
6340,11,4,223505,X86,2026-04-13
6341,3136,8,322230,A98,2026-01-22
6342,3665,6,223208,D83,2026-06-19
6343,1485,9,322230,A98,2026-04-19
6344,4493,7,223208,D83,2026-05-03
6345,4852,6,223208,D83,2026-03-14
6346,3528,2,225125,K86,2026-05-08
6347,195,4,223505,A93,2026-06-07
6348,4575,8,322230,A98,2026-03-08
6349,3642,6,223208,D83,2026-06-27
6350,747,6,223208,D83,2026-03-22
6351,4645,2,225125,W78,2026-06-02
6352,3721,9,322230,A98,2026-05-03
6353,3566,2,225125,A98,2026-05-18
6354,4254,4,223505,T90,2026-06-14
6355,4031,4,223505,W78,2026-06-17
6356,3563,2,225125,A98,2026-03-25
6357,4852,1,225125,A98,2026-06-20
6358,4572,6,223208,D83,2026-04-28
6359,1496,3,225125,K86,2026-04-22
6360,1569,2,225125,A98,2026-02-26
6361,3131,6,223208,D83,2026-04-02
6362,3407,4,223505,K86,2026-05-25
6363,3791,9,322230,A98,2026-01-15
6364,3736,2,225125,W78,2026-06-25
6365,3183,2,225125,A98,2026-03-26
6366,3618,2,225125,T90,2026-05-17
6367,3795,5,223505,A98,2026-06-22
6368,2468,7,223208,D83,2026-03-19
6369,567,6,223208,D83,2026-03-29
6370,3289,4,223505,T90,2026-05-26
6371,95,2,225125,A98,2026-06-29
6372,492,8,322230,A98,2026-06-28
6373,3903,4,223505,X86,2026-01-24
6374,3007,8,322230,A98,2026-04-22
6375,1254,7,223208,D83,2026-02-12
6376,1437,4,223505,A98,2026-05-17
6377,1284,7,223208,D83,2026-05-26
6378,2048,1,225125,A98,2026-03-17
6379,3085,8,322230,A98,2026-01-04
6380,4533,2,225125,T90,2026-04-08
6381,3676,3,225125,A98,2026-03-12
6382,410,9,322230,A98,2026-04-04
6383,2024,7,223208,D83,2026-03-28
6384,4626,4,223505,A93,2026-05-24
6385,650,1,225125,A98,2026-01-24
6386,2646,4,223505,K86,2026-06-24
6387,2015,3,225125,A98,2026-06-12
6388,3248,1,225125,X86,2026-05-03
6389,4876,5,223505,A93,2026-02-05
6390,3187,8,322230,A98,2026-01-02
6391,2835,8,322230,A98,2026-02-17
6392,1799,5,223505,K86,2026-01-25
6393,297,3,225125,W78,2026-06-24
6394,4685,9,322230,A98,2026-01-21
6395,2583,7,223208,D83,2026-06-03
6396,394,6,223208,D83,2026-02-25
6397,2230,4,223505,A98,2026-03-26
6398,522,5,223505,K86,2026-05-16
6399,980,2,225125,A98,2026-03-23
6400,159,1,225125,K86,2026-05-19
6401,3540,2,225125,X86,2026-05-15
6402,544,9,322230,A98,2026-06-09
6403,3298,8,322230,A98,2026-02-05
6404,1632,3,225125,A98,2026-06-12
6405,4847,1,225125,A98,2026-03-27
6406,4147,6,223208,D83,2026-02-14
6407,3623,6,223208,D83,2026-05-04
6408,160,7,223208,D83,2026-06-27
6409,2188,4,223505,K86,2026-05-07
6410,2016,6,223208,D83,2026-05-30
6411,3962,8,322230,A98,2026-03-14
6412,3754,5,223505,X86,2026-04-10
6413,1441,7,223208,D83,2026-03-31
6414,1363,2,225125,W78,2026-03-02
6415,315,1,225125,A98,2026-04-10
6416,130,6,223208,D83,2026-03-12
6417,2819,3,225125,A93,2026-05-25
6418,1070,2,225125,K86,2026-04-22
6419,4660,8,322230,A98,2026-04-03
6420,820,5,223505,K86,2026-02-17
6421,1337,6,223208,D83,2026-06-23
6422,4646,1,225125,T90,2026-01-04
6423,4116,8,322230,A98,2026-05-21
6424,3762,7,223208,D83,2026-06-20
6425,1452,1,225125,K86,2026-04-23
6426,612,3,225125,A98,2026-04-15
6427,3793,2,225125,X86,2026-04-10
6428,4960,7,223208,D83,2026-02-02
6429,1149,1,225125,A93,2026-05-18
6430,951,1,225125,K86,2026-02-17
6431,1161,3,225125,W78,2026-05-20
6432,771,2,225125,A93,2026-06-25
6433,3800,4,223505,A93,2026-03-21
6434,3391,6,223208,D83,2026-02-13
6435,308,4,223505,W78,2026-05-18
6436,1537,1,225125,T90,2026-04-12
6437,3132,6,223208,D83,2026-03-10
6438,2899,3,225125,T90,2026-05-29
6439,1085,2,225125,A98,2026-03-01
6440,4005,2,225125,T90,2026-01-04
6441,4046,5,223505,X86,2026-01-03
6442,3927,6,223208,D83,2026-02-16
6443,3395,6,223208,D83,2026-06-28
6444,353,5,223505,A93,2026-02-09
6445,242,8,322230,A98,2026-02-08
6446,977,2,225125,K86,2026-01-19
6447,761,2,225125,A98,2026-05-10
6448,1943,6,223208,D83,2026-03-14
6449,662,3,225125,A93,2026-06-22
6450,2396,2,225125,A98,2026-05-19
6451,2225,8,322230,A98,2026-01-09
6452,4966,1,225125,X86,2026-05-13
6453,4130,5,223505,T90,2026-02-18
6454,3084,7,223208,D83,2026-01-28
6455,4254,9,322230,A98,2026-04-22
6456,2268,1,225125,K86,2026-05-31
6457,4782,1,225125,W78,2026-01-07
6458,3990,2,225125,A98,2026-05-25
6459,4838,6,223208,D83,2026-06-12
6460,1694,9,322230,A98,2026-04-03
6461,4106,1,225125,A98,2026-02-18
6462,3342,2,225125,A98,2026-03-30
6463,3747,1,225125,A98,2026-03-22
6464,247,9,322230,A98,2026-02-05
6465,219,2,225125,X86,2026-05-22
6466,2300,2,225125,A98,2026-06-24
6467,3673,4,223505,A98,2026-04-25
6468,1838,7,223208,D83,2026-02-05
6469,4180,9,322230,A98,2026-04-23
6470,1286,4,223505,A98,2026-01-06
6471,3652,3,225125,W78,2026-04-05
6472,2795,9,322230,A98,2026-01-18
6473,1493,9,322230,A98,2026-04-27
6474,3933,6,223208,D83,2026-06-26
6475,880,2,225125,K86,2026-04-02
6476,3809,1,225125,A98,2026-05-12
6477,1835,6,223208,D83,2026-05-02
6478,3939,2,225125,K86,2026-01-10
6479,1550,3,225125,A93,2026-03-14
6480,3020,1,225125,K86,2026-02-13
6481,2362,9,322230,A98,2026-04-27
6482,655,3,225125,T90,2026-01-03
6483,145,6,223208,D83,2026-05-16
6484,4721,1,225125,K86,2026-05-22
6485,1229,5,223505,K86,2026-05-23
6486,4738,1,225125,K86,2026-01-12
6487,1983,4,223505,K86,2026-04-27
6488,611,4,223505,A98,2026-05-05
6489,1785,1,225125,X86,2026-06-07
6490,449,2,225125,A98,2026-01-25
6491,2204,1,225125,A98,2026-02-20
6492,3319,6,223208,D83,2026-03-23
6493,3649,2,225125,T90,2026-05-31
6494,2046,2,225125,K86,2026-06-14
6495,3489,2,225125,X86,2026-03-13
6496,1100,8,322230,A98,2026-04-17
6497,949,5,223505,A93,2026-02-25
6498,207,7,223208,D83,2026-03-09
6499,234,3,225125,A98,2026-01-21
6500,1214,2,225125,K86,2026-06-12
6501,1755,6,223208,D83,2026-01-24
6502,3206,2,225125,T90,2026-05-05
6503,3279,8,322230,A98,2026-03-16
6504,1107,2,225125,K86,2026-05-13
6505,4318,5,223505,A98,2026-04-19
6506,947,1,225125,K86,2026-01-29
6507,3122,1,225125,A98,2026-05-16
6508,3765,6,223208,D83,2026-03-30
6509,3446,6,223208,D83,2026-04-23
6510,2590,4,223505,A98,2026-02-23
6511,3327,9,322230,A98,2026-05-13
6512,2573,3,225125,A93,2026-01-28
6513,2186,1,225125,K86,2026-06-22
6514,3029,2,225125,A98,2026-03-26
6515,4938,7,223208,D83,2026-05-13
6516,392,8,322230,A98,2026-02-13
6517,2821,1,225125,K86,2026-01-06
6518,1115,2,225125,X86,2026-06-09
6519,983,3,225125,A98,2026-02-11
6520,2302,7,223208,D83,2026-04-30
6521,1322,9,322230,A98,2026-03-30
6522,2855,5,223505,W78,2026-06-06
6523,1528,9,322230,A98,2026-01-06
6524,1458,6,223208,D83,2026-03-11
6525,4881,2,225125,W78,2026-04-01
6526,4189,1,225125,X86,2026-05-14
6527,4524,5,223505,A98,2026-01-09
6528,1099,1,225125,A93,2026-02-11
6529,4130,2,225125,K86,2026-02-19
6530,3290,2,225125,A98,2026-06-02
6531,428,8,322230,A98,2026-03-23
6532,1009,7,223208,D83,2026-02-27
6533,1626,2,225125,A98,2026-03-29
6534,2469,8,322230,A98,2026-02-28
6535,1688,6,223208,D83,2026-05-31
6536,1914,6,223208,D83,2026-06-21
6537,2922,1,225125,A98,2026-02-24
6538,4406,2,225125,K86,2026-05-10
6539,2483,8,322230,A98,2026-03-05
6540,2426,5,223505,A98,2026-05-11
6541,3041,8,322230,A98,2026-06-09
6542,2454,3,225125,K86,2026-05-02
6543,1497,4,223505,W78,2026-03-18
6544,4374,1,225125,K86,2026-04-19
6545,49,1,225125,A93,2026-05-12
6546,3116,5,223505,W78,2026-01-17
6547,262,8,322230,A98,2026-04-06
6548,806,4,223505,K86,2026-03-01
6549,1146,9,322230,A98,2026-05-11
6550,3520,6,223208,D83,2026-03-23
6551,3174,6,223208,D83,2026-01-18
6552,296,3,225125,A98,2026-06-16
6553,2841,2,225125,A98,2026-03-10
6554,1074,7,223208,D83,2026-04-15
6555,4860,9,322230,A98,2026-02-03
6556,3431,8,322230,A98,2026-02-25
6557,2257,1,225125,K86,2026-06-15
6558,2082,9,322230,A98,2026-04-12
6559,530,5,223505,T90,2026-02-11
6560,4918,4,223505,A93,2026-05-14
6561,1650,8,322230,A98,2026-06-18
6562,2414,2,225125,W78,2026-04-14
6563,332,8,322230,A98,2026-06-25
6564,4923,3,225125,A98,2026-05-25
6565,1851,6,223208,D83,2026-04-23
6566,1013,2,225125,K86,2026-04-12
6567,118,8,322230,A98,2026-01-14
6568,4791,3,225125,K86,2026-04-19
6569,833,1,225125,A93,2026-03-07
6570,4801,1,225125,A98,2026-06-15
6571,654,6,223208,D83,2026-06-10
6572,4546,5,223505,A98,2026-01-25
6573,4328,2,225125,A98,2026-04-23
6574,224,4,223505,A98,2026-03-13
6575,2768,6,223208,D83,2026-02-27
6576,3184,2,225125,T90,2026-03-27
6577,3551,5,223505,A98,2026-04-20
6578,12,7,223208,D83,2026-03-16
6579,2489,1,225125,A98,2026-03-13
6580,1947,9,322230,A98,2026-02-26
6581,1349,1,225125,K86,2026-04-26
6582,2902,3,225125,K86,2026-03-22
6583,4581,2,225125,A98,2026-04-18
6584,2192,8,322230,A98,2026-02-21
6585,1654,4,223505,W78,2026-05-10
6586,3936,2,225125,K86,2026-01-04
6587,4095,1,225125,X86,2026-02-07
6588,4857,3,225125,X86,2026-02-01
6589,4243,4,223505,K86,2026-06-27
6590,5,5,223505,A93,2026-01-12
6591,2154,2,225125,A98,2026-02-21
6592,22,6,223208,D83,2026-03-02
6593,4781,5,223505,K86,2026-06-17
6594,4714,7,223208,D83,2026-01-01
6595,170,2,225125,A93,2026-03-25
6596,416,2,225125,K86,2026-05-03
6597,4738,5,223505,A98,2026-06-25
6598,1790,4,223505,A93,2026-04-08
6599,3047,2,225125,A98,2026-02-01
6600,1738,7,223208,D83,2026-03-27
6601,851,7,223208,D83,2026-03-12
6602,1437,2,225125,W78,2026-02-07
6603,940,4,223505,K86,2026-03-23
6604,238,1,225125,A93,2026-04-26
6605,4596,2,225125,A98,2026-04-25
6606,3396,1,225125,A93,2026-06-29
6607,3317,7,223208,D83,2026-03-05
6608,862,2,225125,A98,2026-04-03
6609,890,6,223208,D83,2026-04-21
6610,2714,5,223505,K86,2026-05-23
6611,1793,2,225125,T90,2026-01-10
6612,1442,2,225125,X86,2026-01-19
6613,4179,3,225125,W78,2026-01-01
6614,3302,7,223208,D83,2026-06-18
6615,1358,6,223208,D83,2026-02-15
6616,2020,2,225125,A98,2026-01-26
6617,19,2,225125,A98,2026-01-05
6618,1499,1,225125,K86,2026-05-31
6619,2635,7,223208,D83,2026-03-02
6620,530,4,223505,K86,2026-05-22
6621,4650,9,322230,A98,2026-04-18
6622,4908,7,223208,D83,2026-02-23
6623,589,9,322230,A98,2026-02-28
6624,4715,8,322230,A98,2026-02-17
6625,2027,1,225125,K86,2026-05-14
6626,1965,1,225125,W78,2026-02-23
6627,726,3,225125,A93,2026-04-23
6628,2257,4,223505,A98,2026-05-05
6629,57,3,225125,A98,2026-02-05
6630,2186,9,322230,A98,2026-04-19
6631,3779,1,225125,A98,2026-06-29
6632,191,1,225125,T90,2026-06-16
6633,2005,7,223208,D83,2026-01-08
6634,3158,6,223208,D83,2026-04-09
6635,1210,2,225125,A93,2026-03-03
6636,2902,7,223208,D83,2026-03-17
6637,3993,1,225125,T90,2026-03-19
6638,3831,1,225125,W78,2026-05-23
6639,2113,9,322230,A98,2026-01-27
6640,1614,1,225125,A93,2026-06-15
6641,52,3,225125,A93,2026-06-18
6642,2751,8,322230,A98,2026-05-11
6643,680,9,322230,A98,2026-03-04
6644,2808,2,225125,X86,2026-05-03
6645,3774,1,225125,A98,2026-01-28
6646,3323,8,322230,A98,2026-01-01
6647,3527,6,223208,D83,2026-03-23
6648,1062,4,223505,K86,2026-05-30
6649,3973,2,225125,X86,2026-01-28
6650,162,9,322230,A98,2026-06-07
6651,1252,3,225125,A98,2026-06-01
6652,303,2,225125,A93,2026-06-23
6653,3975,4,223505,X86,2026-03-09
6654,3213,1,225125,A98,2026-01-31
6655,4084,1,225125,A93,2026-02-10
6656,366,2,225125,W78,2026-01-03
6657,3779,3,225125,A98,2026-04-28
6658,1465,8,322230,A98,2026-02-15
6659,3229,6,223208,D83,2026-02-21
6660,4350,1,225125,A98,2026-03-01
6661,1728,9,322230,A98,2026-06-29
6662,507,6,223208,D83,2026-02-28
6663,2664,8,322230,A98,2026-06-06
6664,2705,2,225125,W78,2026-05-22
6665,3885,6,223208,D83,2026-04-28
6666,925,1,225125,X86,2026-05-05
6667,3590,2,225125,A98,2026-03-27
6668,172,3,225125,K86,2026-04-28
6669,2003,6,223208,D83,2026-02-27
6670,4720,1,225125,K86,2026-02-01
6671,2037,2,225125,A98,2026-02-16
6672,1828,5,223505,W78,2026-03-15
6673,285,1,225125,K86,2026-02-27
6674,2427,2,225125,K86,2026-01-15
6675,1035,4,223505,A93,2026-04-29
6676,3337,8,322230,A98,2026-06-21
6677,2186,4,223505,A98,2026-06-11
6678,942,3,225125,K86,2026-03-31
6679,1819,7,223208,D83,2026-03-16
6680,1333,7,223208,D83,2026-06-22
6681,3582,7,223208,D83,2026-01-05
6682,19,7,223208,D83,2026-06-18
6683,2553,8,322230,A98,2026-05-29
6684,3064,8,322230,A98,2026-03-05
6685,631,8,322230,A98,2026-05-10
6686,3305,1,225125,W78,2026-02-06
6687,2401,1,225125,W78,2026-04-11
6688,1549,1,225125,X86,2026-02-06
6689,625,3,225125,A98,2026-05-10
6690,4951,1,225125,W78,2026-06-17
6691,3082,6,223208,D83,2026-04-29
6692,1571,3,225125,K86,2026-01-09
6693,4892,2,225125,W78,2026-02-24
6694,2514,2,225125,K86,2026-03-29
6695,2612,4,223505,T90,2026-06-14
6696,1281,1,225125,K86,2026-05-01
6697,2379,1,225125,A98,2026-04-22
6698,153,5,223505,K86,2026-06-12
6699,837,3,225125,K86,2026-06-29
6700,3369,2,225125,A98,2026-03-17
6701,3604,7,223208,D83,2026-01-02
6702,3511,2,225125,W78,2026-05-29
6703,4233,1,225125,X86,2026-06-07
6704,251,1,225125,T90,2026-01-17
6705,639,2,225125,K86,2026-03-22
6706,2058,3,225125,X86,2026-03-13
6707,1482,3,225125,K86,2026-05-15
6708,4891,1,225125,X86,2026-03-02
6709,4959,1,225125,T90,2026-03-25
6710,3511,1,225125,A98,2026-03-18
6711,1585,5,223505,K86,2026-04-17
6712,1647,7,223208,D83,2026-01-28
6713,3257,8,322230,A98,2026-01-09
6714,4345,4,223505,A98,2026-03-15
6715,2177,7,223208,D83,2026-03-02
6716,1541,8,322230,A98,2026-01-13
6717,2802,8,322230,A98,2026-04-27
6718,337,8,322230,A98,2026-06-01
6719,3666,5,223505,K86,2026-05-22
6720,1308,4,223505,A93,2026-05-28
6721,3738,2,225125,A98,2026-01-21
6722,1941,4,223505,T90,2026-03-04
6723,2969,5,223505,A98,2026-04-26
6724,2275,7,223208,D83,2026-02-09
6725,233,1,225125,X86,2026-04-23
6726,1074,6,223208,D83,2026-04-21
6727,3273,1,225125,K86,2026-01-14
6728,2515,4,223505,A93,2026-02-24
6729,3302,1,225125,T90,2026-04-11
6730,2066,6,223208,D83,2026-03-07
6731,3793,1,225125,K86,2026-06-06
6732,2964,8,322230,A98,2026-03-15
6733,2111,8,322230,A98,2026-03-02
6734,1947,6,223208,D83,2026-03-12
6735,4615,2,225125,A98,2026-01-29
6736,3927,8,322230,A98,2026-04-24
6737,3474,4,223505,W78,2026-05-10
6738,1430,7,223208,D83,2026-03-15
6739,3067,1,225125,K86,2026-03-03
6740,616,6,223208,D83,2026-02-27
6741,607,7,223208,D83,2026-03-10
6742,3760,1,225125,A98,2026-02-04
6743,4812,2,225125,X86,2026-05-04
6744,456,9,322230,A98,2026-02-21
6745,1913,3,225125,K86,2026-06-20
6746,666,7,223208,D83,2026-03-21
6747,1746,9,322230,A98,2026-01-24
6748,4165,8,322230,A98,2026-04-06
6749,4973,9,322230,A98,2026-04-10
6750,3102,2,225125,X86,2026-05-14
6751,3312,2,225125,A98,2026-05-10
6752,531,1,225125,A93,2026-02-16
6753,4782,2,225125,W78,2026-06-21
6754,3867,4,223505,X86,2026-02-17
6755,105,2,225125,A98,2026-05-03
6756,2570,4,223505,A98,2026-06-22
6757,2901,8,322230,A98,2026-01-28
6758,2791,4,223505,K86,2026-06-04
6759,750,7,223208,D83,2026-06-02
6760,1502,2,225125,X86,2026-04-19
6761,980,1,225125,T90,2026-06-03
6762,4962,4,223505,K86,2026-03-06
6763,4510,2,225125,A93,2026-01-31
6764,3841,7,223208,D83,2026-01-08
6765,787,8,322230,A98,2026-02-12
6766,2894,6,223208,D83,2026-04-09
6767,3789,1,225125,T90,2026-02-18
6768,469,9,322230,A98,2026-04-21
6769,3344,5,223505,X86,2026-01-31
6770,1077,7,223208,D83,2026-04-20
6771,1045,6,223208,D83,2026-04-21
6772,1867,6,223208,D83,2026-01-19
6773,678,3,225125,A98,2026-03-05
6774,3635,2,225125,A98,2026-06-04
6775,2586,1,225125,A98,2026-02-20
6776,2181,5,223505,K86,2026-04-16
6777,818,1,225125,A93,2026-02-13
6778,3098,6,223208,D83,2026-01-18
6779,2274,8,322230,A98,2026-02-19
6780,1921,1,225125,K86,2026-04-05
6781,414,7,223208,D83,2026-01-22
6782,4251,2,225125,W78,2026-04-13
6783,3163,7,223208,D83,2026-02-17
6784,3313,5,223505,A98,2026-04-24
6785,983,7,223208,D83,2026-06-23
6786,252,5,223505,K86,2026-05-29
6787,4699,1,225125,A98,2026-04-24
6788,2393,5,223505,T90,2026-06-22
6789,1748,6,223208,D83,2026-01-25
6790,1409,1,225125,X86,2026-05-19
6791,4310,4,223505,A98,2026-03-15
6792,4419,1,225125,A93,2026-04-18
6793,4808,5,223505,T90,2026-03-21
6794,1612,5,223505,K86,2026-05-20
6795,1469,1,225125,A98,2026-03-23
6796,901,1,225125,A98,2026-06-18
6797,1496,6,223208,D83,2026-05-10
6798,702,2,225125,X86,2026-05-26
6799,2226,4,223505,A98,2026-03-25
6800,4365,3,225125,A93,2026-04-04
6801,3364,1,225125,K86,2026-06-24
6802,3072,3,225125,A93,2026-02-09
6803,1312,6,223208,D83,2026-01-21
6804,1167,2,225125,T90,2026-01-12
6805,2506,6,223208,D83,2026-05-26
6806,4012,4,223505,T90,2026-03-13
6807,1124,5,223505,T90,2026-06-23
6808,1400,1,225125,A98,2026-02-27
6809,2448,7,223208,D83,2026-06-28
6810,1687,4,223505,A98,2026-01-12
6811,369,1,225125,X86,2026-04-21
6812,1944,4,223505,K86,2026-04-29
6813,3608,9,322230,A98,2026-02-28
6814,2983,9,322230,A98,2026-03-08
6815,471,4,223505,X86,2026-04-08
6816,3218,7,223208,D83,2026-04-21
6817,2391,8,322230,A98,2026-02-12
6818,3016,2,225125,A98,2026-02-26
6819,1036,1,225125,A98,2026-05-13
6820,2904,9,322230,A98,2026-03-11
6821,1120,4,223505,W78,2026-05-22
6822,3968,3,225125,A98,2026-04-30
6823,4161,5,223505,X86,2026-03-19
6824,3942,2,225125,A93,2026-05-08
6825,1828,1,225125,A98,2026-01-30
6826,1134,2,225125,A98,2026-06-10
6827,680,6,223208,D83,2026-01-08
6828,1939,1,225125,X86,2026-01-31
6829,2865,9,322230,A98,2026-05-05
6830,3803,1,225125,A98,2026-02-17
6831,1041,7,223208,D83,2026-06-22
6832,4521,5,223505,A98,2026-01-20
6833,4652,2,225125,A93,2026-05-28
6834,2390,1,225125,T90,2026-05-09
6835,1313,1,225125,K86,2026-04-26
6836,4161,2,225125,W78,2026-05-09
6837,143,3,225125,K86,2026-03-26
6838,1157,8,322230,A98,2026-04-18
6839,438,3,225125,A93,2026-02-02
6840,3647,7,223208,D83,2026-06-15
6841,4378,1,225125,A98,2026-01-30
6842,2881,1,225125,A98,2026-05-02
6843,3222,1,225125,K86,2026-06-21
6844,3551,9,322230,A98,2026-02-06
6845,2329,6,223208,D83,2026-02-25
6846,3434,3,225125,A93,2026-03-13
6847,96,3,225125,K86,2026-02-02
6848,4787,1,225125,A93,2026-03-01
6849,4968,4,223505,X86,2026-05-04
6850,4804,1,225125,K86,2026-06-27
6851,4859,2,225125,A98,2026-06-28
6852,3170,4,223505,T90,2026-01-13
6853,1826,2,225125,X86,2026-03-13
6854,1130,9,322230,A98,2026-03-24
6855,3338,8,322230,A98,2026-05-22
6856,1219,2,225125,A98,2026-02-25
6857,758,2,225125,X86,2026-03-02
6858,2444,2,225125,A98,2026-05-26
6859,3811,3,225125,K86,2026-03-08
6860,2080,4,223505,K86,2026-04-12
6861,1970,5,223505,W78,2026-01-08
6862,90,6,223208,D83,2026-04-12
6863,2268,3,225125,K86,2026-05-15
6864,4829,5,223505,W78,2026-02-26
6865,4587,9,322230,A98,2026-04-22
6866,3259,1,225125,A98,2026-06-03
6867,4698,1,225125,K86,2026-06-21
6868,3954,2,225125,X86,2026-02-21
6869,1196,6,223208,D83,2026-02-27
6870,2876,6,223208,D83,2026-01-25
6871,1401,8,322230,A98,2026-02-05
6872,423,9,322230,A98,2026-03-02
6873,2308,4,223505,W78,2026-02-24
6874,728,6,223208,D83,2026-01-02
6875,4753,5,223505,T90,2026-05-24
6876,2521,4,223505,K86,2026-01-23
6877,4610,4,223505,A98,2026-05-09
6878,2737,9,322230,A98,2026-01-06
6879,2766,3,225125,A98,2026-06-28
6880,199,3,225125,W78,2026-01-28
6881,419,5,223505,X86,2026-05-01
6882,3392,1,225125,W78,2026-01-27
6883,848,5,223505,A98,2026-01-25
6884,455,6,223208,D83,2026-05-11
6885,2718,3,225125,T90,2026-04-20
6886,1103,1,225125,K86,2026-04-05
6887,3577,3,225125,A98,2026-01-04
6888,1489,1,225125,X86,2026-03-13
6889,4727,2,225125,A98,2026-01-25
6890,515,1,225125,K86,2026-01-01
6891,121,1,225125,A98,2026-05-09
6892,2366,3,225125,K86,2026-04-30
6893,2909,1,225125,T90,2026-05-30
6894,1560,2,225125,A98,2026-03-07
6895,2887,1,225125,A93,2026-05-15
6896,1087,2,225125,X86,2026-04-03
6897,367,4,223505,K86,2026-04-13
6898,3574,8,322230,A98,2026-04-05
6899,1609,5,223505,K86,2026-01-01
6900,927,2,225125,T90,2026-06-04
6901,4130,2,225125,X86,2026-01-03
6902,4271,3,225125,A93,2026-05-07
6903,700,1,225125,X86,2026-04-26
6904,75,9,322230,A98,2026-02-15
6905,1221,6,223208,D83,2026-03-31
6906,1512,4,223505,K86,2026-01-03
6907,2959,2,225125,A98,2026-06-04
6908,837,2,225125,K86,2026-03-27
6909,2675,7,223208,D83,2026-06-01
6910,442,8,322230,A98,2026-05-20
6911,3223,1,225125,A98,2026-06-28
6912,4090,2,225125,W78,2026-02-09
6913,2482,5,223505,T90,2026-03-15
6914,288,4,223505,A98,2026-06-17
6915,25,1,225125,K86,2026-04-16
6916,905,8,322230,A98,2026-05-24
6917,3478,9,322230,A98,2026-05-16
6918,3225,1,225125,K86,2026-03-20
6919,3102,4,223505,A98,2026-03-10
6920,2755,3,225125,A98,2026-06-10
6921,2048,4,223505,A93,2026-02-16
6922,4694,8,322230,A98,2026-04-15
6923,4139,2,225125,K86,2026-04-19
6924,2574,4,223505,A98,2026-03-08
6925,2028,1,225125,K86,2026-03-14
6926,2505,8,322230,A98,2026-03-25
6927,169,6,223208,D83,2026-05-13
6928,3088,7,223208,D83,2026-05-01
6929,2272,9,322230,A98,2026-02-28
6930,4204,8,322230,A98,2026-02-14
6931,3817,2,225125,X86,2026-03-25
6932,350,6,223208,D83,2026-02-06
6933,4328,3,225125,A98,2026-02-10
6934,3492,8,322230,A98,2026-06-24
6935,848,2,225125,K86,2026-01-14
6936,1812,1,225125,K86,2026-06-16
6937,3924,3,225125,W78,2026-06-27
6938,1499,9,322230,A98,2026-06-25
6939,4842,2,225125,A98,2026-04-30
6940,2315,4,223505,W78,2026-02-13
6941,3090,8,322230,A98,2026-03-02
6942,1271,4,223505,T90,2026-03-09
6943,159,9,322230,A98,2026-02-23
6944,2988,9,322230,A98,2026-02-27
6945,2655,2,225125,K86,2026-06-07
6946,1479,2,225125,K86,2026-05-21
6947,2375,5,223505,A98,2026-05-31
6948,4347,8,322230,A98,2026-05-28
6949,934,5,223505,A98,2026-06-28
6950,3317,2,225125,A98,2026-03-16
6951,1917,5,223505,A93,2026-05-17
6952,2318,5,223505,A98,2026-01-16
6953,2148,7,223208,D83,2026-03-16
6954,3503,4,223505,A98,2026-06-09
6955,1089,1,225125,A98,2026-03-19
6956,885,7,223208,D83,2026-06-06
6957,1734,7,223208,D83,2026-03-21
6958,2508,6,223208,D83,2026-01-30
6959,464,8,322230,A98,2026-04-06
6960,4758,5,223505,X86,2026-05-31
6961,3678,5,223505,X86,2026-04-19
6962,2056,5,223505,W78,2026-06-13
6963,956,2,225125,A93,2026-02-12
6964,1462,5,223505,W78,2026-03-02
6965,1317,1,225125,K86,2026-02-12
6966,329,2,225125,A93,2026-03-30
6967,1109,3,225125,K86,2026-05-30
6968,1241,2,225125,A98,2026-03-18
6969,2942,3,225125,W78,2026-06-23
6970,524,1,225125,X86,2026-02-08
6971,3280,4,223505,X86,2026-01-08
6972,1093,9,322230,A98,2026-01-30
6973,2018,2,225125,A98,2026-01-29
6974,4385,3,225125,A98,2026-01-27
6975,3427,4,223505,A98,2026-06-24
6976,2392,1,225125,K86,2026-02-10
6977,303,1,225125,K86,2026-01-09
6978,2713,7,223208,D83,2026-02-17
6979,825,8,322230,A98,2026-02-01
6980,2743,5,223505,A98,2026-04-27
6981,2740,7,223208,D83,2026-01-26
6982,4632,4,223505,A98,2026-01-03
6983,2126,5,223505,A93,2026-04-26
6984,299,6,223208,D83,2026-01-10
6985,2578,3,225125,A93,2026-04-13
6986,3591,5,223505,A93,2026-03-16
6987,3923,1,225125,T90,2026-02-27
6988,4663,9,322230,A98,2026-03-31
6989,1707,4,223505,A98,2026-06-16
6990,3975,2,225125,A98,2026-02-22
6991,4941,8,322230,A98,2026-01-11
6992,4638,1,225125,A98,2026-01-30
6993,3003,8,322230,A98,2026-04-06
6994,69,6,223208,D83,2026-03-05
6995,1393,8,322230,A98,2026-01-04
6996,2614,7,223208,D83,2026-01-21
6997,3139,5,223505,K86,2026-03-26
6998,2843,3,225125,A98,2026-03-21
6999,4246,2,225125,A98,2026-03-04
7000,3004,5,223505,K86,2026-06-20
7001,4333,9,322230,A98,2026-06-23
7002,1450,5,223505,A98,2026-04-01
7003,3052,7,223208,D83,2026-01-19
7004,1640,2,225125,A93,2026-03-09
7005,3713,9,322230,A98,2026-01-01
7006,2299,1,225125,A98,2026-06-15
7007,3348,8,322230,A98,2026-05-18
7008,2088,7,223208,D83,2026-06-28
7009,1616,9,322230,A98,2026-05-22
7010,4039,8,322230,A98,2026-03-21
7011,83,7,223208,D83,2026-02-22
7012,2586,4,223505,K86,2026-03-23
7013,1705,7,223208,D83,2026-06-08
7014,4982,4,223505,A98,2026-06-19
7015,2991,6,223208,D83,2026-05-07
7016,1368,1,225125,A93,2026-06-02
7017,4168,5,223505,A98,2026-01-19
7018,4122,6,223208,D83,2026-05-30
7019,1196,1,225125,W78,2026-06-23
7020,1209,1,225125,A98,2026-04-22
7021,827,8,322230,A98,2026-06-06
7022,3748,8,322230,A98,2026-05-12
7023,4997,1,225125,K86,2026-03-06
7024,2165,1,225125,A98,2026-02-09
7025,4953,2,225125,W78,2026-02-14
7026,4071,1,225125,K86,2026-06-27
7027,1696,9,322230,A98,2026-02-17
7028,3015,1,225125,X86,2026-03-26
7029,4328,1,225125,T90,2026-03-20
7030,3730,1,225125,K86,2026-03-31
7031,4094,8,322230,A98,2026-06-16
7032,1383,4,223505,A93,2026-02-20
7033,3605,6,223208,D83,2026-01-11
7034,2124,3,225125,K86,2026-02-02
7035,247,2,225125,A98,2026-04-13
7036,904,3,225125,X86,2026-05-10
7037,882,1,225125,A98,2026-06-09
7038,3717,5,223505,T90,2026-01-16
7039,1651,6,223208,D83,2026-04-19
7040,2566,2,225125,A93,2026-03-04
7041,724,1,225125,W78,2026-03-14
7042,4797,3,225125,K86,2026-02-06
7043,1592,6,223208,D83,2026-01-03
7044,1255,7,223208,D83,2026-04-14
7045,4123,2,225125,A93,2026-02-18
7046,3533,4,223505,A98,2026-03-29
7047,4943,4,223505,A98,2026-02-21
7048,2871,4,223505,A93,2026-03-31
7049,2970,9,322230,A98,2026-04-05
7050,4446,7,223208,D83,2026-02-24
7051,2532,2,225125,A93,2026-02-17
7052,1528,1,225125,W78,2026-04-03
7053,4398,2,225125,X86,2026-04-09
7054,585,2,225125,A93,2026-05-29
7055,654,8,322230,A98,2026-03-23
7056,4682,6,223208,D83,2026-02-18
7057,3672,1,225125,X86,2026-05-17
7058,2676,7,223208,D83,2026-03-18
7059,3993,4,223505,W78,2026-02-18
7060,1274,3,225125,T90,2026-02-21
7061,2657,3,225125,A98,2026-05-22
7062,75,5,223505,A93,2026-02-10
7063,4271,1,225125,A98,2026-05-15
7064,843,2,225125,X86,2026-02-06
7065,984,2,225125,W78,2026-03-11
7066,389,1,225125,A93,2026-03-30
7067,62,7,223208,D83,2026-05-25
7068,3647,9,322230,A98,2026-02-28
7069,3843,2,225125,A98,2026-06-19
7070,3004,2,225125,W78,2026-01-07
7071,2840,1,225125,A98,2026-03-09
7072,93,3,225125,T90,2026-04-29
7073,2819,5,223505,W78,2026-01-15
7074,2882,4,223505,X86,2026-01-19
7075,4876,8,322230,A98,2026-01-21
7076,1735,3,225125,A93,2026-01-12
7077,4024,3,225125,K86,2026-03-30
7078,235,1,225125,A98,2026-01-13
7079,4475,5,223505,A98,2026-06-03
7080,4982,6,223208,D83,2026-05-07
7081,3497,2,225125,K86,2026-03-15
7082,1220,5,223505,A98,2026-06-03
7083,4752,3,225125,K86,2026-01-26
7084,1091,8,322230,A98,2026-01-06
7085,4402,8,322230,A98,2026-05-29
7086,2313,8,322230,A98,2026-04-10
7087,3804,9,322230,A98,2026-01-09
7088,785,1,225125,A98,2026-01-10
7089,1510,4,223505,T90,2026-01-02
7090,479,1,225125,K86,2026-04-10
7091,2038,7,223208,D83,2026-03-20
7092,1702,2,225125,K86,2026-06-02
7093,3309,3,225125,A98,2026-02-25
7094,4905,3,225125,A98,2026-03-22
7095,1786,7,223208,D83,2026-05-15
7096,2745,9,322230,A98,2026-01-30
7097,3729,2,225125,X86,2026-02-08
7098,517,1,225125,X86,2026-03-09
7099,971,8,322230,A98,2026-01-20
7100,4150,8,322230,A98,2026-03-27
7101,4432,1,225125,A93,2026-05-28
7102,3345,6,223208,D83,2026-03-29
7103,723,5,223505,W78,2026-04-11
7104,4752,7,223208,D83,2026-02-15
7105,4445,1,225125,K86,2026-03-28
7106,1314,1,225125,A93,2026-04-28
7107,1676,3,225125,A98,2026-05-01
7108,4274,2,225125,K86,2026-01-08
7109,1811,9,322230,A98,2026-03-28
7110,28,7,223208,D83,2026-05-19
7111,266,2,225125,T90,2026-01-13
7112,1563,2,225125,A93,2026-05-23
7113,3300,2,225125,A93,2026-04-17
7114,2792,1,225125,A98,2026-01-03
7115,4696,5,223505,K86,2026-03-23
7116,2273,5,223505,A98,2026-03-27
7117,4872,3,225125,T90,2026-04-02
7118,3460,5,223505,K86,2026-03-19
7119,950,2,225125,K86,2026-02-18
7120,436,2,225125,A93,2026-01-28
7121,2300,3,225125,T90,2026-04-20
7122,1518,6,223208,D83,2026-01-28
7123,24,8,322230,A98,2026-02-22
7124,4659,8,322230,A98,2026-04-23
7125,4404,8,322230,A98,2026-02-13
7126,1286,4,223505,K86,2026-04-14
7127,925,3,225125,A93,2026-04-12
7128,3751,5,223505,A98,2026-01-31
7129,854,9,322230,A98,2026-05-26
7130,4196,2,225125,W78,2026-03-22
7131,1131,1,225125,X86,2026-05-08
7132,1437,1,225125,X86,2026-05-05
7133,60,6,223208,D83,2026-05-16
7134,376,7,223208,D83,2026-02-25
7135,1341,1,225125,X86,2026-06-28
7136,4807,6,223208,D83,2026-04-22
7137,4779,1,225125,W78,2026-01-28
7138,3090,3,225125,A98,2026-06-22
7139,3999,3,225125,W78,2026-01-04
7140,186,2,225125,A93,2026-02-28
7141,4782,5,223505,X86,2026-03-11
7142,978,7,223208,D83,2026-06-28
7143,3211,8,322230,A98,2026-04-10
7144,293,4,223505,T90,2026-04-01
7145,600,3,225125,A93,2026-01-31
7146,2326,9,322230,A98,2026-05-22
7147,4672,8,322230,A98,2026-06-17
7148,4049,4,223505,X86,2026-06-01
7149,2437,7,223208,D83,2026-05-09
7150,1832,6,223208,D83,2026-03-28
7151,4266,7,223208,D83,2026-02-04
7152,592,6,223208,D83,2026-01-22
7153,1201,1,225125,A98,2026-01-16
7154,3862,1,225125,A98,2026-03-11
7155,2358,3,225125,K86,2026-04-26
7156,3273,3,225125,T90,2026-05-20
7157,4081,2,225125,X86,2026-01-04
7158,1294,1,225125,X86,2026-03-30
7159,2680,7,223208,D83,2026-04-12
7160,3769,8,322230,A98,2026-03-04
7161,2642,8,322230,A98,2026-01-21
7162,1161,5,223505,K86,2026-03-01
7163,4329,2,225125,A98,2026-06-11
7164,1556,2,225125,K86,2026-06-08
7165,2468,1,225125,K86,2026-03-10
7166,3821,9,322230,A98,2026-03-22
7167,1226,5,223505,T90,2026-04-05
7168,1465,2,225125,X86,2026-05-30
7169,1687,2,225125,X86,2026-03-11
7170,4127,2,225125,A98,2026-06-17
7171,3649,3,225125,A93,2026-06-06
7172,2977,8,322230,A98,2026-02-03
7173,1077,2,225125,K86,2026-01-25
7174,3375,8,322230,A98,2026-06-10
7175,4319,4,223505,W78,2026-05-31
7176,988,2,225125,A98,2026-06-15
7177,1212,3,225125,A98,2026-05-18
7178,4148,7,223208,D83,2026-03-22
7179,1382,8,322230,A98,2026-04-13
7180,817,5,223505,A93,2026-05-30
7181,1744,1,225125,A98,2026-04-22
7182,4819,7,223208,D83,2026-04-17
7183,889,4,223505,A98,2026-06-11
7184,1067,1,225125,A93,2026-04-15
7185,2808,2,225125,X86,2026-01-18
7186,1810,1,225125,K86,2026-03-08
7187,2971,4,223505,A98,2026-05-31
7188,4242,1,225125,K86,2026-06-15
7189,1580,7,223208,D83,2026-01-07
7190,4551,3,225125,A98,2026-06-19
7191,1622,1,225125,K86,2026-06-24
7192,1504,2,225125,W78,2026-01-01
7193,2319,2,225125,X86,2026-06-29
7194,4233,5,223505,A98,2026-02-06
7195,170,1,225125,T90,2026-06-24
7196,551,8,322230,A98,2026-03-30
7197,4399,9,322230,A98,2026-04-12
7198,4956,2,225125,K86,2026-03-09
7199,3336,5,223505,A98,2026-06-16
7200,217,1,225125,K86,2026-02-26
7201,4700,1,225125,T90,2026-01-05
7202,4430,2,225125,T90,2026-01-07
7203,2703,1,225125,K86,2026-03-24
7204,4982,7,223208,D83,2026-05-17
7205,4047,1,225125,T90,2026-04-11
7206,3345,6,223208,D83,2026-06-16
7207,2134,1,225125,A98,2026-02-26
7208,4985,9,322230,A98,2026-06-13
7209,2015,1,225125,T90,2026-05-05
7210,3557,6,223208,D83,2026-01-29
7211,4512,5,223505,A98,2026-06-07
7212,2082,1,225125,X86,2026-01-21
7213,986,2,225125,T90,2026-04-29
7214,2202,1,225125,A98,2026-04-16
7215,4607,4,223505,K86,2026-01-27
7216,2298,2,225125,A93,2026-03-17
7217,3046,8,322230,A98,2026-02-05
7218,2148,2,225125,W78,2026-03-16
7219,2400,8,322230,A98,2026-06-28
7220,734,6,223208,D83,2026-04-19
7221,1654,1,225125,K86,2026-01-19
7222,1895,7,223208,D83,2026-01-23
7223,4701,9,322230,A98,2026-02-02
7224,3008,1,225125,X86,2026-04-17
7225,2443,8,322230,A98,2026-02-04
7226,2929,1,225125,A93,2026-03-27
7227,1936,3,225125,A93,2026-03-16
7228,4809,5,223505,A93,2026-06-17
7229,1677,7,223208,D83,2026-04-23
7230,505,4,223505,W78,2026-01-15
7231,2044,5,223505,K86,2026-01-08
7232,1879,9,322230,A98,2026-03-13
7233,954,8,322230,A98,2026-01-01
7234,2515,6,223208,D83,2026-03-20
7235,2992,2,225125,A98,2026-04-27
7236,3049,1,225125,A98,2026-06-02
7237,2568,5,223505,K86,2026-03-13
7238,3590,3,225125,K86,2026-03-09
7239,4786,6,223208,D83,2026-02-07
7240,2605,2,225125,A93,2026-05-23
7241,639,1,225125,A98,2026-04-04
7242,4162,4,223505,K86,2026-06-11
7243,4118,3,225125,A98,2026-04-01
7244,2236,1,225125,X86,2026-02-05
7245,3947,3,225125,W78,2026-03-01
7246,4223,4,223505,W78,2026-06-15
7247,4979,6,223208,D83,2026-06-06
7248,1017,1,225125,K86,2026-02-11
7249,2129,3,225125,K86,2026-06-13
7250,4855,8,322230,A98,2026-04-20
7251,3610,9,322230,A98,2026-04-28
7252,2105,6,223208,D83,2026-03-29
7253,3611,9,322230,A98,2026-06-23
7254,607,1,225125,T90,2026-04-17
7255,408,7,223208,D83,2026-02-15
7256,3814,7,223208,D83,2026-02-19
7257,834,7,223208,D83,2026-05-10
7258,1193,1,225125,A98,2026-03-18
7259,4276,4,223505,T90,2026-04-13
7260,274,1,225125,K86,2026-04-28
7261,4715,2,225125,K86,2026-04-11
7262,4396,3,225125,A98,2026-06-28
7263,1517,6,223208,D83,2026-06-09
7264,379,8,322230,A98,2026-03-17
7265,4311,6,223208,D83,2026-03-25
7266,3226,7,223208,D83,2026-01-11
7267,538,8,322230,A98,2026-04-13
7268,4707,9,322230,A98,2026-01-11
7269,353,4,223505,K86,2026-03-18
7270,3316,3,225125,T90,2026-05-03
7271,2683,1,225125,A98,2026-03-20
7272,4972,5,223505,A98,2026-05-04
7273,3703,2,225125,A98,2026-04-22
7274,2063,1,225125,K86,2026-03-18
7275,4599,5,223505,K86,2026-04-24
7276,4495,2,225125,K86,2026-03-17
7277,906,1,225125,A98,2026-03-28
7278,754,5,223505,X86,2026-04-08
7279,1987,8,322230,A98,2026-04-26
7280,326,2,225125,A98,2026-05-28
7281,322,3,225125,W78,2026-02-12
7282,333,6,223208,D83,2026-05-20
7283,57,1,225125,A93,2026-03-19
7284,2640,9,322230,A98,2026-06-02
7285,99,2,225125,K86,2026-03-07
7286,2376,6,223208,D83,2026-02-10
7287,2546,4,223505,X86,2026-06-25
7288,754,2,225125,K86,2026-06-14
7289,1599,3,225125,K86,2026-02-04
7290,4178,2,225125,W78,2026-01-13
7291,2615,8,322230,A98,2026-01-30
7292,2158,1,225125,W78,2026-05-02
7293,4725,9,322230,A98,2026-04-07
7294,636,2,225125,W78,2026-04-04
7295,4957,9,322230,A98,2026-04-01
7296,3661,4,223505,K86,2026-02-25
7297,2620,7,223208,D83,2026-01-15
7298,4970,7,223208,D83,2026-02-02
7299,108,7,223208,D83,2026-05-18
7300,3696,9,322230,A98,2026-02-03
7301,319,5,223505,A98,2026-05-27
7302,677,9,322230,A98,2026-05-23
7303,2688,7,223208,D83,2026-01-13
7304,2195,5,223505,T90,2026-02-11
7305,3084,4,223505,A98,2026-02-27
7306,2218,6,223208,D83,2026-02-04
7307,1708,4,223505,A98,2026-01-12
7308,203,6,223208,D83,2026-01-13
7309,4837,9,322230,A98,2026-06-08
7310,2470,7,223208,D83,2026-06-26
7311,4255,8,322230,A98,2026-02-21
7312,4198,1,225125,K86,2026-04-11
7313,4781,9,322230,A98,2026-06-22
7314,867,9,322230,A98,2026-02-27
7315,1047,3,225125,A98,2026-01-17
7316,498,8,322230,A98,2026-01-20
7317,4653,2,225125,A98,2026-02-25
7318,2762,9,322230,A98,2026-03-14
7319,2731,2,225125,A98,2026-01-05
7320,4121,2,225125,K86,2026-03-27
7321,4284,7,223208,D83,2026-05-25
7322,530,4,223505,A98,2026-06-24
7323,3240,2,225125,A98,2026-03-11
7324,4975,1,225125,T90,2026-05-06
7325,2487,8,322230,A98,2026-01-27
7326,3047,7,223208,D83,2026-06-08
7327,1579,9,322230,A98,2026-04-29
7328,2192,5,223505,T90,2026-04-27
7329,752,1,225125,T90,2026-02-25
7330,1921,4,223505,K86,2026-06-19
7331,99,3,225125,K86,2026-04-24
7332,3351,3,225125,X86,2026-02-20
7333,1360,9,322230,A98,2026-05-02
7334,1275,3,225125,T90,2026-06-24
7335,4806,2,225125,A98,2026-01-23
7336,2355,5,223505,T90,2026-04-05
7337,2821,2,225125,A98,2026-02-02
7338,2194,7,223208,D83,2026-01-12
7339,2261,1,225125,A98,2026-02-12
7340,2303,6,223208,D83,2026-03-04
7341,3223,2,225125,K86,2026-05-19
7342,2448,6,223208,D83,2026-06-27
7343,2539,1,225125,A93,2026-06-26
7344,1431,6,223208,D83,2026-04-21
7345,2177,5,223505,X86,2026-02-13
7346,57,4,223505,A93,2026-03-19
7347,1648,6,223208,D83,2026-06-20
7348,2009,7,223208,D83,2026-02-09
7349,3392,8,322230,A98,2026-06-07
7350,3736,8,322230,A98,2026-04-11
7351,1814,5,223505,K86,2026-01-02
7352,3558,6,223208,D83,2026-06-08
7353,3981,1,225125,A98,2026-02-14
7354,2874,9,322230,A98,2026-02-04
7355,2110,9,322230,A98,2026-06-27
7356,1975,2,225125,A98,2026-05-29
7357,2916,8,322230,A98,2026-06-26
7358,463,2,225125,T90,2026-05-12
7359,2721,9,322230,A98,2026-02-08
7360,149,8,322230,A98,2026-02-12
7361,4539,9,322230,A98,2026-01-10
7362,135,6,223208,D83,2026-01-12
7363,554,2,225125,K86,2026-04-10
7364,4791,3,225125,A98,2026-05-19
7365,334,9,322230,A98,2026-06-03
7366,4610,8,322230,A98,2026-05-22
7367,4600,1,225125,T90,2026-01-08
7368,788,3,225125,A93,2026-04-16
7369,144,7,223208,D83,2026-04-25
7370,83,3,225125,T90,2026-03-14
7371,2569,1,225125,T90,2026-06-24
7372,2626,3,225125,A98,2026-04-02
7373,2132,5,223505,A98,2026-06-25
7374,698,6,223208,D83,2026-02-16
7375,1731,3,225125,A98,2026-03-06
7376,1830,2,225125,A98,2026-01-15
7377,3338,1,225125,A98,2026-01-06
7378,768,1,225125,A98,2026-05-24
7379,4063,5,223505,A98,2026-05-01
7380,3263,1,225125,T90,2026-04-06
7381,2282,2,225125,A98,2026-02-16
7382,1189,6,223208,D83,2026-04-06
7383,4022,6,223208,D83,2026-06-06
7384,3230,3,225125,X86,2026-01-15
7385,3195,7,223208,D83,2026-06-04
7386,3132,3,225125,A98,2026-01-16
7387,1065,9,322230,A98,2026-06-18
7388,2831,3,225125,T90,2026-02-21
7389,1271,3,225125,A98,2026-06-24
7390,2541,8,322230,A98,2026-06-21
7391,3265,3,225125,K86,2026-06-05
7392,4784,6,223208,D83,2026-03-12
7393,542,1,225125,K86,2026-05-01
7394,2041,9,322230,A98,2026-03-28
7395,4411,8,322230,A98,2026-06-21
7396,4279,2,225125,A98,2026-05-04
7397,1869,1,225125,A98,2026-04-04
7398,632,7,223208,D83,2026-05-26
7399,1442,1,225125,K86,2026-02-13
7400,3822,7,223208,D83,2026-02-21
7401,4893,6,223208,D83,2026-02-06
7402,1348,2,225125,X86,2026-04-02
7403,1056,9,322230,A98,2026-02-09
7404,2504,1,225125,A98,2026-06-15
7405,3867,2,225125,A98,2026-06-21
7406,309,1,225125,W78,2026-05-20
7407,251,2,225125,A98,2026-06-28
7408,203,3,225125,T90,2026-03-21
7409,4621,6,223208,D83,2026-06-06
7410,2639,2,225125,K86,2026-06-13
7411,2016,5,223505,K86,2026-06-22
7412,4221,1,225125,A98,2026-01-06
7413,690,5,223505,A93,2026-04-28
7414,617,2,225125,K86,2026-06-08
7415,2192,9,322230,A98,2026-02-01
7416,2285,1,225125,A98,2026-03-24
7417,4602,8,322230,A98,2026-03-28
7418,2551,6,223208,D83,2026-02-19
7419,4713,7,223208,D83,2026-06-09
7420,3998,1,225125,A98,2026-04-28
7421,1886,2,225125,T90,2026-02-09
7422,4513,2,225125,A98,2026-03-30
7423,2382,6,223208,D83,2026-01-09
7424,4336,9,322230,A98,2026-05-07
7425,2889,2,225125,A98,2026-06-28
7426,3999,3,225125,A98,2026-03-13
7427,4031,6,223208,D83,2026-06-10
7428,2129,7,223208,D83,2026-06-26
7429,3189,7,223208,D83,2026-04-05
7430,4102,5,223505,A98,2026-01-06
7431,3627,2,225125,A98,2026-04-07
7432,3727,1,225125,A98,2026-02-11
7433,708,8,322230,A98,2026-06-26
7434,1494,4,223505,X86,2026-05-31
7435,2719,3,225125,K86,2026-02-16
7436,2861,2,225125,T90,2026-05-21
7437,906,1,225125,A98,2026-01-28
7438,131,2,225125,A98,2026-04-25
7439,3872,6,223208,D83,2026-04-16
7440,409,5,223505,A93,2026-02-11
7441,4621,1,225125,A98,2026-05-20
7442,3768,9,322230,A98,2026-05-28
7443,2289,2,225125,A93,2026-02-08
7444,1763,2,225125,K86,2026-05-31
7445,2224,1,225125,K86,2026-03-22
7446,4352,2,225125,A98,2026-06-01
7447,4710,2,225125,X86,2026-03-16
7448,3964,7,223208,D83,2026-04-25
7449,4449,1,225125,A98,2026-04-21
7450,1984,9,322230,A98,2026-06-04
7451,4701,6,223208,D83,2026-01-18
7452,2881,2,225125,T90,2026-03-30
7453,3533,8,322230,A98,2026-05-07
7454,2363,7,223208,D83,2026-01-10
7455,1750,3,225125,A93,2026-06-17
7456,2750,1,225125,A98,2026-03-01
7457,4657,2,225125,W78,2026-05-15
7458,4174,7,223208,D83,2026-06-27
7459,1265,6,223208,D83,2026-04-23
7460,2869,3,225125,A98,2026-01-31
7461,3898,3,225125,W78,2026-05-03
7462,4216,6,223208,D83,2026-04-10
7463,327,9,322230,A98,2026-02-22
7464,3118,2,225125,K86,2026-04-26
7465,4620,3,225125,T90,2026-03-15
7466,4114,3,225125,A98,2026-06-17
7467,1453,7,223208,D83,2026-02-13
7468,2714,9,322230,A98,2026-05-08
7469,2236,1,225125,A98,2026-04-22
7470,4283,3,225125,A98,2026-02-11
7471,3627,3,225125,W78,2026-03-14
7472,420,6,223208,D83,2026-03-07
7473,875,1,225125,X86,2026-06-14
7474,204,1,225125,A98,2026-05-01
7475,1907,2,225125,W78,2026-03-13
7476,2364,7,223208,D83,2026-03-07
7477,1112,2,225125,T90,2026-02-17
7478,1336,7,223208,D83,2026-01-15
7479,439,1,225125,W78,2026-04-21
7480,314,2,225125,X86,2026-06-02
7481,501,2,225125,A93,2026-04-19
7482,2127,2,225125,X86,2026-05-11
7483,3040,6,223208,D83,2026-04-06
7484,2978,8,322230,A98,2026-01-02
7485,2543,6,223208,D83,2026-01-20
7486,2111,2,225125,A93,2026-04-10
7487,3200,1,225125,T90,2026-06-18
7488,4176,4,223505,A98,2026-01-02
7489,267,1,225125,K86,2026-06-11
7490,2536,9,322230,A98,2026-06-29
7491,3388,9,322230,A98,2026-02-08
7492,4009,8,322230,A98,2026-04-02
7493,4902,2,225125,W78,2026-06-03
7494,466,1,225125,A98,2026-05-16
7495,3937,2,225125,K86,2026-06-06
7496,1107,9,322230,A98,2026-06-02
7497,3825,2,225125,W78,2026-03-05
7498,2534,2,225125,A98,2026-01-17
7499,4049,8,322230,A98,2026-02-13
7500,1388,2,225125,A98,2026-03-24
7501,1694,7,223208,D83,2026-01-29
7502,4854,5,223505,A98,2026-01-27
7503,953,1,225125,K86,2026-02-04
7504,2893,8,322230,A98,2026-02-21
7505,1607,1,225125,W78,2026-02-01
7506,3018,9,322230,A98,2026-04-07
7507,2633,2,225125,K86,2026-06-26
7508,3064,6,223208,D83,2026-05-08
7509,2064,3,225125,A98,2026-06-20
7510,2124,5,223505,A98,2026-04-25
7511,3374,5,223505,X86,2026-02-09
7512,4970,2,225125,T90,2026-01-22
7513,2453,1,225125,A98,2026-01-08
7514,2009,2,225125,X86,2026-02-20
7515,2159,2,225125,A93,2026-01-06
7516,149,6,223208,D83,2026-03-23
7517,3246,9,322230,A98,2026-01-07
7518,3386,2,225125,K86,2026-06-10
7519,3285,3,225125,T90,2026-01-26
7520,1984,1,225125,A98,2026-02-12
7521,3275,3,225125,A98,2026-01-16
7522,511,1,225125,X86,2026-05-30
7523,1272,7,223208,D83,2026-05-16
7524,1490,7,223208,D83,2026-04-10
7525,693,2,225125,A98,2026-04-03
7526,3526,3,225125,A98,2026-04-19
7527,428,4,223505,K86,2026-02-26
7528,412,5,223505,A98,2026-01-03
7529,3839,2,225125,A93,2026-02-07
7530,4528,2,225125,A98,2026-04-02
7531,1849,6,223208,D83,2026-06-03
7532,373,2,225125,A93,2026-06-28
7533,3702,7,223208,D83,2026-06-23
7534,4572,7,223208,D83,2026-06-22
7535,1069,2,225125,A98,2026-04-04
7536,2377,5,223505,X86,2026-06-02
7537,895,9,322230,A98,2026-02-03
7538,3818,6,223208,D83,2026-06-20
7539,3098,2,225125,K86,2026-01-23
7540,208,4,223505,X86,2026-06-18
7541,3135,4,223505,K86,2026-01-19
7542,1324,1,225125,A98,2026-01-16
7543,1265,8,322230,A98,2026-01-19
7544,1796,2,225125,K86,2026-02-09
7545,3281,5,223505,A98,2026-05-24
7546,933,8,322230,A98,2026-04-09
7547,251,6,223208,D83,2026-05-22
7548,4163,8,322230,A98,2026-02-12
7549,1121,2,225125,K86,2026-03-07
7550,3552,7,223208,D83,2026-01-23
7551,3982,3,225125,A93,2026-04-04
7552,3967,6,223208,D83,2026-03-30
7553,208,8,322230,A98,2026-06-20
7554,1893,3,225125,A93,2026-02-21
7555,2553,1,225125,A98,2026-01-20
7556,4215,8,322230,A98,2026-03-10
7557,2245,8,322230,A98,2026-02-12
7558,3035,6,223208,D83,2026-06-13
7559,2627,8,322230,A98,2026-06-03
7560,4945,1,225125,A93,2026-03-19
7561,3207,5,223505,T90,2026-04-23
7562,171,8,322230,A98,2026-03-12
7563,4638,7,223208,D83,2026-06-06
7564,3897,9,322230,A98,2026-02-15
7565,554,1,225125,A98,2026-04-10
7566,3971,7,223208,D83,2026-04-23
7567,1623,3,225125,W78,2026-04-18
7568,4388,2,225125,X86,2026-05-23
7569,2026,9,322230,A98,2026-03-24
7570,2498,2,225125,A98,2026-06-18
7571,3645,9,322230,A98,2026-01-11
7572,3825,1,225125,A98,2026-04-20
7573,93,2,225125,A98,2026-06-16
7574,1100,2,225125,W78,2026-01-23
7575,1875,4,223505,K86,2026-04-09
7576,1201,1,225125,A98,2026-01-28
7577,1911,1,225125,K86,2026-01-07
7578,1880,1,225125,K86,2026-01-24
7579,2234,8,322230,A98,2026-05-02
7580,857,1,225125,W78,2026-05-01
7581,4844,4,223505,W78,2026-06-26
7582,2638,6,223208,D83,2026-04-01
7583,3677,2,225125,W78,2026-04-24
7584,2829,6,223208,D83,2026-03-11
7585,442,1,225125,A98,2026-01-06
7586,1848,7,223208,D83,2026-06-20
7587,2913,4,223505,A98,2026-06-04
7588,2773,2,225125,X86,2026-03-29
7589,164,3,225125,A98,2026-04-23
7590,2561,1,225125,X86,2026-06-08
7591,3406,5,223505,K86,2026-04-06
7592,3716,9,322230,A98,2026-02-04
7593,2827,2,225125,K86,2026-02-19
7594,1231,2,225125,K86,2026-01-27
7595,4614,8,322230,A98,2026-04-06
7596,1930,5,223505,K86,2026-05-08
7597,4363,6,223208,D83,2026-01-27
7598,2735,5,223505,A98,2026-05-26
7599,2604,9,322230,A98,2026-05-01
7600,469,6,223208,D83,2026-01-16
7601,1865,7,223208,D83,2026-06-28
7602,3156,1,225125,K86,2026-06-12
7603,1250,6,223208,D83,2026-05-25
7604,2483,1,225125,W78,2026-03-19
7605,1588,7,223208,D83,2026-02-24
7606,2878,5,223505,A98,2026-05-10
7607,1979,8,322230,A98,2026-02-11
7608,3978,2,225125,A98,2026-06-27
7609,1505,2,225125,K86,2026-03-29
7610,814,9,322230,A98,2026-04-02
7611,2014,4,223505,K86,2026-01-01
7612,12,5,223505,A93,2026-04-09
7613,3225,5,223505,A98,2026-05-25
7614,4115,1,225125,X86,2026-06-18
7615,2429,1,225125,K86,2026-05-28
7616,4104,1,225125,X86,2026-05-29
7617,3177,1,225125,A93,2026-02-07
7618,1251,2,225125,K86,2026-02-21
7619,1934,2,225125,T90,2026-04-01
7620,1219,4,223505,K86,2026-04-28
7621,628,8,322230,A98,2026-02-22
7622,3942,2,225125,W78,2026-04-06
7623,4302,2,225125,T90,2026-02-14
7624,3184,9,322230,A98,2026-05-09
7625,742,5,223505,A98,2026-02-17
7626,4546,1,225125,A98,2026-06-21
7627,3836,4,223505,X86,2026-06-23
7628,1862,7,223208,D83,2026-05-18
7629,348,1,225125,T90,2026-06-17
7630,121,1,225125,A93,2026-03-05
7631,2278,7,223208,D83,2026-06-07
7632,2490,2,225125,K86,2026-06-19
7633,4184,2,225125,T90,2026-03-08
7634,628,2,225125,A98,2026-02-16
7635,4472,9,322230,A98,2026-06-16
7636,196,9,322230,A98,2026-01-19
7637,4556,7,223208,D83,2026-05-22
7638,1137,2,225125,A93,2026-02-20
7639,1821,6,223208,D83,2026-02-07
7640,1580,7,223208,D83,2026-03-30
7641,701,5,223505,W78,2026-05-21
7642,752,9,322230,A98,2026-05-04
7643,323,3,225125,X86,2026-03-02
7644,159,1,225125,W78,2026-06-02
7645,3060,7,223208,D83,2026-02-08
7646,1127,9,322230,A98,2026-03-04
7647,4472,4,223505,K86,2026-02-12
7648,2705,6,223208,D83,2026-03-27
7649,4000,2,225125,A98,2026-06-29
7650,1290,3,225125,X86,2026-06-03
7651,1079,2,225125,A98,2026-04-02
7652,251,9,322230,A98,2026-06-06
7653,40,5,223505,A98,2026-01-30
7654,2043,1,225125,A98,2026-01-31
7655,55,2,225125,A98,2026-04-03
7656,3305,8,322230,A98,2026-01-10
7657,4920,2,225125,W78,2026-02-05
7658,67,8,322230,A98,2026-03-16
7659,1679,2,225125,T90,2026-02-16
7660,1190,5,223505,K86,2026-05-20
7661,4959,8,322230,A98,2026-05-07
7662,566,6,223208,D83,2026-06-01
7663,1534,2,225125,A98,2026-04-15
7664,583,7,223208,D83,2026-01-26
7665,3082,7,223208,D83,2026-05-12
7666,2326,4,223505,A98,2026-03-25
7667,764,2,225125,W78,2026-01-16
7668,1715,5,223505,K86,2026-06-05
7669,1437,7,223208,D83,2026-03-27
7670,1954,4,223505,A98,2026-05-08
7671,172,9,322230,A98,2026-03-05
7672,2405,1,225125,X86,2026-02-04
7673,3217,5,223505,X86,2026-02-15
7674,469,4,223505,X86,2026-02-17
7675,1210,5,223505,A98,2026-04-18
7676,4183,7,223208,D83,2026-06-08
7677,2923,1,225125,K86,2026-05-09
7678,1856,1,225125,W78,2026-04-30
7679,4916,2,225125,W78,2026-05-30
7680,2521,9,322230,A98,2026-04-10
7681,1083,8,322230,A98,2026-02-04
7682,1513,7,223208,D83,2026-01-08
7683,1925,4,223505,A98,2026-01-13
7684,852,6,223208,D83,2026-04-12
7685,2680,8,322230,A98,2026-06-24
7686,678,2,225125,A98,2026-01-11
7687,3930,6,223208,D83,2026-01-08
7688,3135,2,225125,A98,2026-05-01
7689,853,2,225125,T90,2026-04-09
7690,3843,2,225125,A98,2026-02-12
7691,1928,2,225125,K86,2026-06-22
7692,1713,1,225125,A93,2026-04-27
7693,3809,9,322230,A98,2026-06-01
7694,1976,1,225125,A93,2026-03-19
7695,2059,7,223208,D83,2026-04-24
7696,3105,5,223505,K86,2026-03-27
7697,1155,3,225125,K86,2026-04-22
7698,3649,6,223208,D83,2026-02-20
7699,872,1,225125,W78,2026-04-25
7700,1833,1,225125,K86,2026-05-07
7701,206,9,322230,A98,2026-04-30
7702,3708,1,225125,K86,2026-05-19
7703,3913,1,225125,K86,2026-04-01
7704,3761,2,225125,A93,2026-04-03
7705,3890,9,322230,A98,2026-01-06
7706,3602,3,225125,A93,2026-04-08
7707,603,6,223208,D83,2026-01-26
7708,189,7,223208,D83,2026-01-28
7709,4945,1,225125,W78,2026-05-21
7710,1455,6,223208,D83,2026-05-05
7711,1849,8,322230,A98,2026-04-01
7712,3980,6,223208,D83,2026-05-30
7713,1781,1,225125,A98,2026-02-05
7714,4945,5,223505,K86,2026-03-16
7715,4861,7,223208,D83,2026-04-03
7716,3938,2,225125,K86,2026-06-08
7717,1094,6,223208,D83,2026-01-17
7718,1670,4,223505,K86,2026-06-03
7719,930,5,223505,K86,2026-04-14
7720,3081,7,223208,D83,2026-02-16
7721,421,9,322230,A98,2026-03-13
7722,1981,2,225125,A98,2026-03-01
7723,4273,1,225125,A98,2026-05-25
7724,1887,2,225125,T90,2026-03-22
7725,2876,7,223208,D83,2026-04-30
7726,3062,2,225125,A98,2026-02-11
7727,2312,4,223505,T90,2026-05-22
7728,1490,6,223208,D83,2026-06-16
7729,492,2,225125,A93,2026-03-04
7730,4900,6,223208,D83,2026-05-03
7731,3707,6,223208,D83,2026-05-23
7732,1999,1,225125,W78,2026-03-21
7733,393,2,225125,A98,2026-01-04
7734,4250,2,225125,W78,2026-01-22
7735,3589,1,225125,A93,2026-04-18
7736,4645,3,225125,A93,2026-06-07
7737,357,2,225125,K86,2026-04-12
7738,2635,1,225125,A98,2026-04-12
7739,1697,7,223208,D83,2026-04-28
7740,4252,2,225125,T90,2026-05-05
7741,3816,6,223208,D83,2026-03-15
7742,1025,1,225125,A98,2026-05-20
7743,3917,3,225125,K86,2026-01-24
7744,2122,8,322230,A98,2026-05-21
7745,1652,5,223505,A98,2026-04-19
7746,4734,8,322230,A98,2026-06-01
7747,3807,7,223208,D83,2026-01-20
7748,336,1,225125,A98,2026-01-07
7749,2507,1,225125,A98,2026-04-18
7750,3423,8,322230,A98,2026-06-01
7751,2551,4,223505,A93,2026-06-03
7752,4891,5,223505,T90,2026-02-25
7753,770,1,225125,A98,2026-05-25
7754,971,1,225125,X86,2026-03-07
7755,3670,1,225125,W78,2026-04-15
7756,4516,4,223505,X86,2026-01-17
7757,3070,8,322230,A98,2026-05-16
7758,617,1,225125,K86,2026-05-05
7759,188,5,223505,A93,2026-04-01
7760,4814,2,225125,K86,2026-04-20
7761,903,4,223505,A98,2026-05-16
7762,209,6,223208,D83,2026-01-12
7763,1634,3,225125,T90,2026-06-12
7764,1782,1,225125,A98,2026-05-08
7765,4931,2,225125,T90,2026-01-13
7766,2492,9,322230,A98,2026-03-03
7767,4659,1,225125,K86,2026-03-09
7768,2975,7,223208,D83,2026-06-06
7769,2446,8,322230,A98,2026-03-11
7770,1024,2,225125,X86,2026-05-27
7771,4090,3,225125,W78,2026-04-02
7772,3597,7,223208,D83,2026-06-23
7773,2199,5,223505,A98,2026-02-21
7774,4078,1,225125,K86,2026-06-25
7775,4232,2,225125,A98,2026-05-04
7776,4626,2,225125,X86,2026-05-29
7777,4369,5,223505,A93,2026-04-17
7778,4523,3,225125,A93,2026-02-08
7779,1879,9,322230,A98,2026-05-14
7780,2296,4,223505,K86,2026-03-12
7781,2417,2,225125,A98,2026-06-13
7782,2706,6,223208,D83,2026-06-12
7783,4897,6,223208,D83,2026-01-28
7784,1894,1,225125,X86,2026-03-04
7785,4672,9,322230,A98,2026-05-26
7786,2721,1,225125,X86,2026-06-03
7787,2115,2,225125,T90,2026-02-19
7788,2128,2,225125,X86,2026-05-06
7789,3590,7,223208,D83,2026-05-21
7790,3579,1,225125,K86,2026-06-24
7791,2934,9,322230,A98,2026-04-23
7792,2765,5,223505,K86,2026-05-08
7793,2913,1,225125,A98,2026-06-22
7794,3960,4,223505,A98,2026-03-10
7795,3686,8,322230,A98,2026-06-23
7796,3021,1,225125,K86,2026-05-08
7797,4644,2,225125,K86,2026-06-05
7798,4157,6,223208,D83,2026-05-04
7799,1982,4,223505,A98,2026-06-20
7800,1114,3,225125,A98,2026-05-10
7801,1110,6,223208,D83,2026-02-14
7802,2170,3,225125,X86,2026-04-06
7803,1874,1,225125,A98,2026-03-16
7804,3509,7,223208,D83,2026-01-23
7805,2477,7,223208,D83,2026-02-21
7806,2823,5,223505,T90,2026-02-01
7807,4205,1,225125,A93,2026-02-23
7808,4230,7,223208,D83,2026-01-22
7809,2148,4,223505,X86,2026-02-23
7810,2559,9,322230,A98,2026-01-26
7811,3334,4,223505,K86,2026-04-24
7812,2553,2,225125,A98,2026-03-29
7813,568,4,223505,X86,2026-04-29
7814,468,5,223505,X86,2026-01-27
7815,1799,1,225125,X86,2026-01-04
7816,1412,3,225125,A93,2026-01-26
7817,2128,9,322230,A98,2026-03-06
7818,930,2,225125,A98,2026-03-17
7819,2800,9,322230,A98,2026-06-21
7820,1834,6,223208,D83,2026-05-13
7821,3965,2,225125,K86,2026-02-01
7822,1385,2,225125,A98,2026-05-07
7823,183,2,225125,A98,2026-06-24
7824,2696,2,225125,A98,2026-04-14
7825,1304,4,223505,A98,2026-05-25
7826,4987,1,225125,K86,2026-06-26
7827,66,3,225125,A93,2026-03-06
7828,1331,5,223505,A98,2026-06-10
7829,2165,6,223208,D83,2026-05-11
7830,1635,4,223505,W78,2026-05-02
7831,4135,9,322230,A98,2026-03-15
7832,2715,3,225125,A93,2026-01-04
7833,90,1,225125,A98,2026-05-06
7834,3979,8,322230,A98,2026-03-01
7835,2938,6,223208,D83,2026-06-26
7836,2454,3,225125,A93,2026-06-23
7837,4845,6,223208,D83,2026-02-12
7838,698,1,225125,A98,2026-01-28
7839,909,2,225125,A98,2026-05-11
7840,496,4,223505,A98,2026-02-13
7841,647,1,225125,K86,2026-03-14
7842,2059,2,225125,X86,2026-05-25
7843,4409,1,225125,A93,2026-01-19
7844,4123,5,223505,W78,2026-03-17
7845,1857,3,225125,W78,2026-01-02
7846,2694,1,225125,A98,2026-01-14
7847,2699,8,322230,A98,2026-05-02
7848,78,1,225125,X86,2026-06-20
7849,2584,3,225125,A98,2026-04-06
7850,3410,2,225125,X86,2026-04-05
7851,883,8,322230,A98,2026-04-19
7852,2814,7,223208,D83,2026-02-26
7853,1190,9,322230,A98,2026-06-06
7854,3809,7,223208,D83,2026-02-13
7855,1336,1,225125,T90,2026-02-28
7856,205,1,225125,T90,2026-04-30
7857,4130,1,225125,A93,2026-03-23
7858,1723,6,223208,D83,2026-03-26
7859,2445,1,225125,T90,2026-02-20
7860,4413,1,225125,A98,2026-04-08
7861,1001,6,223208,D83,2026-06-27
7862,3571,2,225125,A98,2026-06-23
7863,1824,7,223208,D83,2026-02-17
7864,3297,1,225125,A98,2026-03-16
7865,1326,6,223208,D83,2026-04-30
7866,1999,4,223505,A98,2026-04-16
7867,1261,2,225125,A93,2026-04-07
7868,4319,5,223505,A98,2026-01-10
7869,3136,1,225125,K86,2026-04-15
7870,1561,6,223208,D83,2026-01-29
7871,1419,1,225125,X86,2026-05-09
7872,4938,1,225125,A98,2026-05-13
7873,1999,5,223505,A98,2026-02-27
7874,1059,3,225125,K86,2026-02-01
7875,32,1,225125,X86,2026-01-02
7876,1929,2,225125,A98,2026-03-02
7877,2648,1,225125,X86,2026-05-26
7878,1033,2,225125,A98,2026-05-22
7879,4733,4,223505,A93,2026-04-27
7880,2216,1,225125,T90,2026-06-19
7881,4248,1,225125,K86,2026-04-20
7882,2936,5,223505,T90,2026-04-02
7883,1798,2,225125,A98,2026-02-23
7884,1573,4,223505,A98,2026-02-13
7885,510,2,225125,W78,2026-06-04
7886,2586,5,223505,A98,2026-02-26
7887,649,7,223208,D83,2026-06-17
7888,2752,1,225125,K86,2026-04-09
7889,1377,1,225125,A93,2026-06-02
7890,2259,8,322230,A98,2026-06-11
7891,2699,2,225125,X86,2026-01-15
7892,3783,1,225125,A93,2026-02-13
7893,1901,4,223505,K86,2026-05-25
7894,4310,2,225125,A98,2026-06-21
7895,3175,4,223505,X86,2026-04-19
7896,1584,6,223208,D83,2026-01-16
7897,4695,6,223208,D83,2026-03-06
7898,4287,8,322230,A98,2026-06-01
7899,2289,9,322230,A98,2026-06-28
7900,2509,3,225125,T90,2026-03-14
7901,2994,7,223208,D83,2026-01-30
7902,3279,7,223208,D83,2026-05-17
7903,4758,3,225125,A98,2026-04-02
7904,3857,4,223505,W78,2026-06-16
7905,315,5,223505,A98,2026-05-10
7906,2418,2,225125,X86,2026-04-26
7907,1323,4,223505,T90,2026-06-21
7908,2842,1,225125,A93,2026-02-22
7909,4550,8,322230,A98,2026-01-17
7910,4972,9,322230,A98,2026-06-26
7911,4399,4,223505,K86,2026-03-15
7912,4355,6,223208,D83,2026-04-25
7913,4143,4,223505,K86,2026-05-11
7914,2727,1,225125,X86,2026-02-25
7915,3838,1,225125,W78,2026-05-31
7916,2725,8,322230,A98,2026-04-05
7917,3232,7,223208,D83,2026-06-21
7918,3465,1,225125,K86,2026-03-29
7919,4579,2,225125,A98,2026-06-07
7920,3661,1,225125,A98,2026-05-13
7921,809,7,223208,D83,2026-05-01
7922,3222,5,223505,A98,2026-05-29
7923,4370,2,225125,W78,2026-05-09
7924,3738,1,225125,X86,2026-06-27
7925,1367,2,225125,A93,2026-06-16
7926,612,3,225125,A98,2026-01-17
7927,1230,1,225125,A93,2026-04-10
7928,165,8,322230,A98,2026-01-16
7929,2599,1,225125,A98,2026-02-21
7930,283,5,223505,X86,2026-05-30
7931,1775,2,225125,K86,2026-05-02
7932,1763,2,225125,W78,2026-03-19
7933,1513,2,225125,A98,2026-04-11
7934,4801,9,322230,A98,2026-02-03
7935,3831,6,223208,D83,2026-02-02
7936,4688,2,225125,K86,2026-02-22
7937,287,2,225125,A98,2026-04-23
7938,759,3,225125,T90,2026-02-20
7939,2446,1,225125,K86,2026-02-16
7940,3509,8,322230,A98,2026-03-29
7941,173,1,225125,A98,2026-05-08
7942,4863,1,225125,A98,2026-01-30
7943,859,8,322230,A98,2026-03-26
7944,3294,2,225125,T90,2026-01-24
7945,468,8,322230,A98,2026-01-20
7946,2119,5,223505,A93,2026-06-22
7947,4266,2,225125,X86,2026-05-05
7948,1197,3,225125,W78,2026-01-28
7949,723,2,225125,W78,2026-03-30
7950,3491,2,225125,T90,2026-02-11
7951,2094,1,225125,A93,2026-06-13
7952,3651,2,225125,X86,2026-01-12
7953,3723,6,223208,D83,2026-04-29
7954,1177,6,223208,D83,2026-05-17
7955,3003,2,225125,K86,2026-04-01
7956,4388,1,225125,A98,2026-04-07
7957,2828,4,223505,A98,2026-03-31
7958,3951,6,223208,D83,2026-04-11
7959,3635,5,223505,A98,2026-03-01
7960,4207,1,225125,X86,2026-04-01
7961,205,7,223208,D83,2026-05-04
7962,4048,1,225125,K86,2026-02-20
7963,1800,3,225125,A98,2026-03-16
7964,4927,3,225125,A98,2026-06-11
7965,4108,3,225125,K86,2026-02-05
7966,4411,5,223505,W78,2026-05-29
7967,36,1,225125,K86,2026-03-30
7968,4787,1,225125,T90,2026-02-11
7969,4396,9,322230,A98,2026-01-17
7970,4454,4,223505,K86,2026-06-22
7971,1333,2,225125,A98,2026-06-25
7972,4538,3,225125,T90,2026-01-23
7973,1218,8,322230,A98,2026-05-12
7974,1984,3,225125,X86,2026-04-26
7975,114,8,322230,A98,2026-05-29
7976,1852,6,223208,D83,2026-02-05
7977,3582,2,225125,X86,2026-04-27
7978,3439,5,223505,A93,2026-06-17
7979,1749,2,225125,T90,2026-03-20
7980,579,4,223505,A93,2026-01-06
7981,3950,3,225125,K86,2026-03-18
7982,1376,1,225125,A93,2026-05-16
7983,33,2,225125,K86,2026-03-19
7984,499,5,223505,A93,2026-06-11
7985,4669,3,225125,A98,2026-05-18
7986,1545,4,223505,T90,2026-06-10
7987,1760,7,223208,D83,2026-06-02
7988,348,1,225125,K86,2026-02-09
7989,1336,5,223505,A98,2026-04-19
7990,842,3,225125,X86,2026-05-06
7991,1209,3,225125,A98,2026-05-26
7992,1642,8,322230,A98,2026-05-05
7993,4790,6,223208,D83,2026-05-25
7994,1566,1,225125,A98,2026-01-30
7995,4695,4,223505,W78,2026-01-27
7996,2955,2,225125,A93,2026-02-06
7997,1721,9,322230,A98,2026-03-19
7998,4307,4,223505,X86,2026-04-24
7999,2428,5,223505,K86,2026-01-27
8000,1634,1,225125,X86,2026-02-23
8001,1355,2,225125,A98,2026-05-06
8002,4461,2,225125,W78,2026-05-22
8003,446,5,223505,K86,2026-04-21
8004,2919,2,225125,W78,2026-05-30
8005,3008,5,223505,A98,2026-03-22
8006,2972,8,322230,A98,2026-01-08
8007,4271,9,322230,A98,2026-04-13
8008,4655,2,225125,A98,2026-01-15
8009,1827,9,322230,A98,2026-04-03
8010,2485,4,223505,K86,2026-04-24
8011,558,8,322230,A98,2026-03-18
8012,3731,2,225125,A98,2026-06-19
8013,736,1,225125,A98,2026-02-09
8014,1491,5,223505,W78,2026-05-25
8015,2045,1,225125,K86,2026-04-18
8016,2410,7,223208,D83,2026-04-15
8017,990,3,225125,T90,2026-04-16
8018,4856,3,225125,X86,2026-05-26
8019,1830,1,225125,A98,2026-04-24
8020,2097,7,223208,D83,2026-03-07
8021,4062,8,322230,A98,2026-06-14
8022,4566,1,225125,K86,2026-05-04
8023,1285,6,223208,D83,2026-05-28
8024,4922,5,223505,K86,2026-02-14
8025,4202,2,225125,K86,2026-06-13
8026,2226,7,223208,D83,2026-03-01
8027,896,3,225125,K86,2026-01-26
8028,4201,1,225125,A93,2026-01-04
8029,860,9,322230,A98,2026-06-09
8030,1998,1,225125,A98,2026-02-28
8031,1256,6,223208,D83,2026-01-07
8032,4142,8,322230,A98,2026-05-03
8033,4724,6,223208,D83,2026-03-31
8034,650,3,225125,K86,2026-05-31
8035,1727,1,225125,A93,2026-04-27
8036,3698,7,223208,D83,2026-01-04
8037,605,1,225125,A98,2026-04-29
8038,2610,7,223208,D83,2026-03-02
8039,917,2,225125,A98,2026-06-17
8040,632,2,225125,A98,2026-01-15
8041,2716,9,322230,A98,2026-06-24
8042,3684,6,223208,D83,2026-02-16
8043,709,3,225125,A93,2026-02-28
8044,3578,1,225125,A98,2026-06-19
8045,621,2,225125,A98,2026-02-01
8046,2206,1,225125,A98,2026-05-29
8047,2718,8,322230,A98,2026-05-26
8048,4011,2,225125,K86,2026-01-20
8049,2948,1,225125,K86,2026-01-16
8050,439,1,225125,K86,2026-05-29
8051,3169,6,223208,D83,2026-01-29
8052,3637,5,223505,K86,2026-01-26
8053,2336,2,225125,A98,2026-02-20
8054,2271,4,223505,A98,2026-06-02
8055,2801,4,223505,A98,2026-05-04
8056,2341,8,322230,A98,2026-05-05
8057,3799,7,223208,D83,2026-04-24
8058,3978,9,322230,A98,2026-04-24
8059,1339,8,322230,A98,2026-03-26
8060,1144,9,322230,A98,2026-06-07
8061,3227,2,225125,A93,2026-06-16
8062,4929,3,225125,W78,2026-05-10
8063,1238,1,225125,T90,2026-03-27
8064,4723,8,322230,A98,2026-03-20
8065,4867,1,225125,K86,2026-05-25
8066,4912,2,225125,K86,2026-05-01
8067,269,7,223208,D83,2026-01-31
8068,4677,1,225125,A98,2026-06-16
8069,283,7,223208,D83,2026-02-19
8070,760,2,225125,A98,2026-02-08
8071,923,2,225125,T90,2026-05-06
8072,4553,8,322230,A98,2026-04-10
8073,4132,2,225125,A98,2026-04-04
8074,2154,2,225125,T90,2026-01-19
8075,3699,8,322230,A98,2026-03-25
8076,1747,4,223505,A93,2026-02-28
8077,2757,5,223505,A98,2026-04-18
8078,643,3,225125,A98,2026-03-05
8079,3399,8,322230,A98,2026-06-09
8080,3843,1,225125,A93,2026-01-24
8081,800,4,223505,K86,2026-04-22
8082,2164,8,322230,A98,2026-05-15
8083,2908,9,322230,A98,2026-01-25
8084,3185,4,223505,A98,2026-02-15
8085,1604,7,223208,D83,2026-04-20
8086,514,6,223208,D83,2026-06-05
8087,4547,9,322230,A98,2026-06-10
8088,4815,3,225125,A98,2026-01-24
8089,995,1,225125,K86,2026-04-04
8090,2961,5,223505,A93,2026-01-10
8091,3444,6,223208,D83,2026-01-13
8092,3173,5,223505,A98,2026-05-04
8093,3090,8,322230,A98,2026-05-20
8094,369,7,223208,D83,2026-02-27
8095,714,8,322230,A98,2026-06-14
8096,1754,7,223208,D83,2026-01-30
8097,3104,9,322230,A98,2026-04-01
8098,1073,2,225125,A98,2026-03-28
8099,3490,6,223208,D83,2026-02-18
8100,390,8,322230,A98,2026-06-22
8101,2790,9,322230,A98,2026-01-28
8102,1727,8,322230,A98,2026-05-31
8103,1992,2,225125,A98,2026-01-04
8104,582,7,223208,D83,2026-06-08
8105,4893,3,225125,A98,2026-02-01
8106,425,1,225125,A98,2026-02-07
8107,1522,2,225125,A98,2026-02-10
8108,1568,9,322230,A98,2026-06-02
8109,4749,1,225125,T90,2026-04-29
8110,3818,2,225125,X86,2026-06-28
8111,3339,6,223208,D83,2026-06-21
8112,3228,2,225125,A93,2026-06-13
8113,1776,2,225125,A98,2026-02-19
8114,2171,9,322230,A98,2026-06-29
8115,4886,2,225125,A98,2026-05-24
8116,3651,1,225125,A98,2026-06-28
8117,4936,6,223208,D83,2026-04-09
8118,3120,2,225125,A98,2026-06-29
8119,630,5,223505,T90,2026-03-19
8120,4540,8,322230,A98,2026-05-09
8121,2675,8,322230,A98,2026-01-25
8122,960,4,223505,A98,2026-03-05
8123,985,2,225125,A98,2026-01-05
8124,43,1,225125,T90,2026-06-17
8125,884,7,223208,D83,2026-05-06
8126,1662,4,223505,W78,2026-02-25
8127,1251,1,225125,W78,2026-04-08
8128,4220,7,223208,D83,2026-03-02
8129,2358,2,225125,A98,2026-01-01
8130,312,7,223208,D83,2026-02-16
8131,4816,1,225125,A98,2026-06-10
8132,389,1,225125,A98,2026-06-07
8133,767,9,322230,A98,2026-04-12
8134,2529,3,225125,A98,2026-02-26
8135,3032,3,225125,A98,2026-05-14
8136,3073,9,322230,A98,2026-02-15
8137,164,2,225125,W78,2026-04-08
8138,1285,5,223505,T90,2026-05-29
8139,1933,1,225125,A98,2026-03-01
8140,140,3,225125,A98,2026-06-11
8141,1957,1,225125,A98,2026-04-14
8142,4732,7,223208,D83,2026-01-21
8143,3252,7,223208,D83,2026-03-23
8144,181,4,223505,K86,2026-05-20
8145,2014,5,223505,A98,2026-05-19
8146,1892,2,225125,T90,2026-05-09
8147,4621,2,225125,A98,2026-04-11
8148,4472,2,225125,X86,2026-03-17
8149,1285,9,322230,A98,2026-05-18
8150,541,3,225125,A98,2026-03-07
8151,2783,9,322230,A98,2026-04-11
8152,1972,4,223505,X86,2026-02-02
8153,1027,3,225125,X86,2026-05-19
8154,1350,2,225125,X86,2026-01-26
8155,1021,6,223208,D83,2026-02-03
8156,341,1,225125,K86,2026-05-17
8157,3663,2,225125,W78,2026-03-09
8158,4930,1,225125,K86,2026-03-07
8159,4022,1,225125,A98,2026-03-17
8160,2493,1,225125,A93,2026-01-04
8161,4471,2,225125,W78,2026-04-04
8162,1697,4,223505,K86,2026-04-17
8163,1996,1,225125,A98,2026-05-09
8164,4858,1,225125,A98,2026-05-22
8165,2866,9,322230,A98,2026-05-07
8166,2462,4,223505,A98,2026-05-27
8167,1910,1,225125,A93,2026-05-12
8168,4157,8,322230,A98,2026-04-25
8169,344,6,223208,D83,2026-06-18
8170,3665,2,225125,W78,2026-02-07
8171,1755,3,225125,X86,2026-02-11
8172,237,2,225125,A98,2026-04-06
8173,4318,5,223505,A93,2026-02-26
8174,401,5,223505,A98,2026-05-24
8175,3367,3,225125,A98,2026-02-05
8176,814,2,225125,X86,2026-06-10
8177,3645,8,322230,A98,2026-03-14
8178,2799,8,322230,A98,2026-06-03
8179,2535,1,225125,T90,2026-06-16
8180,3641,4,223505,X86,2026-01-25
8181,999,4,223505,A98,2026-05-01
8182,3865,2,225125,A93,2026-04-07
8183,3287,6,223208,D83,2026-05-10
8184,1601,9,322230,A98,2026-03-29
8185,822,3,225125,A93,2026-05-09
8186,160,6,223208,D83,2026-06-18
8187,311,4,223505,A98,2026-03-02
8188,2692,6,223208,D83,2026-02-07
8189,3460,2,225125,A98,2026-04-19
8190,2100,6,223208,D83,2026-06-09
8191,2624,7,223208,D83,2026-03-15
8192,191,7,223208,D83,2026-05-25
8193,4137,4,223505,T90,2026-05-17
8194,3454,4,223505,K86,2026-02-16
8195,4900,6,223208,D83,2026-01-18
8196,4126,2,225125,W78,2026-05-06
8197,217,1,225125,W78,2026-05-18
8198,906,7,223208,D83,2026-03-23
8199,204,8,322230,A98,2026-03-06
8200,2371,1,225125,K86,2026-06-15
8201,4431,3,225125,T90,2026-06-27
8202,4591,7,223208,D83,2026-03-03
8203,39,8,322230,A98,2026-04-16
8204,3831,4,223505,K86,2026-01-20
8205,4053,3,225125,A93,2026-05-20
8206,741,2,225125,X86,2026-04-08
8207,1322,7,223208,D83,2026-01-20
8208,1552,8,322230,A98,2026-01-17
8209,4485,8,322230,A98,2026-04-22
8210,35,1,225125,K86,2026-02-16
8211,2393,7,223208,D83,2026-01-20
8212,3842,1,225125,K86,2026-03-15
8213,4207,1,225125,W78,2026-03-24
8214,4847,1,225125,A98,2026-03-13
8215,3375,1,225125,A98,2026-05-27
8216,2034,8,322230,A98,2026-03-03
8217,4211,4,223505,K86,2026-03-24
8218,1417,8,322230,A98,2026-04-12
8219,899,1,225125,A98,2026-02-27
8220,2599,9,322230,A98,2026-04-16
8221,334,4,223505,W78,2026-03-07
8222,2315,2,225125,A98,2026-02-13
8223,2773,2,225125,X86,2026-02-20
8224,2604,7,223208,D83,2026-03-23
8225,512,1,225125,A98,2026-05-11
8226,851,1,225125,K86,2026-06-29
8227,1854,2,225125,K86,2026-02-04
8228,2152,4,223505,K86,2026-01-12
8229,2158,6,223208,D83,2026-05-09
8230,4994,6,223208,D83,2026-04-16
8231,1118,5,223505,W78,2026-06-25
8232,175,1,225125,A93,2026-03-28
8233,2645,1,225125,A98,2026-02-17
8234,1361,2,225125,A98,2026-01-05
8235,2186,1,225125,A98,2026-01-14
8236,4809,5,223505,A98,2026-05-30
8237,3259,7,223208,D83,2026-03-16
8238,2907,7,223208,D83,2026-03-03
8239,2833,1,225125,A98,2026-02-28
8240,4593,9,322230,A98,2026-02-19
8241,1468,1,225125,K86,2026-06-01
8242,724,2,225125,W78,2026-03-24
8243,3751,3,225125,X86,2026-05-12
8244,1969,5,223505,K86,2026-04-18
8245,381,5,223505,W78,2026-02-05
8246,3684,5,223505,T90,2026-06-29
8247,1859,3,225125,K86,2026-01-08
8248,2797,4,223505,T90,2026-06-24
8249,2332,9,322230,A98,2026-02-01
8250,2312,1,225125,A98,2026-01-29
8251,1147,5,223505,A98,2026-02-19
8252,4467,8,322230,A98,2026-05-01
8253,4203,3,225125,A98,2026-01-17
8254,4555,8,322230,A98,2026-01-31
8255,1172,3,225125,K86,2026-01-29
8256,270,4,223505,A98,2026-03-26
8257,2613,3,225125,T90,2026-05-28
8258,66,5,223505,A93,2026-01-05
8259,4668,9,322230,A98,2026-02-13
8260,4350,9,322230,A98,2026-01-06
8261,3840,3,225125,X86,2026-03-21
8262,2344,1,225125,A98,2026-01-28
8263,1734,7,223208,D83,2026-04-29
8264,325,2,225125,A93,2026-06-28
8265,1289,9,322230,A98,2026-02-26
8266,1447,7,223208,D83,2026-05-23
8267,3646,7,223208,D83,2026-01-02
8268,3924,2,225125,K86,2026-02-14
8269,3097,3,225125,K86,2026-06-07
8270,1815,7,223208,D83,2026-04-26
8271,744,9,322230,A98,2026-02-24
8272,4279,1,225125,T90,2026-01-24
8273,2216,2,225125,K86,2026-02-25
8274,2794,1,225125,A93,2026-01-19
8275,807,2,225125,T90,2026-03-04
8276,1525,2,225125,A98,2026-06-16
8277,4188,5,223505,T90,2026-01-07
8278,2724,2,225125,K86,2026-05-13
8279,255,2,225125,K86,2026-01-10
8280,4902,1,225125,W78,2026-06-03
8281,2400,3,225125,A98,2026-03-18
8282,974,4,223505,K86,2026-02-04
8283,2027,3,225125,K86,2026-05-05
8284,1922,6,223208,D83,2026-01-12
8285,4191,1,225125,A98,2026-04-14
8286,4120,4,223505,X86,2026-06-25
8287,888,2,225125,A93,2026-04-01
8288,1662,8,322230,A98,2026-01-05
8289,1542,3,225125,W78,2026-06-10
8290,1666,8,322230,A98,2026-02-02
8291,4786,2,225125,K86,2026-04-15
8292,626,2,225125,W78,2026-04-08
8293,4143,5,223505,A98,2026-05-13
8294,1475,2,225125,A98,2026-03-13
8295,4869,1,225125,A93,2026-06-22
8296,834,2,225125,X86,2026-05-09
8297,2083,2,225125,X86,2026-03-06
8298,3405,2,225125,K86,2026-04-13
8299,3491,4,223505,T90,2026-01-12
8300,3360,3,225125,T90,2026-04-18
8301,3028,2,225125,X86,2026-06-12
8302,3936,3,225125,K86,2026-06-09
8303,4514,6,223208,D83,2026-03-19
8304,1390,9,322230,A98,2026-03-09
8305,2746,9,322230,A98,2026-05-04
8306,3370,8,322230,A98,2026-06-23
8307,114,5,223505,T90,2026-02-12
8308,3657,4,223505,W78,2026-06-13
8309,3394,2,225125,X86,2026-03-04
8310,1887,2,225125,K86,2026-03-08
8311,4948,7,223208,D83,2026-01-01
8312,659,3,225125,A98,2026-01-02
8313,1566,3,225125,K86,2026-06-07
8314,933,1,225125,K86,2026-06-26
8315,346,8,322230,A98,2026-04-01
8316,1621,4,223505,X86,2026-02-28
8317,2111,5,223505,K86,2026-06-20
8318,1653,8,322230,A98,2026-03-01
8319,4577,1,225125,X86,2026-05-08
8320,4580,5,223505,A98,2026-05-11
8321,2075,5,223505,W78,2026-05-07
8322,1103,6,223208,D83,2026-03-07
8323,1337,5,223505,A93,2026-01-30
8324,1226,1,225125,K86,2026-04-10
8325,2071,3,225125,K86,2026-01-21
8326,3795,2,225125,A98,2026-03-11
8327,3052,1,225125,A93,2026-01-28
8328,4268,1,225125,K86,2026-06-07
8329,1695,4,223505,A98,2026-06-13
8330,4559,5,223505,A98,2026-06-15
8331,4409,8,322230,A98,2026-03-14
8332,3994,8,322230,A98,2026-03-24
8333,2218,1,225125,A98,2026-04-03
8334,4008,6,223208,D83,2026-03-12
8335,1060,6,223208,D83,2026-06-07
8336,3752,1,225125,K86,2026-01-22
8337,2399,2,225125,K86,2026-05-11
8338,419,2,225125,A93,2026-05-02
8339,333,2,225125,W78,2026-05-22
8340,3418,1,225125,W78,2026-04-28
8341,1515,7,223208,D83,2026-04-20
8342,4887,1,225125,A93,2026-06-26
8343,434,7,223208,D83,2026-04-12
8344,4336,4,223505,K86,2026-05-22
8345,901,9,322230,A98,2026-01-27
8346,3152,2,225125,A93,2026-03-10
8347,225,1,225125,X86,2026-04-25
8348,2805,2,225125,A98,2026-06-13
8349,4183,2,225125,A93,2026-01-10
8350,2483,2,225125,A98,2026-02-21
8351,1026,3,225125,A98,2026-02-27
8352,1546,4,223505,A98,2026-02-08
8353,3514,9,322230,A98,2026-02-08
8354,4964,2,225125,T90,2026-05-31
8355,2382,5,223505,T90,2026-01-13
8356,2978,5,223505,A98,2026-06-15
8357,764,7,223208,D83,2026-05-21
8358,4430,3,225125,A98,2026-02-01
8359,4427,7,223208,D83,2026-06-19
8360,2579,6,223208,D83,2026-04-21
8361,1159,1,225125,A98,2026-03-28
8362,2578,8,322230,A98,2026-04-07
8363,4280,9,322230,A98,2026-06-06
8364,1282,2,225125,A93,2026-01-09
8365,4390,1,225125,K86,2026-03-20
8366,373,3,225125,X86,2026-01-15
8367,4608,9,322230,A98,2026-03-05
8368,579,8,322230,A98,2026-06-17
8369,3042,6,223208,D83,2026-05-16
8370,4514,3,225125,W78,2026-06-02
8371,460,3,225125,A98,2026-01-31
8372,3013,4,223505,A98,2026-05-09
8373,3243,9,322230,A98,2026-04-18
8374,3384,3,225125,A98,2026-06-01
8375,4338,2,225125,K86,2026-04-09
8376,310,2,225125,A93,2026-01-15
8377,560,7,223208,D83,2026-05-06
8378,671,1,225125,A98,2026-03-30
8379,1423,8,322230,A98,2026-04-25
8380,1228,3,225125,X86,2026-03-18
8381,98,3,225125,K86,2026-03-22
8382,611,4,223505,A98,2026-03-01
8383,3420,1,225125,X86,2026-06-06
8384,1184,6,223208,D83,2026-06-13
8385,1371,3,225125,T90,2026-06-14
8386,1076,1,225125,A93,2026-04-20
8387,3555,6,223208,D83,2026-06-23
8388,2992,3,225125,A98,2026-01-23
8389,1872,5,223505,K86,2026-04-15
8390,2528,2,225125,K86,2026-06-01
8391,3290,4,223505,T90,2026-02-16
8392,1890,9,322230,A98,2026-05-11
8393,2552,9,322230,A98,2026-04-26
8394,463,9,322230,A98,2026-05-05
8395,4878,2,225125,T90,2026-03-17
8396,1322,7,223208,D83,2026-04-10
8397,3317,5,223505,A93,2026-01-06
8398,4516,5,223505,A98,2026-03-05
8399,130,7,223208,D83,2026-06-28
8400,4258,2,225125,X86,2026-02-25
8401,3970,1,225125,X86,2026-05-27
8402,2021,9,322230,A98,2026-01-21
8403,2737,6,223208,D83,2026-04-05
8404,3229,4,223505,K86,2026-03-25
8405,2144,1,225125,K86,2026-01-04
8406,2645,8,322230,A98,2026-02-18
8407,213,8,322230,A98,2026-03-15
8408,4853,6,223208,D83,2026-05-19
8409,4773,9,322230,A98,2026-04-06
8410,1979,1,225125,X86,2026-04-22
8411,4136,1,225125,T90,2026-04-14
8412,3255,5,223505,X86,2026-02-24
8413,3467,6,223208,D83,2026-02-25
8414,819,2,225125,W78,2026-02-28
8415,140,2,225125,T90,2026-03-04
8416,1988,7,223208,D83,2026-01-09
8417,2695,8,322230,A98,2026-04-05
8418,2561,1,225125,K86,2026-05-27
8419,3886,2,225125,A98,2026-05-14
8420,3613,1,225125,T90,2026-04-20
8421,2359,3,225125,A98,2026-03-02
8422,313,4,223505,T90,2026-05-31
8423,1418,1,225125,A98,2026-03-24
8424,2636,4,223505,A98,2026-01-19
8425,144,8,322230,A98,2026-05-23
8426,2106,4,223505,T90,2026-06-22
8427,1098,5,223505,W78,2026-03-06
8428,1724,2,225125,A93,2026-02-23
8429,1679,1,225125,A98,2026-02-15
8430,1678,1,225125,A98,2026-02-08
8431,3604,2,225125,K86,2026-04-23
8432,486,9,322230,A98,2026-03-16
8433,4393,4,223505,K86,2026-04-29
8434,2530,2,225125,W78,2026-03-31
8435,4450,7,223208,D83,2026-06-04
8436,2436,4,223505,W78,2026-02-05
8437,4908,8,322230,A98,2026-04-09
8438,1618,2,225125,A93,2026-01-13
8439,1151,6,223208,D83,2026-05-24
8440,2167,7,223208,D83,2026-02-23
8441,2625,9,322230,A98,2026-04-14
8442,3593,5,223505,A98,2026-01-19
8443,1253,7,223208,D83,2026-04-01
8444,329,2,225125,T90,2026-04-14
8445,3823,8,322230,A98,2026-02-16
8446,1539,5,223505,W78,2026-06-21
8447,912,8,322230,A98,2026-03-02
8448,4120,6,223208,D83,2026-02-19
8449,1698,2,225125,X86,2026-06-06
8450,138,7,223208,D83,2026-01-22
8451,2593,4,223505,K86,2026-06-23
8452,546,1,225125,K86,2026-03-10
8453,3516,8,322230,A98,2026-01-19
8454,574,2,225125,A98,2026-05-05
8455,2850,2,225125,A98,2026-03-24
8456,4887,8,322230,A98,2026-04-10
8457,4975,1,225125,X86,2026-05-09
8458,873,7,223208,D83,2026-04-09
8459,1801,8,322230,A98,2026-05-27
8460,1617,1,225125,X86,2026-01-11
8461,3195,7,223208,D83,2026-01-06
8462,468,1,225125,A93,2026-03-09
8463,323,6,223208,D83,2026-05-09
8464,4534,3,225125,A98,2026-05-15
8465,771,3,225125,W78,2026-03-04
8466,97,6,223208,D83,2026-05-30
8467,4023,5,223505,T90,2026-01-14
8468,293,2,225125,K86,2026-04-06
8469,212,3,225125,A98,2026-03-29
8470,2361,7,223208,D83,2026-03-27
8471,2764,7,223208,D83,2026-01-04
8472,1563,3,225125,A98,2026-03-13
8473,4525,2,225125,K86,2026-06-02
8474,4022,3,225125,T90,2026-05-17
8475,346,2,225125,A98,2026-06-25
8476,3122,6,223208,D83,2026-02-20
8477,1041,1,225125,A93,2026-06-28
8478,2545,3,225125,A98,2026-06-20
8479,1258,2,225125,K86,2026-04-05
8480,1198,7,223208,D83,2026-06-28
8481,3325,6,223208,D83,2026-04-24
8482,4496,7,223208,D83,2026-03-27
8483,2892,6,223208,D83,2026-06-09
8484,3345,1,225125,W78,2026-01-05
8485,2080,8,322230,A98,2026-05-25
8486,2139,1,225125,A93,2026-05-25
8487,2716,3,225125,K86,2026-04-25
8488,852,2,225125,A98,2026-04-15
8489,1727,2,225125,A93,2026-04-02
8490,4602,5,223505,X86,2026-06-08
8491,4281,2,225125,A98,2026-03-03
8492,3298,1,225125,T90,2026-06-24
8493,2036,6,223208,D83,2026-03-17
8494,387,5,223505,A98,2026-03-02
8495,1414,2,225125,A98,2026-01-09
8496,1589,4,223505,K86,2026-02-17
8497,461,4,223505,A93,2026-05-04
8498,4988,6,223208,D83,2026-06-05
8499,3624,9,322230,A98,2026-03-10
8500,3125,5,223505,A98,2026-03-16
8501,4251,3,225125,W78,2026-03-25
8502,2903,2,225125,A93,2026-04-19
8503,674,5,223505,A98,2026-03-03
8504,1082,8,322230,A98,2026-03-26
8505,4180,5,223505,X86,2026-04-28
8506,1981,8,322230,A98,2026-06-27
8507,3036,8,322230,A98,2026-06-13
8508,2562,6,223208,D83,2026-05-22
8509,3282,9,322230,A98,2026-01-19
8510,1788,3,225125,K86,2026-05-05
8511,889,1,225125,A98,2026-01-22
8512,1400,5,223505,A93,2026-02-15
8513,4186,8,322230,A98,2026-03-05
8514,3585,2,225125,A98,2026-02-26
8515,4094,5,223505,A98,2026-02-05
8516,2399,9,322230,A98,2026-03-18
8517,1190,1,225125,K86,2026-03-21
8518,4955,9,322230,A98,2026-04-17
8519,4851,5,223505,X86,2026-06-04
8520,3673,8,322230,A98,2026-03-14
8521,3156,7,223208,D83,2026-06-13
8522,2436,6,223208,D83,2026-04-14
8523,442,2,225125,A98,2026-06-01
8524,322,5,223505,K86,2026-01-10
8525,4268,4,223505,A98,2026-03-10
8526,2129,2,225125,A93,2026-02-03
8527,1248,6,223208,D83,2026-06-01
8528,756,5,223505,A93,2026-06-01
8529,1378,2,225125,K86,2026-03-30
8530,3949,9,322230,A98,2026-02-16
8531,2045,3,225125,T90,2026-06-16
8532,1883,9,322230,A98,2026-04-07
8533,380,9,322230,A98,2026-02-23
8534,28,2,225125,A98,2026-04-19
8535,4937,8,322230,A98,2026-02-04
8536,489,1,225125,K86,2026-03-21
8537,270,6,223208,D83,2026-05-04
8538,1121,8,322230,A98,2026-04-20
8539,786,3,225125,A98,2026-05-23
8540,3903,2,225125,A98,2026-06-18
8541,4110,8,322230,A98,2026-06-06
8542,4983,7,223208,D83,2026-01-11
8543,582,7,223208,D83,2026-02-15
8544,697,4,223505,W78,2026-02-18
8545,4819,5,223505,A98,2026-06-28
8546,2475,1,225125,T90,2026-05-31
8547,1434,9,322230,A98,2026-01-18
8548,2216,5,223505,K86,2026-05-09
8549,973,1,225125,K86,2026-03-30
8550,448,4,223505,X86,2026-05-14
8551,4929,9,322230,A98,2026-04-09
8552,3879,6,223208,D83,2026-06-20
8553,1222,1,225125,X86,2026-02-19
8554,2098,7,223208,D83,2026-06-19
8555,4898,3,225125,X86,2026-03-30
8556,467,2,225125,A98,2026-06-28
8557,2685,9,322230,A98,2026-05-03
8558,317,1,225125,A98,2026-04-03
8559,2694,5,223505,W78,2026-01-15
8560,3592,8,322230,A98,2026-03-23
8561,2645,4,223505,T90,2026-04-25
8562,421,7,223208,D83,2026-01-25
8563,3441,2,225125,W78,2026-01-17
8564,4504,2,225125,X86,2026-06-19
8565,1407,2,225125,K86,2026-04-14
8566,763,7,223208,D83,2026-06-27
8567,3285,6,223208,D83,2026-06-05
8568,3690,1,225125,A98,2026-02-13
8569,728,3,225125,A98,2026-06-26
8570,3086,2,225125,W78,2026-01-27
8571,2663,9,322230,A98,2026-01-09
8572,1509,2,225125,A98,2026-04-26
8573,2113,6,223208,D83,2026-06-12
8574,1291,2,225125,T90,2026-04-18
8575,461,1,225125,A98,2026-05-26
8576,2246,1,225125,K86,2026-06-24
8577,89,1,225125,A98,2026-04-30
8578,514,6,223208,D83,2026-04-25
8579,4713,1,225125,T90,2026-06-22
8580,4299,6,223208,D83,2026-03-10
8581,3692,3,225125,A98,2026-03-20
8582,1468,2,225125,T90,2026-06-05
8583,411,7,223208,D83,2026-02-17
8584,4896,9,322230,A98,2026-06-13
8585,1681,6,223208,D83,2026-06-03
8586,1206,2,225125,K86,2026-03-22
8587,2473,2,225125,A98,2026-05-14
8588,1620,4,223505,K86,2026-04-04
8589,4384,8,322230,A98,2026-01-19
8590,1830,4,223505,K86,2026-01-05
8591,1623,1,225125,A98,2026-06-20
8592,1576,3,225125,T90,2026-03-31
8593,3147,1,225125,K86,2026-03-18
8594,3545,1,225125,A93,2026-01-09
8595,529,8,322230,A98,2026-05-16
8596,4636,6,223208,D83,2026-04-26
8597,3381,7,223208,D83,2026-05-21
8598,3219,5,223505,X86,2026-06-19
8599,902,1,225125,K86,2026-03-24
8600,977,1,225125,A98,2026-03-16
8601,2900,1,225125,T90,2026-02-07
8602,3394,5,223505,T90,2026-03-23
8603,4413,1,225125,T90,2026-01-10
8604,3718,4,223505,K86,2026-03-29
8605,1114,6,223208,D83,2026-01-14
8606,3162,9,322230,A98,2026-03-11
8607,4374,5,223505,T90,2026-01-16
8608,2331,7,223208,D83,2026-02-12
8609,3818,1,225125,A93,2026-03-31
8610,3340,2,225125,T90,2026-04-29
8611,900,1,225125,K86,2026-05-02
8612,1555,2,225125,K86,2026-06-18
8613,2126,1,225125,X86,2026-05-07
8614,1155,9,322230,A98,2026-06-14
8615,2820,7,223208,D83,2026-01-23
8616,1336,4,223505,T90,2026-06-23
8617,2018,8,322230,A98,2026-06-20
8618,646,7,223208,D83,2026-04-26
8619,4439,9,322230,A98,2026-04-25
8620,300,1,225125,T90,2026-03-23
8621,3412,2,225125,X86,2026-04-17
8622,4248,8,322230,A98,2026-03-24
8623,3164,7,223208,D83,2026-04-28
8624,494,9,322230,A98,2026-03-10
8625,1260,2,225125,T90,2026-06-03
8626,1828,5,223505,T90,2026-01-22
8627,3248,7,223208,D83,2026-04-23
8628,1818,7,223208,D83,2026-03-03
8629,4660,2,225125,A98,2026-01-17
8630,375,2,225125,K86,2026-02-25
8631,1893,7,223208,D83,2026-06-19
8632,1977,5,223505,W78,2026-05-18
8633,35,2,225125,K86,2026-06-25
8634,825,2,225125,T90,2026-01-01
8635,3935,3,225125,T90,2026-02-13
8636,1577,2,225125,A98,2026-02-17
8637,2742,3,225125,A98,2026-03-28
8638,2200,1,225125,K86,2026-01-07
8639,2263,8,322230,A98,2026-06-07
8640,193,3,225125,T90,2026-02-24
8641,2981,3,225125,A98,2026-03-10
8642,3873,5,223505,A98,2026-01-24
8643,1085,1,225125,W78,2026-05-19
8644,1675,2,225125,W78,2026-01-15
8645,1533,1,225125,A98,2026-02-27
8646,1908,1,225125,K86,2026-06-29
8647,281,2,225125,W78,2026-02-08
8648,934,2,225125,A98,2026-03-23
8649,2631,9,322230,A98,2026-04-20
8650,3753,9,322230,A98,2026-05-08
8651,4223,6,223208,D83,2026-03-16
8652,1928,2,225125,A98,2026-05-15
8653,1734,3,225125,K86,2026-03-15
8654,4346,2,225125,K86,2026-06-08
8655,1092,1,225125,T90,2026-02-27
8656,441,5,223505,T90,2026-04-24
8657,2400,6,223208,D83,2026-06-08
8658,553,9,322230,A98,2026-01-06
8659,913,9,322230,A98,2026-05-06
8660,1568,8,322230,A98,2026-04-01
8661,1746,8,322230,A98,2026-04-10
8662,3632,1,225125,A98,2026-04-22
8663,4410,7,223208,D83,2026-01-09
8664,2965,3,225125,T90,2026-06-21
8665,4652,7,223208,D83,2026-04-16
8666,4391,1,225125,A98,2026-03-10
8667,1909,1,225125,A98,2026-06-15
8668,4566,3,225125,K86,2026-02-11
8669,2646,2,225125,W78,2026-02-24
8670,3760,6,223208,D83,2026-05-30
8671,3752,5,223505,X86,2026-03-17
8672,4608,8,322230,A98,2026-04-21
8673,4244,4,223505,K86,2026-05-09
8674,4001,7,223208,D83,2026-05-23
8675,3136,1,225125,T90,2026-03-11
8676,1130,1,225125,A98,2026-03-16
8677,1994,2,225125,K86,2026-03-20
8678,1119,3,225125,A98,2026-06-24
8679,1919,6,223208,D83,2026-02-07
8680,2848,2,225125,A98,2026-03-05
8681,2395,7,223208,D83,2026-06-08
8682,2578,1,225125,T90,2026-05-19
8683,1114,7,223208,D83,2026-01-22
8684,3242,3,225125,W78,2026-03-06
8685,2851,3,225125,K86,2026-02-14
8686,2259,1,225125,A98,2026-04-09
8687,2786,3,225125,A98,2026-01-01
8688,4836,7,223208,D83,2026-05-05
8689,613,2,225125,X86,2026-01-09
8690,4846,7,223208,D83,2026-01-09
8691,981,5,223505,X86,2026-04-24
8692,2949,5,223505,A98,2026-02-01
8693,3347,6,223208,D83,2026-04-20
8694,4651,1,225125,A98,2026-04-19
8695,1961,2,225125,X86,2026-04-04
8696,3277,1,225125,A98,2026-04-11
8697,3928,8,322230,A98,2026-02-04
8698,4378,7,223208,D83,2026-05-04
8699,4734,2,225125,A98,2026-04-06
8700,4586,9,322230,A98,2026-01-21
8701,4983,6,223208,D83,2026-01-21
8702,163,3,225125,A98,2026-01-21
8703,296,5,223505,A98,2026-01-05
8704,2471,8,322230,A98,2026-06-04
8705,866,9,322230,A98,2026-04-25
8706,4013,4,223505,X86,2026-05-28
8707,3241,2,225125,X86,2026-03-31
8708,3160,4,223505,A93,2026-03-23
8709,1157,5,223505,A98,2026-05-17
8710,1236,6,223208,D83,2026-05-15
8711,1558,8,322230,A98,2026-06-04
8712,4458,1,225125,K86,2026-03-13
8713,2817,5,223505,T90,2026-01-24
8714,4579,1,225125,W78,2026-05-11
8715,3155,2,225125,A93,2026-04-28
8716,1159,2,225125,A93,2026-06-20
8717,4548,5,223505,K86,2026-01-18
8718,4323,5,223505,A93,2026-01-05
8719,4270,9,322230,A98,2026-04-05
8720,1070,2,225125,A98,2026-05-24
8721,3612,8,322230,A98,2026-05-21
8722,2690,5,223505,X86,2026-03-18
8723,297,6,223208,D83,2026-04-23
8724,4303,7,223208,D83,2026-06-06
8725,2372,1,225125,T90,2026-01-25
8726,2305,2,225125,A98,2026-03-23
8727,2601,1,225125,K86,2026-04-02
8728,2249,8,322230,A98,2026-01-18
8729,2773,1,225125,T90,2026-04-04
8730,1902,8,322230,A98,2026-01-16
8731,98,7,223208,D83,2026-01-20
8732,3974,8,322230,A98,2026-05-21
8733,4428,7,223208,D83,2026-05-02
8734,1334,9,322230,A98,2026-04-17
8735,416,1,225125,A98,2026-01-04
8736,3090,8,322230,A98,2026-06-03
8737,1899,7,223208,D83,2026-04-30
8738,4963,2,225125,A98,2026-06-16
8739,3435,2,225125,K86,2026-06-09
8740,1594,2,225125,A93,2026-01-27
8741,3198,1,225125,W78,2026-06-21
8742,1144,9,322230,A98,2026-05-04
8743,4183,2,225125,X86,2026-03-04
8744,4125,1,225125,A98,2026-03-30
8745,846,7,223208,D83,2026-01-13
8746,2007,2,225125,A98,2026-05-30
8747,1440,9,322230,A98,2026-05-06
8748,3168,1,225125,T90,2026-03-02
8749,2018,6,223208,D83,2026-06-11
8750,2249,1,225125,A98,2026-03-24
8751,3951,3,225125,A98,2026-03-08
8752,4873,9,322230,A98,2026-05-31
8753,1454,7,223208,D83,2026-01-30
8754,615,1,225125,A98,2026-06-08
8755,2596,1,225125,A93,2026-05-16
8756,2696,1,225125,K86,2026-02-04
8757,1415,1,225125,T90,2026-06-16
8758,2284,6,223208,D83,2026-04-23
8759,4889,9,322230,A98,2026-02-16
8760,4205,2,225125,X86,2026-01-27
8761,4739,1,225125,A93,2026-05-31
8762,997,4,223505,T90,2026-06-13
8763,3240,5,223505,A98,2026-05-12
8764,1390,8,322230,A98,2026-01-30
8765,4446,2,225125,A98,2026-05-26
8766,2766,5,223505,A98,2026-02-17
8767,2587,9,322230,A98,2026-06-24
8768,1650,4,223505,A98,2026-01-20
8769,1570,7,223208,D83,2026-05-04
8770,2615,9,322230,A98,2026-02-17
8771,2275,1,225125,A98,2026-01-13
8772,754,2,225125,A98,2026-04-18
8773,3593,2,225125,T90,2026-04-07
8774,3243,9,322230,A98,2026-01-01
8775,979,1,225125,T90,2026-06-12
8776,1761,7,223208,D83,2026-06-07
8777,4682,1,225125,A98,2026-05-13
8778,1201,5,223505,A93,2026-01-17
8779,3566,4,223505,W78,2026-01-16
8780,1050,5,223505,T90,2026-03-20
8781,1838,7,223208,D83,2026-05-29
8782,3798,7,223208,D83,2026-06-04
8783,789,9,322230,A98,2026-06-17
8784,4551,1,225125,K86,2026-01-29
8785,2369,9,322230,A98,2026-02-16
8786,281,2,225125,X86,2026-06-23
8787,3220,2,225125,A98,2026-02-02
8788,80,1,225125,A98,2026-04-04
8789,121,1,225125,A98,2026-04-29
8790,276,7,223208,D83,2026-05-28
8791,4178,6,223208,D83,2026-06-10
8792,570,2,225125,K86,2026-04-01
8793,1716,2,225125,A98,2026-04-26
8794,4609,8,322230,A98,2026-05-26
8795,2327,1,225125,T90,2026-05-03
8796,1920,5,223505,K86,2026-04-22
8797,538,1,225125,W78,2026-05-11
8798,2008,8,322230,A98,2026-03-31
8799,283,2,225125,A93,2026-06-16
8800,1544,2,225125,K86,2026-02-21
8801,4082,1,225125,K86,2026-06-13
8802,4363,6,223208,D83,2026-04-10
8803,578,3,225125,K86,2026-06-13
8804,89,1,225125,A93,2026-05-25
8805,417,5,223505,A98,2026-05-25
8806,585,7,223208,D83,2026-06-24
8807,2806,1,225125,K86,2026-06-10
8808,4747,9,322230,A98,2026-01-11
8809,2833,3,225125,A98,2026-05-01
8810,377,2,225125,A98,2026-01-23
8811,686,1,225125,A98,2026-03-02
8812,1896,6,223208,D83,2026-01-31
8813,4269,4,223505,A98,2026-05-17
8814,2180,3,225125,A98,2026-05-20
8815,2078,1,225125,K86,2026-04-05
8816,2066,5,223505,W78,2026-06-29
8817,1823,6,223208,D83,2026-05-09
8818,2361,1,225125,W78,2026-03-03
8819,2188,5,223505,W78,2026-03-15
8820,1081,1,225125,X86,2026-04-06
8821,799,5,223505,K86,2026-03-09
8822,4847,1,225125,X86,2026-06-27
8823,4600,8,322230,A98,2026-04-10
8824,2845,9,322230,A98,2026-02-24
8825,2696,2,225125,A98,2026-02-09
8826,540,8,322230,A98,2026-02-07
8827,3821,2,225125,W78,2026-06-19
8828,780,9,322230,A98,2026-05-12
8829,1713,5,223505,A98,2026-06-13
8830,4258,1,225125,A98,2026-01-08
8831,2252,2,225125,T90,2026-01-12
8832,4740,4,223505,A98,2026-04-11
8833,1616,3,225125,W78,2026-05-01
8834,1480,3,225125,A98,2026-05-11
8835,4145,1,225125,X86,2026-06-04
8836,2099,5,223505,T90,2026-03-15
8837,3491,3,225125,A98,2026-01-25
8838,233,9,322230,A98,2026-03-26
8839,2961,5,223505,X86,2026-02-27
8840,619,5,223505,X86,2026-02-12
8841,4662,2,225125,K86,2026-02-15
8842,956,2,225125,W78,2026-01-02
8843,3606,1,225125,A98,2026-01-14
8844,236,9,322230,A98,2026-03-05
8845,835,3,225125,A98,2026-01-08
8846,596,7,223208,D83,2026-05-05
8847,1296,1,225125,K86,2026-03-15
8848,2142,2,225125,A98,2026-04-15
8849,4998,1,225125,T90,2026-03-19
8850,4800,6,223208,D83,2026-01-31
8851,1486,2,225125,K86,2026-05-19
8852,1640,2,225125,W78,2026-03-22
8853,712,1,225125,A98,2026-02-28
8854,822,1,225125,A93,2026-01-14
8855,3210,8,322230,A98,2026-03-21
8856,52,3,225125,A98,2026-06-16
8857,393,2,225125,A98,2026-01-11
8858,2532,2,225125,K86,2026-01-25
8859,4810,8,322230,A98,2026-04-07
8860,1085,6,223208,D83,2026-03-26
8861,2012,2,225125,T90,2026-06-12
8862,992,1,225125,T90,2026-06-24
8863,4354,2,225125,X86,2026-01-31
8864,2422,2,225125,T90,2026-03-14
8865,1721,2,225125,A98,2026-06-03
8866,2102,7,223208,D83,2026-06-22
8867,3332,3,225125,A98,2026-04-07
8868,4788,3,225125,A98,2026-04-06
8869,1716,8,322230,A98,2026-05-28
8870,4684,3,225125,A98,2026-01-08
8871,3202,1,225125,T90,2026-04-11
8872,1371,7,223208,D83,2026-03-23
8873,4798,4,223505,A93,2026-05-19
8874,2219,5,223505,X86,2026-05-17
8875,3312,9,322230,A98,2026-04-07
8876,2937,1,225125,W78,2026-02-21
8877,676,7,223208,D83,2026-06-21
8878,4003,9,322230,A98,2026-04-13
8879,2236,3,225125,A98,2026-03-08
8880,270,2,225125,K86,2026-04-01
8881,2153,9,322230,A98,2026-04-09
8882,4480,9,322230,A98,2026-04-19
8883,2428,6,223208,D83,2026-03-24
8884,4173,9,322230,A98,2026-02-22
8885,4136,1,225125,K86,2026-06-26
8886,968,2,225125,A93,2026-01-06
8887,1041,3,225125,A93,2026-03-26
8888,2951,1,225125,A98,2026-04-08
8889,2420,2,225125,A98,2026-05-08
8890,1117,8,322230,A98,2026-06-19
8891,2009,6,223208,D83,2026-05-17
8892,2091,5,223505,X86,2026-01-26
8893,3942,8,322230,A98,2026-01-18
8894,3611,2,225125,T90,2026-06-10
8895,1809,2,225125,T90,2026-02-22
8896,2793,1,225125,W78,2026-03-18
8897,3969,1,225125,T90,2026-04-23
8898,4215,4,223505,T90,2026-05-06
8899,3018,3,225125,K86,2026-04-08
8900,941,1,225125,W78,2026-06-29
8901,3818,9,322230,A98,2026-05-20
8902,4372,3,225125,K86,2026-06-24
8903,995,3,225125,A98,2026-06-03
8904,4378,5,223505,K86,2026-02-15
8905,1187,1,225125,K86,2026-06-27
8906,3789,8,322230,A98,2026-01-16
8907,813,2,225125,A98,2026-06-02
8908,1497,1,225125,A98,2026-05-23
8909,748,9,322230,A98,2026-02-12
8910,2793,4,223505,T90,2026-01-25
8911,2074,3,225125,A98,2026-03-26
8912,2854,5,223505,K86,2026-01-28
8913,1845,4,223505,K86,2026-01-16
8914,377,7,223208,D83,2026-04-03
8915,2128,7,223208,D83,2026-01-09
8916,4452,1,225125,X86,2026-02-26
8917,4002,1,225125,A98,2026-04-22
8918,357,6,223208,D83,2026-05-29
8919,906,9,322230,A98,2026-03-11
8920,580,7,223208,D83,2026-03-30
8921,2369,4,223505,A98,2026-04-29
8922,4078,5,223505,W78,2026-06-26
8923,2711,7,223208,D83,2026-02-14
8924,2390,9,322230,A98,2026-05-21
8925,2332,3,225125,A98,2026-02-24
8926,4110,1,225125,W78,2026-02-10
8927,2838,1,225125,K86,2026-06-12
8928,1102,6,223208,D83,2026-01-01
8929,4537,7,223208,D83,2026-05-26
8930,452,3,225125,A98,2026-06-09
8931,4663,2,225125,K86,2026-06-11
8932,854,1,225125,A98,2026-05-25
8933,1601,5,223505,A98,2026-02-07
8934,526,8,322230,A98,2026-03-28
8935,3419,5,223505,T90,2026-04-02
8936,1080,1,225125,X86,2026-03-28
8937,2998,4,223505,K86,2026-01-11
8938,1910,1,225125,A98,2026-01-31
8939,3897,6,223208,D83,2026-04-29
8940,1554,6,223208,D83,2026-02-22
8941,3496,5,223505,T90,2026-03-02
8942,2378,5,223505,A98,2026-04-12
8943,2162,2,225125,A98,2026-01-14
8944,4685,1,225125,W78,2026-06-16
8945,3191,6,223208,D83,2026-06-11
8946,4063,1,225125,A98,2026-03-29
8947,3628,9,322230,A98,2026-03-17
8948,3972,4,223505,K86,2026-01-11
8949,2463,9,322230,A98,2026-02-27
8950,2276,6,223208,D83,2026-04-20
8951,2629,7,223208,D83,2026-01-12
8952,3468,8,322230,A98,2026-06-20
8953,3580,2,225125,T90,2026-04-13
8954,2017,3,225125,A93,2026-06-15
8955,1210,5,223505,T90,2026-05-25
8956,753,8,322230,A98,2026-02-27
8957,4807,1,225125,K86,2026-05-06
8958,1950,3,225125,K86,2026-04-14
8959,3226,9,322230,A98,2026-04-25
8960,4813,7,223208,D83,2026-01-04
8961,2220,2,225125,K86,2026-02-21
8962,2250,9,322230,A98,2026-06-23
8963,3115,1,225125,A93,2026-05-31
8964,2161,8,322230,A98,2026-05-28
8965,1807,1,225125,T90,2026-04-25
8966,1695,2,225125,X86,2026-04-28
8967,2462,1,225125,A98,2026-04-11
8968,4403,5,223505,K86,2026-06-29
8969,1808,1,225125,A93,2026-01-27
8970,2537,2,225125,T90,2026-02-22
8971,2686,8,322230,A98,2026-04-02
8972,2471,5,223505,X86,2026-05-24
8973,3837,5,223505,A93,2026-01-02
8974,4038,1,225125,A98,2026-04-06
8975,471,9,322230,A98,2026-03-29
8976,1636,3,225125,A93,2026-04-11
8977,633,6,223208,D83,2026-02-20
8978,1972,2,225125,X86,2026-02-03
8979,4782,6,223208,D83,2026-01-02
8980,2557,3,225125,A98,2026-06-11
8981,4035,1,225125,K86,2026-06-21
8982,4527,8,322230,A98,2026-02-24
8983,4244,2,225125,A98,2026-06-08
8984,4906,4,223505,K86,2026-04-28
8985,263,7,223208,D83,2026-02-16
8986,4110,9,322230,A98,2026-02-01
8987,4485,6,223208,D83,2026-01-30
8988,3271,4,223505,K86,2026-04-14
8989,3470,8,322230,A98,2026-03-05
8990,848,9,322230,A98,2026-03-06
8991,4028,7,223208,D83,2026-06-24
8992,3143,3,225125,A93,2026-02-26
8993,4896,7,223208,D83,2026-02-17
8994,4272,4,223505,A98,2026-05-13
8995,1729,3,225125,X86,2026-04-09
8996,3312,5,223505,K86,2026-02-08
8997,4583,5,223505,A93,2026-03-13
8998,2022,1,225125,A98,2026-03-22
8999,3659,9,322230,A98,2026-04-29
9000,4757,8,322230,A98,2026-01-17
9001,2285,5,223505,A98,2026-01-05
9002,1442,2,225125,X86,2026-05-19
9003,4274,2,225125,A93,2026-02-05
9004,1738,8,322230,A98,2026-04-06
9005,287,8,322230,A98,2026-02-15
9006,2925,4,223505,A98,2026-03-28
9007,1188,1,225125,A98,2026-04-12
9008,1689,5,223505,K86,2026-03-03
9009,4895,4,223505,A98,2026-01-07
9010,4154,6,223208,D83,2026-05-26
9011,350,1,225125,X86,2026-02-17
9012,2950,1,225125,A98,2026-03-30
9013,1618,1,225125,K86,2026-03-20
9014,286,3,225125,X86,2026-02-05
9015,3428,2,225125,T90,2026-06-04
9016,3141,2,225125,A93,2026-03-31
9017,1757,2,225125,W78,2026-05-26
9018,192,1,225125,X86,2026-06-23
9019,4257,2,225125,T90,2026-02-19
9020,1188,8,322230,A98,2026-03-13
9021,4609,5,223505,A98,2026-04-18
9022,835,1,225125,A98,2026-02-04
9023,2834,4,223505,K86,2026-02-08
9024,1190,3,225125,X86,2026-01-18
9025,2489,1,225125,K86,2026-03-21
9026,2474,2,225125,X86,2026-05-17
9027,2116,4,223505,A98,2026-03-06
9028,654,1,225125,A98,2026-06-28
9029,2603,8,322230,A98,2026-04-12
9030,278,7,223208,D83,2026-01-21
9031,3174,9,322230,A98,2026-06-17
9032,697,9,322230,A98,2026-06-17
9033,4288,9,322230,A98,2026-03-23
9034,4250,2,225125,X86,2026-05-21
9035,4200,5,223505,K86,2026-02-09
9036,4898,4,223505,A98,2026-03-26
9037,311,5,223505,W78,2026-05-30
9038,771,2,225125,A98,2026-02-08
9039,562,6,223208,D83,2026-03-23
9040,2004,2,225125,K86,2026-04-28
9041,367,9,322230,A98,2026-03-17
9042,3965,9,322230,A98,2026-02-27
9043,2620,5,223505,K86,2026-03-09
9044,1397,4,223505,A93,2026-03-09
9045,2697,8,322230,A98,2026-03-05
9046,380,2,225125,A98,2026-02-05
9047,4259,2,225125,A98,2026-05-01
9048,2523,9,322230,A98,2026-04-12
9049,2687,2,225125,K86,2026-05-13
9050,291,6,223208,D83,2026-04-11
9051,4195,3,225125,A98,2026-05-25
9052,2780,1,225125,A93,2026-01-21
9053,3599,7,223208,D83,2026-04-27
9054,1351,3,225125,W78,2026-05-02
9055,1618,1,225125,A98,2026-04-16
9056,2884,1,225125,A93,2026-03-29
9057,532,4,223505,A98,2026-05-23
9058,177,4,223505,K86,2026-03-01
9059,1235,3,225125,K86,2026-02-28
9060,1473,3,225125,K86,2026-02-24
9061,1001,1,225125,K86,2026-06-10
9062,1804,2,225125,A98,2026-01-24
9063,1633,5,223505,X86,2026-01-03
9064,2579,3,225125,T90,2026-01-08
9065,963,8,322230,A98,2026-06-24
9066,1282,5,223505,A98,2026-05-13
9067,3510,1,225125,A98,2026-05-16
9068,3957,7,223208,D83,2026-02-01
9069,4959,9,322230,A98,2026-03-21
9070,1533,8,322230,A98,2026-02-13
9071,718,6,223208,D83,2026-06-23
9072,909,4,223505,A98,2026-02-12
9073,7,1,225125,A93,2026-03-06
9074,4414,4,223505,A98,2026-02-04
9075,4409,8,322230,A98,2026-04-22
9076,1871,9,322230,A98,2026-03-27
9077,3028,9,322230,A98,2026-04-27
9078,1029,2,225125,A98,2026-02-14
9079,177,3,225125,A98,2026-06-23
9080,2787,7,223208,D83,2026-05-02
9081,3074,2,225125,A98,2026-05-20
9082,2977,8,322230,A98,2026-02-10
9083,1523,2,225125,X86,2026-05-14
9084,4112,4,223505,A98,2026-04-25
9085,3461,2,225125,A98,2026-02-18
9086,4374,1,225125,A98,2026-01-29
9087,196,9,322230,A98,2026-01-30
9088,1651,1,225125,K86,2026-05-01
9089,3972,1,225125,X86,2026-02-23
9090,4952,5,223505,X86,2026-02-20
9091,752,3,225125,X86,2026-01-15
9092,1097,2,225125,A98,2026-04-16
9093,1589,7,223208,D83,2026-02-28
9094,695,7,223208,D83,2026-04-07
9095,2674,7,223208,D83,2026-04-09
9096,4972,5,223505,T90,2026-04-25
9097,2800,3,225125,A98,2026-04-19
9098,3999,5,223505,X86,2026-04-21
9099,3158,1,225125,A98,2026-02-26
9100,2485,1,225125,A98,2026-03-14
9101,1259,6,223208,D83,2026-06-21
9102,3305,6,223208,D83,2026-06-24
9103,2154,8,322230,A98,2026-03-27
9104,3361,5,223505,A98,2026-02-05
9105,4589,8,322230,A98,2026-05-27
9106,3178,7,223208,D83,2026-02-27
9107,1500,1,225125,W78,2026-05-22
9108,1188,9,322230,A98,2026-06-23
9109,2382,1,225125,A98,2026-02-28
9110,1625,7,223208,D83,2026-02-20
9111,4704,5,223505,A98,2026-01-20
9112,922,9,322230,A98,2026-03-10
9113,1500,2,225125,A98,2026-04-12
9114,825,1,225125,K86,2026-01-29
9115,1365,7,223208,D83,2026-04-14
9116,3090,3,225125,K86,2026-03-23
9117,4999,2,225125,X86,2026-03-09
9118,2004,7,223208,D83,2026-06-07
9119,1452,7,223208,D83,2026-03-13
9120,4761,2,225125,A93,2026-03-24
9121,1245,6,223208,D83,2026-06-02
9122,254,2,225125,T90,2026-01-13
9123,4563,3,225125,X86,2026-06-26
9124,4344,8,322230,A98,2026-01-04
9125,1323,9,322230,A98,2026-03-31
9126,4784,6,223208,D83,2026-03-17
9127,3861,2,225125,T90,2026-02-23
9128,651,9,322230,A98,2026-01-07
9129,77,1,225125,X86,2026-05-04
9130,2730,5,223505,K86,2026-02-27
9131,1536,6,223208,D83,2026-02-10
9132,4368,7,223208,D83,2026-06-25
9133,3359,1,225125,K86,2026-06-20
9134,4857,1,225125,K86,2026-04-25
9135,4658,8,322230,A98,2026-03-24
9136,3667,3,225125,A98,2026-02-18
9137,567,7,223208,D83,2026-05-12
9138,4904,2,225125,K86,2026-01-13
9139,3431,5,223505,A98,2026-02-08
9140,1770,2,225125,K86,2026-01-05
9141,3605,4,223505,A98,2026-03-03
9142,1767,8,322230,A98,2026-02-14
9143,2925,1,225125,A98,2026-04-13
9144,4355,7,223208,D83,2026-02-21
9145,2368,9,322230,A98,2026-04-09
9146,767,3,225125,A98,2026-01-23
9147,306,4,223505,K86,2026-05-29
9148,3970,4,223505,A98,2026-03-07
9149,4981,1,225125,A98,2026-05-10
9150,1438,8,322230,A98,2026-01-16
9151,4348,4,223505,A98,2026-06-27
9152,1288,4,223505,A98,2026-03-19
9153,2885,9,322230,A98,2026-02-11
9154,1053,2,225125,X86,2026-02-01
9155,2927,4,223505,K86,2026-02-13
9156,1433,2,225125,A98,2026-04-08
9157,1621,2,225125,W78,2026-02-16
9158,3886,3,225125,A93,2026-03-21
9159,4956,7,223208,D83,2026-02-02
9160,1719,7,223208,D83,2026-06-12
9161,1140,6,223208,D83,2026-06-19
9162,3348,1,225125,K86,2026-06-06
9163,558,7,223208,D83,2026-04-28
9164,251,2,225125,A98,2026-05-07
9165,2249,9,322230,A98,2026-04-02
9166,1223,6,223208,D83,2026-01-18
9167,4774,7,223208,D83,2026-01-06
9168,3726,2,225125,W78,2026-03-12
9169,3001,5,223505,W78,2026-02-28
9170,354,2,225125,X86,2026-03-05
9171,3080,2,225125,X86,2026-01-19
9172,4699,9,322230,A98,2026-06-19
9173,3953,9,322230,A98,2026-05-18
9174,4358,8,322230,A98,2026-03-20
9175,4035,8,322230,A98,2026-03-17
9176,4785,4,223505,X86,2026-06-06
9177,1752,2,225125,A98,2026-04-04
9178,3260,5,223505,K86,2026-05-23
9179,3702,8,322230,A98,2026-05-29
9180,2816,1,225125,A93,2026-02-26
9181,3964,8,322230,A98,2026-06-10
9182,1291,5,223505,W78,2026-02-02
9183,1095,7,223208,D83,2026-05-30
9184,1989,6,223208,D83,2026-03-17
9185,4515,5,223505,K86,2026-02-16
9186,980,1,225125,X86,2026-03-16
9187,2926,9,322230,A98,2026-03-25
9188,1448,3,225125,K86,2026-03-25
9189,4558,2,225125,K86,2026-04-15
9190,3686,4,223505,A98,2026-06-12
9191,203,1,225125,A93,2026-03-14
9192,3418,6,223208,D83,2026-03-09
9193,2271,5,223505,A98,2026-01-14
9194,1410,6,223208,D83,2026-01-07
9195,44,6,223208,D83,2026-05-08
9196,2600,1,225125,A98,2026-04-16
9197,3974,6,223208,D83,2026-06-18
9198,130,1,225125,A98,2026-02-14
9199,1991,1,225125,A93,2026-02-12
9200,1119,8,322230,A98,2026-06-21
9201,344,9,322230,A98,2026-03-09
9202,785,2,225125,A93,2026-02-04
9203,2744,5,223505,A98,2026-05-30
9204,4957,6,223208,D83,2026-03-31
9205,936,7,223208,D83,2026-03-14
9206,3652,1,225125,A98,2026-03-20
9207,251,1,225125,A98,2026-03-20
9208,70,6,223208,D83,2026-03-09
9209,606,1,225125,K86,2026-02-18
9210,2934,6,223208,D83,2026-05-17
9211,474,6,223208,D83,2026-03-13
9212,4106,7,223208,D83,2026-02-21
9213,1224,7,223208,D83,2026-05-01
9214,1054,3,225125,K86,2026-03-18
9215,2461,1,225125,A98,2026-03-14
9216,3916,7,223208,D83,2026-02-28
9217,2801,9,322230,A98,2026-04-20
9218,3511,3,225125,A98,2026-01-01
9219,2654,6,223208,D83,2026-01-02
9220,2605,3,225125,X86,2026-03-28
9221,2760,2,225125,K86,2026-05-14
9222,309,2,225125,K86,2026-02-17
9223,3879,1,225125,K86,2026-06-03
9224,3911,1,225125,A98,2026-03-28
9225,4522,9,322230,A98,2026-05-22
9226,1912,4,223505,T90,2026-01-01
9227,4938,2,225125,T90,2026-05-11
9228,612,4,223505,W78,2026-02-28
9229,194,7,223208,D83,2026-01-22
9230,4069,3,225125,A93,2026-04-20
9231,4642,4,223505,K86,2026-04-20
9232,211,7,223208,D83,2026-05-19
9233,1091,5,223505,A98,2026-03-05
9234,4115,5,223505,A98,2026-06-11
9235,3213,7,223208,D83,2026-02-25
9236,4325,8,322230,A98,2026-03-13
9237,4586,1,225125,W78,2026-02-07
9238,1990,1,225125,X86,2026-05-06
9239,1621,3,225125,X86,2026-01-12
9240,2717,2,225125,A98,2026-06-07
9241,1118,1,225125,K86,2026-04-14
9242,428,5,223505,A98,2026-02-18
9243,3342,2,225125,A98,2026-01-29
9244,4103,6,223208,D83,2026-02-01
9245,32,5,223505,X86,2026-01-20
9246,2004,2,225125,A98,2026-06-19
9247,4665,2,225125,A98,2026-01-13
9248,4037,9,322230,A98,2026-05-30
9249,1983,1,225125,K86,2026-02-18
9250,1540,6,223208,D83,2026-02-15
9251,4524,3,225125,X86,2026-02-24
9252,3075,5,223505,K86,2026-03-10
9253,3861,1,225125,A93,2026-05-01
9254,2901,8,322230,A98,2026-06-11
9255,4207,2,225125,K86,2026-06-15
9256,3481,8,322230,A98,2026-06-27
9257,1999,6,223208,D83,2026-06-27
9258,2472,6,223208,D83,2026-06-29
9259,4444,5,223505,A93,2026-03-23
9260,4764,5,223505,A98,2026-03-29
9261,3667,7,223208,D83,2026-02-02
9262,864,6,223208,D83,2026-01-24
9263,3693,6,223208,D83,2026-03-02
9264,1710,2,225125,A98,2026-05-19
9265,3416,7,223208,D83,2026-04-14
9266,2370,3,225125,X86,2026-06-09
9267,4314,1,225125,W78,2026-05-12
9268,1819,1,225125,A98,2026-04-02
9269,829,3,225125,A98,2026-02-27
9270,3553,7,223208,D83,2026-02-25
9271,3399,1,225125,T90,2026-02-27
9272,4338,7,223208,D83,2026-03-04
9273,3359,9,322230,A98,2026-02-22
9274,3317,2,225125,X86,2026-01-03
9275,2193,2,225125,W78,2026-01-25
9276,417,9,322230,A98,2026-05-14
9277,3817,4,223505,A93,2026-04-15
9278,4447,2,225125,A98,2026-01-11
9279,2230,9,322230,A98,2026-04-16
9280,1636,9,322230,A98,2026-01-20
9281,4642,9,322230,A98,2026-01-25
9282,2433,9,322230,A98,2026-01-25
9283,4801,2,225125,A98,2026-01-30
9284,2169,5,223505,K86,2026-03-16
9285,2948,2,225125,A98,2026-04-18
9286,4987,1,225125,A98,2026-03-03
9287,4954,3,225125,A98,2026-04-10
9288,4967,9,322230,A98,2026-04-10
9289,3864,1,225125,T90,2026-02-08
9290,4978,1,225125,A98,2026-06-02
9291,4122,9,322230,A98,2026-03-15
9292,1075,1,225125,W78,2026-05-21
9293,2912,2,225125,K86,2026-02-21
9294,3512,5,223505,A98,2026-02-28
9295,2887,3,225125,X86,2026-05-19
9296,1180,3,225125,A98,2026-04-13
9297,3383,2,225125,W78,2026-06-07
9298,1182,2,225125,K86,2026-02-10
9299,837,2,225125,A93,2026-02-18
9300,4200,6,223208,D83,2026-01-12
9301,311,1,225125,A98,2026-02-25
9302,2052,4,223505,A98,2026-06-24
9303,4628,5,223505,A93,2026-03-27
9304,1038,5,223505,X86,2026-04-24
9305,4046,1,225125,A98,2026-04-02
9306,190,9,322230,A98,2026-03-31
9307,1893,2,225125,X86,2026-04-02
9308,146,5,223505,X86,2026-06-22
9309,2021,1,225125,A98,2026-04-20
9310,4936,5,223505,X86,2026-04-03
9311,453,6,223208,D83,2026-04-01
9312,3793,2,225125,K86,2026-03-07
9313,2399,4,223505,X86,2026-01-25
9314,64,1,225125,W78,2026-06-04
9315,1030,9,322230,A98,2026-03-09
9316,467,1,225125,T90,2026-01-03
9317,3855,5,223505,T90,2026-02-13
9318,2657,9,322230,A98,2026-06-19
9319,342,9,322230,A98,2026-03-07
9320,2481,2,225125,A98,2026-03-13
9321,3172,2,225125,W78,2026-04-10
9322,3723,2,225125,A98,2026-05-12
9323,1939,2,225125,T90,2026-04-18
9324,1797,2,225125,K86,2026-02-12
9325,1725,8,322230,A98,2026-06-03
9326,1054,8,322230,A98,2026-04-29
9327,2307,9,322230,A98,2026-06-23
9328,1923,8,322230,A98,2026-04-21
9329,1448,3,225125,X86,2026-02-28
9330,1475,5,223505,K86,2026-05-14
9331,1899,9,322230,A98,2026-02-21
9332,734,1,225125,A98,2026-03-19
9333,2618,1,225125,A98,2026-05-01
9334,424,2,225125,A93,2026-03-21
9335,4687,7,223208,D83,2026-06-19
9336,4764,2,225125,K86,2026-06-16
9337,2861,7,223208,D83,2026-04-13
9338,1622,9,322230,A98,2026-04-26
9339,3894,2,225125,T90,2026-05-15
9340,1102,4,223505,X86,2026-01-01
9341,1764,2,225125,W78,2026-03-27
9342,2328,2,225125,A98,2026-05-12
9343,1731,3,225125,A98,2026-02-18
9344,1067,3,225125,K86,2026-06-22
9345,3678,5,223505,K86,2026-04-01
9346,513,2,225125,K86,2026-03-27
9347,3650,1,225125,X86,2026-03-10
9348,4224,4,223505,K86,2026-02-15
9349,3252,1,225125,A98,2026-04-26
9350,3512,8,322230,A98,2026-04-06
9351,4310,6,223208,D83,2026-04-02
9352,3394,1,225125,A98,2026-01-17
9353,1947,1,225125,K86,2026-01-26
9354,2824,2,225125,A98,2026-06-27
9355,3750,8,322230,A98,2026-06-14
9356,3351,5,223505,A98,2026-02-13
9357,4950,3,225125,X86,2026-05-14
9358,488,2,225125,A98,2026-05-04
9359,2615,1,225125,W78,2026-05-14
9360,3572,1,225125,A98,2026-01-01
9361,3001,8,322230,A98,2026-06-08
9362,2518,3,225125,A98,2026-03-29
9363,4713,9,322230,A98,2026-03-31
9364,4634,1,225125,T90,2026-02-26
9365,1877,1,225125,X86,2026-05-09
9366,3569,5,223505,X86,2026-05-15
9367,3664,2,225125,K86,2026-03-22
9368,3889,1,225125,K86,2026-03-24
9369,4857,3,225125,A98,2026-01-01
9370,184,7,223208,D83,2026-06-22
9371,2319,1,225125,K86,2026-02-17
9372,4969,7,223208,D83,2026-03-14
9373,2307,9,322230,A98,2026-02-20
9374,4070,4,223505,K86,2026-06-06
9375,2638,4,223505,A98,2026-06-25
9376,2007,2,225125,A98,2026-03-27
9377,3114,9,322230,A98,2026-02-20
9378,2960,1,225125,K86,2026-06-06
9379,3513,4,223505,K86,2026-04-02
9380,2089,5,223505,A98,2026-04-21
9381,4918,6,223208,D83,2026-05-21
9382,341,2,225125,W78,2026-06-16
9383,2779,1,225125,K86,2026-06-15
9384,1458,8,322230,A98,2026-01-24
9385,64,7,223208,D83,2026-03-08
9386,4817,6,223208,D83,2026-06-06
9387,969,2,225125,A98,2026-06-08
9388,3559,3,225125,T90,2026-05-07
9389,3475,5,223505,A98,2026-05-23
9390,3218,1,225125,K86,2026-02-15
9391,2918,2,225125,X86,2026-04-01
9392,4029,1,225125,W78,2026-03-01
9393,369,2,225125,T90,2026-02-11
9394,78,3,225125,A98,2026-01-22
9395,4915,4,223505,A93,2026-06-21
9396,1154,6,223208,D83,2026-03-01
9397,1006,8,322230,A98,2026-06-18
9398,3267,1,225125,A98,2026-01-01
9399,4850,4,223505,W78,2026-04-15
9400,1124,2,225125,K86,2026-03-21
9401,144,8,322230,A98,2026-05-31
9402,2511,2,225125,A98,2026-03-12
9403,361,1,225125,K86,2026-01-06
9404,4110,7,223208,D83,2026-04-20
9405,1950,2,225125,X86,2026-04-29
9406,2797,2,225125,A98,2026-04-08
9407,3741,8,322230,A98,2026-01-09
9408,178,4,223505,X86,2026-04-04
9409,2347,7,223208,D83,2026-04-05
9410,4823,1,225125,T90,2026-01-17
9411,1904,8,322230,A98,2026-03-12
9412,825,8,322230,A98,2026-02-05
9413,3344,1,225125,K86,2026-04-11
9414,4036,1,225125,A93,2026-01-21
9415,3127,8,322230,A98,2026-04-16
9416,4693,1,225125,T90,2026-03-07
9417,3176,2,225125,A98,2026-04-06
9418,2100,9,322230,A98,2026-02-02
9419,2505,7,223208,D83,2026-02-26
9420,4218,2,225125,W78,2026-01-29
9421,458,2,225125,A98,2026-03-07
9422,4305,1,225125,T90,2026-03-25
9423,178,2,225125,W78,2026-05-09
9424,1946,2,225125,X86,2026-05-31
9425,1909,8,322230,A98,2026-04-14
9426,4392,5,223505,W78,2026-04-12
9427,4833,4,223505,X86,2026-04-25
9428,3905,2,225125,K86,2026-02-06
9429,4279,3,225125,X86,2026-03-02
9430,3000,1,225125,T90,2026-03-20
9431,4286,7,223208,D83,2026-02-06
9432,521,5,223505,T90,2026-03-23
9433,4306,5,223505,K86,2026-04-15
9434,3654,7,223208,D83,2026-04-22
9435,1680,1,225125,K86,2026-03-23
9436,2519,2,225125,A93,2026-05-19
9437,1116,4,223505,X86,2026-06-10
9438,4554,3,225125,W78,2026-03-20
9439,1145,2,225125,A93,2026-03-12
9440,1382,1,225125,T90,2026-06-06
9441,4,5,223505,A98,2026-06-08
9442,921,4,223505,A93,2026-01-28
9443,698,4,223505,T90,2026-02-22
9444,2050,7,223208,D83,2026-03-28
9445,1598,4,223505,K86,2026-03-12
9446,1818,8,322230,A98,2026-04-20
9447,1538,1,225125,T90,2026-02-25
9448,1729,2,225125,X86,2026-06-08
9449,2814,5,223505,A98,2026-04-09
9450,1101,9,322230,A98,2026-04-24
9451,1413,5,223505,W78,2026-05-04
9452,222,3,225125,A98,2026-02-07
9453,2008,8,322230,A98,2026-04-28
9454,2345,5,223505,X86,2026-04-04
9455,4558,3,225125,A93,2026-04-20
9456,2685,4,223505,A98,2026-01-05
9457,1968,1,225125,K86,2026-04-26
9458,2075,4,223505,W78,2026-06-28
9459,4690,6,223208,D83,2026-01-06
9460,4814,8,322230,A98,2026-01-18
9461,1842,2,225125,K86,2026-04-29
9462,4881,4,223505,A98,2026-02-06
9463,3916,1,225125,W78,2026-03-12
9464,4136,6,223208,D83,2026-02-03
9465,3416,5,223505,A98,2026-01-15
9466,4744,1,225125,A93,2026-01-30
9467,3045,3,225125,X86,2026-04-07
9468,876,3,225125,W78,2026-04-30
9469,3522,1,225125,K86,2026-03-04
9470,3179,6,223208,D83,2026-04-02
9471,1492,1,225125,A98,2026-05-15
9472,624,2,225125,K86,2026-01-13
9473,933,9,322230,A98,2026-03-05
9474,3604,2,225125,X86,2026-04-12
9475,3489,8,322230,A98,2026-04-28
9476,2247,2,225125,T90,2026-02-17
9477,4096,1,225125,T90,2026-02-26
9478,3095,5,223505,W78,2026-03-23
9479,875,7,223208,D83,2026-06-02
9480,3725,2,225125,A98,2026-03-19
9481,531,1,225125,T90,2026-03-21
9482,4449,3,225125,A98,2026-04-12
9483,3069,7,223208,D83,2026-06-24
9484,319,7,223208,D83,2026-05-02
9485,3143,1,225125,K86,2026-05-10
9486,1585,6,223208,D83,2026-03-19
9487,2253,1,225125,A93,2026-03-16
9488,3046,3,225125,T90,2026-01-06
9489,1082,4,223505,A98,2026-01-08
9490,2329,9,322230,A98,2026-06-21
9491,3273,5,223505,K86,2026-04-15
9492,3417,3,225125,X86,2026-05-19
9493,247,9,322230,A98,2026-05-19
9494,2107,2,225125,A98,2026-04-07
9495,1283,8,322230,A98,2026-02-19
9496,1679,1,225125,A93,2026-03-01
9497,2081,1,225125,K86,2026-05-01
9498,4160,4,223505,A98,2026-05-06
9499,2658,3,225125,K86,2026-03-19
9500,2684,1,225125,K86,2026-03-31
9501,4208,9,322230,A98,2026-06-10
9502,352,3,225125,A98,2026-05-04
9503,4431,5,223505,A98,2026-04-13
9504,4754,8,322230,A98,2026-03-05
9505,1756,6,223208,D83,2026-04-09
9506,1822,1,225125,A98,2026-06-17
9507,3652,5,223505,A93,2026-02-04
9508,2920,7,223208,D83,2026-02-15
9509,3435,5,223505,T90,2026-01-29
9510,2004,1,225125,A93,2026-01-27
9511,4517,7,223208,D83,2026-04-25
9512,1899,6,223208,D83,2026-03-10
9513,2584,5,223505,A93,2026-06-03
9514,4447,1,225125,K86,2026-06-28
9515,1400,6,223208,D83,2026-01-24
9516,3533,7,223208,D83,2026-03-03
9517,4544,8,322230,A98,2026-06-11
9518,2713,2,225125,A98,2026-06-25
9519,4221,2,225125,T90,2026-06-11
9520,526,4,223505,A93,2026-04-25
9521,3513,6,223208,D83,2026-02-23
9522,4180,3,225125,K86,2026-01-20
9523,2342,1,225125,K86,2026-03-14
9524,4708,8,322230,A98,2026-06-25
9525,2629,7,223208,D83,2026-01-02
9526,147,8,322230,A98,2026-03-19
9527,516,9,322230,A98,2026-02-26
9528,4029,7,223208,D83,2026-05-31
9529,3528,9,322230,A98,2026-05-25
9530,2969,1,225125,A93,2026-05-29
9531,1501,2,225125,T90,2026-05-18
9532,1806,1,225125,W78,2026-03-02
9533,3798,1,225125,A98,2026-03-25
9534,2846,6,223208,D83,2026-03-18
9535,577,6,223208,D83,2026-02-27
9536,1466,2,225125,A98,2026-05-18
9537,303,3,225125,A98,2026-02-15
9538,3784,2,225125,K86,2026-06-27
9539,1451,1,225125,A98,2026-03-06
9540,1014,1,225125,A98,2026-05-18
9541,1606,2,225125,A98,2026-04-15
9542,3846,2,225125,T90,2026-06-11
9543,2686,4,223505,A98,2026-02-15
9544,817,1,225125,K86,2026-03-31
9545,1994,6,223208,D83,2026-04-27
9546,2916,9,322230,A98,2026-02-23
9547,2039,1,225125,W78,2026-04-06
9548,708,1,225125,W78,2026-01-08
9549,2517,6,223208,D83,2026-01-18
9550,4370,4,223505,T90,2026-04-23
9551,4715,2,225125,A98,2026-06-03
9552,2043,6,223208,D83,2026-03-10
9553,4156,7,223208,D83,2026-03-30
9554,586,6,223208,D83,2026-02-20
9555,1044,7,223208,D83,2026-04-28
9556,4133,6,223208,D83,2026-04-06
9557,3900,4,223505,T90,2026-06-12
9558,2993,2,225125,X86,2026-02-06
9559,3162,5,223505,A98,2026-01-28
9560,2208,6,223208,D83,2026-01-03
9561,40,8,322230,A98,2026-06-01
9562,732,4,223505,K86,2026-05-28
9563,960,6,223208,D83,2026-04-23
9564,3637,8,322230,A98,2026-01-14
9565,2067,5,223505,A98,2026-02-04
9566,3632,9,322230,A98,2026-03-03
9567,1116,1,225125,A98,2026-01-18
9568,2466,2,225125,K86,2026-04-03
9569,2090,2,225125,K86,2026-01-14
9570,2004,2,225125,A98,2026-01-21
9571,3481,1,225125,K86,2026-01-28
9572,1821,2,225125,A93,2026-06-15
9573,1215,6,223208,D83,2026-01-03
9574,1173,1,225125,K86,2026-05-02
9575,1260,5,223505,K86,2026-05-19
9576,1621,9,322230,A98,2026-04-11
9577,2353,7,223208,D83,2026-02-14
9578,346,3,225125,A98,2026-02-13
9579,3196,6,223208,D83,2026-05-07
9580,733,5,223505,X86,2026-05-11
9581,1770,8,322230,A98,2026-03-17
9582,608,8,322230,A98,2026-04-15
9583,4117,5,223505,K86,2026-05-07
9584,4149,7,223208,D83,2026-04-29
9585,3461,7,223208,D83,2026-04-10
9586,3567,8,322230,A98,2026-01-26
9587,3531,9,322230,A98,2026-03-25
9588,1923,5,223505,A98,2026-01-15
9589,4377,6,223208,D83,2026-04-09
9590,3714,1,225125,X86,2026-05-04
9591,2656,5,223505,A93,2026-02-23
9592,2183,1,225125,A98,2026-04-11
9593,1494,1,225125,T90,2026-02-02
9594,489,8,322230,A98,2026-05-31
9595,4631,1,225125,W78,2026-06-16
9596,3012,9,322230,A98,2026-04-25
9597,859,5,223505,A98,2026-02-04
9598,2273,2,225125,A98,2026-01-24
9599,4758,1,225125,X86,2026-05-29
9600,4066,3,225125,A98,2026-05-08
9601,620,2,225125,T90,2026-06-14
9602,337,6,223208,D83,2026-01-28
9603,3555,3,225125,A98,2026-04-24
9604,2964,4,223505,A98,2026-05-11
9605,1033,2,225125,T90,2026-01-01
9606,3757,9,322230,A98,2026-01-16
9607,3997,1,225125,A98,2026-05-12
9608,2029,5,223505,W78,2026-04-16
9609,1344,7,223208,D83,2026-02-03
9610,4536,4,223505,T90,2026-01-21
9611,1091,1,225125,A98,2026-01-15
9612,2465,6,223208,D83,2026-02-07
9613,1802,7,223208,D83,2026-04-17
9614,3845,2,225125,A98,2026-02-20
9615,2048,7,223208,D83,2026-01-14
9616,4850,5,223505,W78,2026-04-15
9617,2131,9,322230,A98,2026-06-08
9618,4512,8,322230,A98,2026-04-02
9619,1773,9,322230,A98,2026-02-04
9620,122,6,223208,D83,2026-06-04
9621,4050,3,225125,A93,2026-03-29
9622,246,2,225125,A93,2026-02-16
9623,3692,5,223505,A93,2026-04-16
9624,2129,3,225125,A93,2026-02-21
9625,1325,9,322230,A98,2026-04-12
9626,2878,4,223505,K86,2026-03-24
9627,3221,6,223208,D83,2026-06-23
9628,1912,1,225125,W78,2026-06-29
9629,1506,5,223505,X86,2026-06-06
9630,2540,1,225125,A98,2026-03-31
9631,2037,8,322230,A98,2026-01-17
9632,4450,5,223505,A98,2026-01-08
9633,54,1,225125,A98,2026-02-11
9634,1371,5,223505,K86,2026-05-08
9635,2683,9,322230,A98,2026-03-16
9636,844,9,322230,A98,2026-06-09
9637,3747,1,225125,T90,2026-06-12
9638,1824,5,223505,X86,2026-04-03
9639,1567,7,223208,D83,2026-05-29
9640,2481,5,223505,X86,2026-05-28
9641,1401,6,223208,D83,2026-01-07
9642,736,5,223505,W78,2026-02-04
9643,3951,4,223505,K86,2026-05-14
9644,3103,4,223505,A93,2026-03-18
9645,147,5,223505,A98,2026-04-01
9646,4775,6,223208,D83,2026-05-02
9647,4987,7,223208,D83,2026-01-03
9648,4239,2,225125,X86,2026-02-03
9649,497,2,225125,A98,2026-01-10
9650,2139,1,225125,A98,2026-06-08
9651,1827,6,223208,D83,2026-04-05
9652,2159,9,322230,A98,2026-06-27
9653,3619,1,225125,W78,2026-05-18
9654,3222,1,225125,A98,2026-06-28
9655,3714,1,225125,A98,2026-06-06
9656,4370,5,223505,A98,2026-01-30
9657,264,6,223208,D83,2026-03-27
9658,3511,1,225125,A93,2026-02-03
9659,1766,1,225125,K86,2026-01-06
9660,3328,1,225125,W78,2026-04-09
9661,2812,3,225125,K86,2026-02-18
9662,2232,2,225125,A93,2026-05-07
9663,969,3,225125,A98,2026-02-27
9664,3076,2,225125,K86,2026-04-27
9665,763,1,225125,A98,2026-06-19
9666,2595,5,223505,A98,2026-05-27
9667,2032,2,225125,A93,2026-05-20
9668,872,7,223208,D83,2026-01-06
9669,115,4,223505,X86,2026-04-01
9670,1160,2,225125,A93,2026-04-24
9671,2367,4,223505,X86,2026-03-08
9672,2979,6,223208,D83,2026-01-03
9673,2879,8,322230,A98,2026-01-22
9674,74,1,225125,A98,2026-02-05
9675,3266,6,223208,D83,2026-04-09
9676,4226,3,225125,K86,2026-06-11
9677,460,4,223505,X86,2026-02-04
9678,2647,1,225125,A93,2026-04-15
9679,666,7,223208,D83,2026-05-11
9680,1253,7,223208,D83,2026-01-26
9681,2652,9,322230,A98,2026-02-26
9682,945,2,225125,A93,2026-01-07
9683,2865,6,223208,D83,2026-02-06
9684,1054,9,322230,A98,2026-03-19
9685,1265,7,223208,D83,2026-05-24
9686,3205,4,223505,A98,2026-02-14
9687,1002,5,223505,K86,2026-06-03
9688,1175,6,223208,D83,2026-04-01
9689,4744,4,223505,A93,2026-03-17
9690,3758,4,223505,A98,2026-04-22
9691,775,9,322230,A98,2026-02-16
9692,4904,2,225125,K86,2026-06-27
9693,1929,9,322230,A98,2026-06-15
9694,4598,2,225125,K86,2026-04-27
9695,3487,7,223208,D83,2026-01-15
9696,3614,8,322230,A98,2026-01-19
9697,4035,5,223505,K86,2026-03-23
9698,2218,7,223208,D83,2026-06-28
9699,3840,3,225125,K86,2026-05-02
9700,1620,1,225125,A93,2026-01-03
9701,2481,8,322230,A98,2026-02-10
9702,3561,5,223505,A93,2026-01-14
9703,1972,1,225125,A93,2026-03-21
9704,638,2,225125,A98,2026-01-25
9705,4663,3,225125,W78,2026-03-23
9706,3219,3,225125,A98,2026-04-02
9707,4509,1,225125,W78,2026-01-24
9708,2104,1,225125,A93,2026-01-06
9709,4449,6,223208,D83,2026-03-17
9710,4965,7,223208,D83,2026-05-05
9711,296,8,322230,A98,2026-02-04
9712,4744,1,225125,W78,2026-06-05
9713,472,8,322230,A98,2026-01-20
9714,3618,3,225125,T90,2026-03-26
9715,764,6,223208,D83,2026-05-17
9716,771,1,225125,X86,2026-03-12
9717,3648,2,225125,A98,2026-01-12
9718,1381,5,223505,W78,2026-01-16
9719,626,1,225125,A98,2026-01-14
9720,2195,1,225125,K86,2026-01-27
9721,692,1,225125,K86,2026-01-12
9722,1817,4,223505,X86,2026-06-29
9723,4184,6,223208,D83,2026-05-19
9724,2360,3,225125,W78,2026-02-14
9725,3805,6,223208,D83,2026-06-24
9726,2505,1,225125,X86,2026-02-16
9727,2290,6,223208,D83,2026-05-04
9728,1435,2,225125,A93,2026-06-14
9729,3536,2,225125,K86,2026-03-21
9730,4260,4,223505,A98,2026-06-06
9731,4678,4,223505,A98,2026-04-16
9732,2128,1,225125,T90,2026-04-07
9733,2356,9,322230,A98,2026-06-10
9734,2040,4,223505,X86,2026-03-26
9735,698,8,322230,A98,2026-04-20
9736,4933,6,223208,D83,2026-01-27
9737,3428,7,223208,D83,2026-03-08
9738,1248,1,225125,A98,2026-05-11
9739,2090,8,322230,A98,2026-04-29
9740,188,8,322230,A98,2026-05-18
9741,3220,7,223208,D83,2026-04-05
9742,1347,7,223208,D83,2026-06-01
9743,543,5,223505,A98,2026-05-04
9744,1117,1,225125,K86,2026-01-07
9745,180,7,223208,D83,2026-01-01
9746,3778,6,223208,D83,2026-06-19
9747,4680,2,225125,A98,2026-05-05
9748,1232,7,223208,D83,2026-06-01
9749,3339,1,225125,K86,2026-04-09
9750,1364,2,225125,A98,2026-05-31
9751,4789,8,322230,A98,2026-04-28
9752,1375,4,223505,A98,2026-02-17
9753,4990,2,225125,T90,2026-03-11
9754,1142,2,225125,K86,2026-04-15
9755,2940,1,225125,A98,2026-06-19
9756,4553,5,223505,A93,2026-05-10
9757,3231,4,223505,A98,2026-04-01
9758,3260,8,322230,A98,2026-04-01
9759,1860,9,322230,A98,2026-02-20
9760,1296,5,223505,X86,2026-05-16
9761,4977,5,223505,A98,2026-01-07
9762,1886,8,322230,A98,2026-05-25
9763,3210,6,223208,D83,2026-03-29
9764,2066,1,225125,T90,2026-02-02
9765,1843,2,225125,K86,2026-06-24
9766,1480,2,225125,A98,2026-01-31
9767,1552,8,322230,A98,2026-01-03
9768,803,7,223208,D83,2026-01-11
9769,2784,8,322230,A98,2026-03-13
9770,3578,8,322230,A98,2026-01-14
9771,2916,2,225125,A98,2026-02-20
9772,1661,2,225125,K86,2026-05-17
9773,4397,8,322230,A98,2026-03-16
9774,2472,8,322230,A98,2026-05-02
9775,3685,3,225125,W78,2026-03-19
9776,2376,5,223505,K86,2026-06-27
9777,1495,6,223208,D83,2026-05-03
9778,441,8,322230,A98,2026-06-23
9779,2766,2,225125,A98,2026-01-26
9780,3878,2,225125,A98,2026-04-24
9781,2169,1,225125,X86,2026-05-21
9782,3942,8,322230,A98,2026-04-09
9783,1544,3,225125,K86,2026-03-15
9784,3293,1,225125,A98,2026-06-17
9785,3639,2,225125,K86,2026-06-13
9786,3357,7,223208,D83,2026-01-28
9787,1607,6,223208,D83,2026-06-18
9788,1383,1,225125,K86,2026-06-06
9789,4140,8,322230,A98,2026-04-22
9790,2545,5,223505,K86,2026-03-28
9791,4446,1,225125,A93,2026-06-06
9792,2820,3,225125,A98,2026-02-08
9793,2947,3,225125,K86,2026-05-17
9794,2451,7,223208,D83,2026-04-28
9795,1557,7,223208,D83,2026-02-25
9796,137,4,223505,K86,2026-01-12
9797,4345,9,322230,A98,2026-03-12
9798,3774,1,225125,T90,2026-04-04
9799,4022,2,225125,A98,2026-02-24
9800,61,1,225125,A93,2026-06-16
9801,1842,8,322230,A98,2026-05-05
9802,1759,2,225125,A93,2026-04-10
9803,2900,1,225125,W78,2026-03-27
9804,4903,3,225125,X86,2026-05-09
9805,1663,9,322230,A98,2026-06-13
9806,38,8,322230,A98,2026-04-25
9807,2306,2,225125,A98,2026-02-11
9808,3674,8,322230,A98,2026-04-22
9809,28,5,223505,K86,2026-05-31
9810,122,2,225125,K86,2026-01-17
9811,838,5,223505,K86,2026-01-15
9812,4945,1,225125,K86,2026-04-19
9813,4505,6,223208,D83,2026-03-11
9814,4813,6,223208,D83,2026-01-14
9815,278,7,223208,D83,2026-06-25
9816,199,2,225125,A93,2026-01-02
9817,4449,1,225125,X86,2026-04-06
9818,3387,8,322230,A98,2026-05-23
9819,3548,1,225125,X86,2026-01-02
9820,1024,2,225125,A93,2026-03-05
9821,3775,9,322230,A98,2026-02-04
9822,459,1,225125,T90,2026-05-24
9823,2065,7,223208,D83,2026-04-09
9824,308,8,322230,A98,2026-01-02
9825,4239,7,223208,D83,2026-01-30
9826,4397,3,225125,A98,2026-01-26
9827,2212,2,225125,A98,2026-05-29
9828,2413,2,225125,W78,2026-05-30
9829,4920,3,225125,K86,2026-02-18
9830,2034,9,322230,A98,2026-04-30
9831,1747,7,223208,D83,2026-02-23
9832,3121,7,223208,D83,2026-05-31
9833,609,3,225125,T90,2026-06-28
9834,3625,7,223208,D83,2026-06-02
9835,3344,2,225125,A93,2026-05-19
9836,4973,8,322230,A98,2026-05-10
9837,693,4,223505,A98,2026-05-19
9838,2474,6,223208,D83,2026-04-03
9839,166,7,223208,D83,2026-04-23
9840,3993,1,225125,T90,2026-01-13
9841,538,6,223208,D83,2026-04-25
9842,4782,4,223505,T90,2026-05-09
9843,457,5,223505,T90,2026-05-31
9844,3647,2,225125,X86,2026-01-10
9845,2231,5,223505,X86,2026-02-08
9846,1066,1,225125,K86,2026-04-14
9847,4026,9,322230,A98,2026-05-14
9848,2659,1,225125,A98,2026-04-03
9849,4108,7,223208,D83,2026-05-19
9850,1355,2,225125,K86,2026-02-19
9851,2175,1,225125,A98,2026-03-05
9852,2256,6,223208,D83,2026-03-29
9853,175,3,225125,K86,2026-01-13
9854,108,2,225125,A98,2026-06-10
9855,4911,5,223505,K86,2026-01-27
9856,173,2,225125,X86,2026-06-13
9857,481,8,322230,A98,2026-02-03
9858,2604,7,223208,D83,2026-06-12
9859,4272,6,223208,D83,2026-05-22
9860,4279,2,225125,A98,2026-02-27
9861,4269,3,225125,T90,2026-04-24
9862,2304,9,322230,A98,2026-03-15
9863,3245,9,322230,A98,2026-01-29
9864,3472,6,223208,D83,2026-04-15
9865,1591,9,322230,A98,2026-05-10
9866,4764,2,225125,A98,2026-05-14
9867,4138,3,225125,A98,2026-01-30
9868,2144,1,225125,K86,2026-01-26
9869,3707,1,225125,A98,2026-06-25
9870,2930,7,223208,D83,2026-05-01
9871,4420,2,225125,A93,2026-02-17
9872,224,1,225125,K86,2026-04-07
9873,4275,5,223505,A93,2026-01-31
9874,1284,5,223505,A98,2026-05-09
9875,2912,1,225125,A98,2026-06-25
9876,165,7,223208,D83,2026-01-17
9877,4959,6,223208,D83,2026-06-21
9878,3698,3,225125,T90,2026-06-23
9879,1796,1,225125,A98,2026-06-26
9880,993,6,223208,D83,2026-04-10
9881,4970,4,223505,X86,2026-02-02
9882,2286,1,225125,A98,2026-06-09
9883,2877,3,225125,A98,2026-06-21
9884,75,5,223505,X86,2026-04-30
9885,1854,1,225125,X86,2026-01-23
9886,4132,1,225125,K86,2026-01-17
9887,2999,2,225125,K86,2026-05-08
9888,3574,5,223505,X86,2026-04-07
9889,1552,2,225125,A98,2026-05-22
9890,818,7,223208,D83,2026-04-16
9891,4536,9,322230,A98,2026-05-10
9892,4214,9,322230,A98,2026-04-06
9893,3833,9,322230,A98,2026-02-08
9894,3235,7,223208,D83,2026-03-27
9895,3536,7,223208,D83,2026-03-15
9896,3765,2,225125,W78,2026-01-12
9897,4414,2,225125,A98,2026-02-01
9898,186,1,225125,K86,2026-02-04
9899,2499,6,223208,D83,2026-02-10
9900,3959,1,225125,A98,2026-03-06
9901,3584,1,225125,A98,2026-03-27
9902,400,8,322230,A98,2026-05-26
9903,973,6,223208,D83,2026-04-15
9904,3571,9,322230,A98,2026-04-26
9905,3169,6,223208,D83,2026-03-22
9906,3017,7,223208,D83,2026-02-10
9907,4630,1,225125,T90,2026-02-05
9908,3154,6,223208,D83,2026-03-23
9909,4859,2,225125,A98,2026-03-11
9910,638,9,322230,A98,2026-02-28
9911,2975,3,225125,K86,2026-04-03
9912,1246,9,322230,A98,2026-06-02
9913,3187,1,225125,T90,2026-04-08
9914,2687,2,225125,A93,2026-06-04
9915,2655,2,225125,A98,2026-03-08
9916,1720,3,225125,A98,2026-02-01
9917,4452,2,225125,A98,2026-02-21
9918,232,7,223208,D83,2026-04-30
9919,4644,2,225125,T90,2026-05-09
9920,382,3,225125,K86,2026-03-03
9921,1372,2,225125,T90,2026-01-22
9922,3366,1,225125,A98,2026-02-07
9923,2959,3,225125,A93,2026-04-09
9924,218,6,223208,D83,2026-05-14
9925,1268,9,322230,A98,2026-04-01
9926,3964,6,223208,D83,2026-06-22
9927,4131,1,225125,A98,2026-02-22
9928,2558,2,225125,A93,2026-03-08
9929,814,5,223505,T90,2026-05-30
9930,23,1,225125,T90,2026-03-26
9931,1438,2,225125,W78,2026-03-14
9932,1598,5,223505,A98,2026-01-08
9933,2826,3,225125,T90,2026-01-17
9934,51,3,225125,T90,2026-05-03
9935,1514,2,225125,A93,2026-01-24
9936,2790,7,223208,D83,2026-03-01
9937,4457,2,225125,A93,2026-05-10
9938,2711,1,225125,A93,2026-03-30
9939,4547,2,225125,W78,2026-03-11
9940,2627,1,225125,X86,2026-04-19
9941,4799,1,225125,K86,2026-06-29
9942,1082,3,225125,W78,2026-05-24
9943,202,1,225125,K86,2026-02-19
9944,4710,9,322230,A98,2026-05-06
9945,883,4,223505,K86,2026-01-20
9946,4212,5,223505,A98,2026-01-15
9947,3463,6,223208,D83,2026-05-12
9948,4197,4,223505,A93,2026-05-08
9949,2460,2,225125,K86,2026-03-08
9950,3557,8,322230,A98,2026-01-03
9951,312,9,322230,A98,2026-04-10
9952,2780,4,223505,A98,2026-05-23
9953,2516,3,225125,A93,2026-02-21
9954,2482,1,225125,T90,2026-03-03
9955,1637,2,225125,X86,2026-06-01
9956,3410,6,223208,D83,2026-01-29
9957,2623,3,225125,A98,2026-02-22
9958,4796,3,225125,K86,2026-02-25
9959,1620,3,225125,X86,2026-02-28
9960,3789,8,322230,A98,2026-02-13
9961,4360,5,223505,A98,2026-01-20
9962,1579,9,322230,A98,2026-05-14
9963,1817,1,225125,K86,2026-06-19
9964,4376,7,223208,D83,2026-04-10
9965,2900,4,223505,A93,2026-01-25
9966,868,3,225125,T90,2026-02-15
9967,4850,8,322230,A98,2026-02-03
9968,15,9,322230,A98,2026-03-25
9969,4455,2,225125,A98,2026-03-29
9970,4622,2,225125,X86,2026-06-15
9971,3106,2,225125,W78,2026-03-04
9972,3715,2,225125,A93,2026-04-08
9973,251,2,225125,X86,2026-03-15
9974,3247,6,223208,D83,2026-01-04
9975,3246,3,225125,A98,2026-04-07
9976,4479,6,223208,D83,2026-03-25
9977,2308,2,225125,A98,2026-03-10
9978,1891,6,223208,D83,2026-05-31
9979,3318,5,223505,X86,2026-02-13
9980,1855,7,223208,D83,2026-04-29
9981,494,1,225125,W78,2026-02-09
9982,619,1,225125,T90,2026-03-12
9983,4365,1,225125,K86,2026-06-09
9984,2982,6,223208,D83,2026-02-06
9985,1585,5,223505,A93,2026-02-17
9986,1612,5,223505,A98,2026-04-05
9987,115,9,322230,A98,2026-05-26
9988,4147,2,225125,A98,2026-03-30
9989,1631,1,225125,K86,2026-03-08
9990,750,8,322230,A98,2026-01-02
9991,2954,2,225125,A98,2026-05-19
9992,2195,1,225125,A98,2026-02-13
9993,1623,7,223208,D83,2026-06-04
9994,4925,9,322230,A98,2026-04-13
9995,4130,6,223208,D83,2026-01-21
9996,4282,9,322230,A98,2026-02-11
9997,4689,1,225125,A93,2026-05-20
9998,2602,1,225125,T90,2026-05-06
9999,837,7,223208,D83,2026-03-21
10000,4442,2,225125,T90,2026-04-17
10001,2304,1,225125,A98,2026-05-19
10002,814,9,322230,A98,2026-04-25
10003,1076,1,225125,W78,2026-05-19
10004,3071,2,225125,K86,2026-04-28
10005,3184,6,223208,D83,2026-02-16
10006,3842,4,223505,A98,2026-02-01
10007,1111,3,225125,A93,2026-01-21
10008,1934,9,322230,A98,2026-01-04
10009,3625,1,225125,X86,2026-04-03
10010,1137,6,223208,D83,2026-04-22
10011,79,3,225125,A98,2026-04-25
10012,4245,8,322230,A98,2026-02-05
10013,4735,5,223505,A98,2026-02-08
10014,2976,4,223505,A98,2026-04-24
10015,1222,1,225125,W78,2026-03-03
10016,1863,1,225125,A98,2026-06-15
10017,2781,1,225125,K86,2026-02-06
10018,1201,4,223505,X86,2026-04-30
10019,251,6,223208,D83,2026-02-18
10020,3211,1,225125,T90,2026-01-01
10021,1937,2,225125,X86,2026-05-22
10022,2105,2,225125,A93,2026-01-16
10023,3460,6,223208,D83,2026-04-03
10024,978,8,322230,A98,2026-04-10
10025,2096,9,322230,A98,2026-02-27
10026,2012,2,225125,T90,2026-06-10
10027,870,5,223505,W78,2026-01-30
10028,2376,7,223208,D83,2026-04-28
10029,3862,1,225125,W78,2026-04-10
10030,153,6,223208,D83,2026-05-03
10031,3262,6,223208,D83,2026-02-02
10032,1819,5,223505,A93,2026-03-29
10033,3826,8,322230,A98,2026-06-01
10034,2801,1,225125,K86,2026-01-24
10035,3818,6,223208,D83,2026-04-13
10036,4679,2,225125,X86,2026-03-28
10037,2055,9,322230,A98,2026-05-20
10038,3308,9,322230,A98,2026-02-02
10039,2713,9,322230,A98,2026-05-29
10040,2151,1,225125,A98,2026-03-09
10041,3461,4,223505,A98,2026-03-19
10042,126,5,223505,K86,2026-05-19
10043,2664,2,225125,A93,2026-03-31
10044,2965,2,225125,A98,2026-02-18
10045,831,3,225125,T90,2026-05-07
10046,944,7,223208,D83,2026-01-27
10047,2360,4,223505,A93,2026-01-12
10048,3112,2,225125,K86,2026-06-21
10049,3025,8,322230,A98,2026-05-06
10050,2936,2,225125,A98,2026-03-22
10051,1445,7,223208,D83,2026-02-14
10052,2326,7,223208,D83,2026-03-11
10053,2436,5,223505,T90,2026-05-26
10054,2692,1,225125,K86,2026-03-29
10055,212,4,223505,A98,2026-04-04
10056,4284,8,322230,A98,2026-02-08
10057,3145,9,322230,A98,2026-02-28
10058,4281,7,223208,D83,2026-04-03
10059,38,1,225125,A93,2026-01-15
10060,629,2,225125,A98,2026-06-27
10061,1740,6,223208,D83,2026-05-27
10062,515,2,225125,A98,2026-01-25
10063,673,8,322230,A98,2026-03-15
10064,463,7,223208,D83,2026-02-26
10065,82,9,322230,A98,2026-03-05
10066,2396,5,223505,A98,2026-01-22
10067,1570,6,223208,D83,2026-06-23
10068,4745,6,223208,D83,2026-03-01
10069,2028,1,225125,K86,2026-02-08
10070,4593,4,223505,T90,2026-02-14
10071,2113,2,225125,T90,2026-01-03
10072,356,5,223505,K86,2026-03-28
10073,3945,4,223505,X86,2026-01-06
10074,4564,3,225125,W78,2026-03-19
10075,52,1,225125,T90,2026-05-23
10076,3515,7,223208,D83,2026-04-14
10077,1153,1,225125,A98,2026-01-01
10078,3852,4,223505,A98,2026-04-15
10079,3952,1,225125,K86,2026-06-27
10080,75,1,225125,K86,2026-03-18
10081,2173,1,225125,A93,2026-04-26
10082,2222,4,223505,A93,2026-01-11
10083,40,2,225125,A98,2026-02-28
10084,2996,5,223505,A98,2026-01-30
10085,3606,1,225125,T90,2026-05-13
10086,1546,7,223208,D83,2026-02-20
10087,2418,2,225125,K86,2026-06-17
10088,4879,3,225125,A98,2026-05-04
10089,2446,1,225125,A98,2026-01-01
10090,2668,8,322230,A98,2026-01-04
10091,1635,2,225125,A98,2026-05-21
10092,794,2,225125,T90,2026-06-07
10093,2173,1,225125,A98,2026-04-26
10094,2589,4,223505,A98,2026-04-24
10095,4559,3,225125,A93,2026-06-13
10096,724,7,223208,D83,2026-05-15
10097,3143,2,225125,K86,2026-02-02
10098,4435,1,225125,X86,2026-05-09
10099,4870,8,322230,A98,2026-03-27
10100,1054,5,223505,A98,2026-02-18
10101,1005,9,322230,A98,2026-03-21
10102,1447,8,322230,A98,2026-03-07
10103,1781,1,225125,A98,2026-04-20
10104,3190,6,223208,D83,2026-05-22
10105,2466,9,322230,A98,2026-06-27
10106,216,2,225125,A98,2026-02-16
10107,2202,3,225125,A93,2026-04-29
10108,2780,2,225125,T90,2026-03-08
10109,3493,3,225125,K86,2026-05-30
10110,3700,7,223208,D83,2026-05-09
10111,3911,8,322230,A98,2026-05-12
10112,2900,5,223505,A98,2026-01-26
10113,383,8,322230,A98,2026-06-13
10114,550,7,223208,D83,2026-06-03
10115,2302,7,223208,D83,2026-01-23
10116,3239,8,322230,A98,2026-05-03
10117,4409,2,225125,A98,2026-01-03
10118,4920,3,225125,K86,2026-03-11
10119,3001,4,223505,T90,2026-03-16
10120,4307,2,225125,K86,2026-02-12
10121,3203,3,225125,A98,2026-01-25
10122,2587,9,322230,A98,2026-05-11
10123,4470,2,225125,K86,2026-05-20
10124,309,2,225125,T90,2026-05-13
10125,1766,5,223505,A98,2026-06-16
10126,2957,1,225125,A98,2026-01-08
10127,3947,1,225125,T90,2026-03-17
10128,1730,8,322230,A98,2026-06-09
10129,1116,4,223505,T90,2026-04-07
10130,4907,8,322230,A98,2026-04-08
10131,4469,1,225125,K86,2026-06-02
10132,4942,5,223505,T90,2026-03-16
10133,4542,5,223505,A93,2026-03-12
10134,3009,7,223208,D83,2026-03-04
10135,3640,1,225125,A93,2026-05-19
10136,328,9,322230,A98,2026-06-19
10137,4184,7,223208,D83,2026-01-04
10138,3725,8,322230,A98,2026-05-17
10139,825,3,225125,K86,2026-06-19
10140,1857,2,225125,A98,2026-02-21
10141,1162,2,225125,A98,2026-03-25
10142,1101,6,223208,D83,2026-06-17
10143,1429,9,322230,A98,2026-03-10
10144,1648,1,225125,T90,2026-02-17
10145,2275,9,322230,A98,2026-01-12
10146,3277,4,223505,A98,2026-02-12
10147,4282,7,223208,D83,2026-05-13
10148,558,7,223208,D83,2026-01-21
10149,4150,6,223208,D83,2026-06-10
10150,4588,2,225125,W78,2026-03-30
10151,4637,2,225125,A98,2026-01-11
10152,1582,3,225125,A93,2026-05-30
10153,4633,5,223505,W78,2026-05-19
10154,4698,9,322230,A98,2026-01-14
10155,315,6,223208,D83,2026-02-04
10156,2378,1,225125,A98,2026-03-01
10157,470,8,322230,A98,2026-06-15
10158,4083,3,225125,A98,2026-04-27
10159,2220,2,225125,K86,2026-01-21
10160,3787,2,225125,A98,2026-05-01
10161,4379,8,322230,A98,2026-03-10
10162,1888,2,225125,T90,2026-03-27
10163,935,8,322230,A98,2026-04-08
10164,413,3,225125,X86,2026-04-17
10165,4156,1,225125,A98,2026-01-21
10166,3666,9,322230,A98,2026-03-11
10167,3530,1,225125,K86,2026-02-28
10168,2994,3,225125,X86,2026-02-10
10169,3253,1,225125,A98,2026-02-08
10170,2020,9,322230,A98,2026-01-04
10171,1555,1,225125,K86,2026-06-29
10172,3737,2,225125,K86,2026-04-15
10173,3016,4,223505,T90,2026-02-23
10174,813,2,225125,A98,2026-05-14
10175,4537,3,225125,A93,2026-04-23
10176,671,8,322230,A98,2026-02-11
10177,873,6,223208,D83,2026-03-26
10178,337,4,223505,K86,2026-03-26
10179,2201,2,225125,A98,2026-01-11
10180,4056,9,322230,A98,2026-06-13
10181,3316,7,223208,D83,2026-03-16
10182,3726,1,225125,K86,2026-06-20
10183,2635,9,322230,A98,2026-05-24
10184,3482,1,225125,T90,2026-05-27
10185,3177,4,223505,X86,2026-02-16
10186,443,7,223208,D83,2026-03-23
10187,949,2,225125,A98,2026-01-04
10188,4937,6,223208,D83,2026-01-08
10189,4356,4,223505,A98,2026-02-09
10190,893,6,223208,D83,2026-02-08
10191,3361,1,225125,A98,2026-06-03
10192,2137,9,322230,A98,2026-04-07
10193,1621,9,322230,A98,2026-03-14
10194,1071,7,223208,D83,2026-06-09
10195,1284,1,225125,A93,2026-01-02
10196,3301,1,225125,X86,2026-05-29
10197,1903,4,223505,X86,2026-02-12
10198,693,3,225125,X86,2026-06-07
10199,3383,2,225125,A98,2026-06-27
10200,1837,4,223505,A98,2026-04-09
10201,2382,4,223505,W78,2026-01-07
10202,4008,6,223208,D83,2026-03-30
10203,2375,1,225125,K86,2026-04-21
10204,976,4,223505,T90,2026-01-30
10205,2865,4,223505,X86,2026-02-06
10206,3925,6,223208,D83,2026-02-02
10207,1163,4,223505,K86,2026-02-23
10208,4484,1,225125,X86,2026-05-23
10209,4037,4,223505,T90,2026-05-19
10210,1991,7,223208,D83,2026-01-28
10211,3994,8,322230,A98,2026-02-06
10212,2833,7,223208,D83,2026-05-06
10213,2302,8,322230,A98,2026-04-09
10214,4931,9,322230,A98,2026-05-02
10215,2908,8,322230,A98,2026-01-29
10216,1195,4,223505,K86,2026-02-13
10217,2543,5,223505,A98,2026-06-11
10218,343,6,223208,D83,2026-03-25
10219,1322,6,223208,D83,2026-01-06
10220,4703,8,322230,A98,2026-02-09
10221,3194,2,225125,A98,2026-03-16
10222,2743,2,225125,A98,2026-04-01
10223,1863,9,322230,A98,2026-01-27
10224,2531,5,223505,K86,2026-03-23
10225,4532,5,223505,K86,2026-02-15
10226,4901,3,225125,K86,2026-01-30
10227,981,1,225125,T90,2026-06-08
10228,4723,3,225125,T90,2026-01-24
10229,3125,2,225125,T90,2026-02-10
10230,4715,4,223505,A98,2026-02-23
10231,2225,1,225125,W78,2026-03-31
10232,3896,4,223505,A98,2026-05-31
10233,260,2,225125,W78,2026-05-27
10234,968,3,225125,K86,2026-05-14
10235,4689,3,225125,A93,2026-06-29
10236,1371,3,225125,A98,2026-02-07
10237,4626,7,223208,D83,2026-06-29
10238,3719,6,223208,D83,2026-03-28
10239,1164,6,223208,D83,2026-02-19
10240,2263,7,223208,D83,2026-03-30
10241,4562,4,223505,X86,2026-06-15
10242,2196,6,223208,D83,2026-01-31
10243,331,2,225125,W78,2026-05-26
10244,4080,1,225125,X86,2026-03-27
10245,2484,1,225125,A98,2026-04-12
10246,3677,6,223208,D83,2026-05-18
10247,2751,7,223208,D83,2026-06-08
10248,4213,2,225125,K86,2026-04-04
10249,4892,3,225125,T90,2026-03-25
10250,2742,5,223505,T90,2026-02-03
10251,3836,6,223208,D83,2026-04-23
10252,834,9,322230,A98,2026-06-23
10253,4800,6,223208,D83,2026-02-14
10254,2817,6,223208,D83,2026-04-18
10255,4224,2,225125,A98,2026-03-24
10256,2612,2,225125,A93,2026-01-17
10257,4195,9,322230,A98,2026-03-08
10258,2569,9,322230,A98,2026-02-01
10259,4763,4,223505,K86,2026-02-02
10260,3263,1,225125,X86,2026-05-13
10261,3781,9,322230,A98,2026-02-16
10262,3029,2,225125,T90,2026-02-04
10263,2730,2,225125,X86,2026-06-02
10264,94,2,225125,T90,2026-06-20
10265,279,9,322230,A98,2026-02-15
10266,1946,9,322230,A98,2026-02-18
10267,1385,4,223505,K86,2026-03-25
10268,3329,4,223505,T90,2026-06-27
10269,3870,5,223505,W78,2026-03-26
10270,595,1,225125,A98,2026-06-18
10271,3900,2,225125,A98,2026-03-15
10272,3856,4,223505,A98,2026-05-28
10273,892,2,225125,A93,2026-05-06
10274,2872,2,225125,X86,2026-01-19
10275,978,7,223208,D83,2026-02-17
10276,823,6,223208,D83,2026-04-16
10277,2828,9,322230,A98,2026-05-06
10278,2345,9,322230,A98,2026-01-20
10279,4401,1,225125,A98,2026-06-03
10280,2965,1,225125,A98,2026-04-08
10281,739,9,322230,A98,2026-06-07
10282,4499,4,223505,A98,2026-02-09
10283,538,9,322230,A98,2026-04-04
10284,1106,5,223505,K86,2026-03-02
10285,3510,2,225125,K86,2026-05-24
10286,1103,3,225125,A98,2026-05-06
10287,102,7,223208,D83,2026-06-26
10288,3586,4,223505,A98,2026-01-20
10289,3163,2,225125,A98,2026-04-25
10290,2104,2,225125,A98,2026-03-15
10291,2435,6,223208,D83,2026-06-16
10292,1767,7,223208,D83,2026-06-06
10293,4390,3,225125,A98,2026-03-11
10294,2483,3,225125,K86,2026-04-12
10295,3391,2,225125,A98,2026-03-14
10296,2369,3,225125,K86,2026-01-18
10297,2842,3,225125,W78,2026-01-18
10298,4643,4,223505,X86,2026-04-13
10299,2231,5,223505,A93,2026-05-03
10300,4857,9,322230,A98,2026-03-31
10301,636,5,223505,A98,2026-05-01
10302,2614,9,322230,A98,2026-05-02
10303,3924,7,223208,D83,2026-02-02
10304,2283,5,223505,A98,2026-02-06
10305,3909,2,225125,T90,2026-02-22
10306,3906,9,322230,A98,2026-03-10
10307,4719,1,225125,A98,2026-03-08
10308,673,2,225125,A93,2026-04-27
10309,1989,6,223208,D83,2026-03-14
10310,4718,9,322230,A98,2026-03-20
10311,2884,6,223208,D83,2026-03-25
10312,3984,3,225125,A98,2026-05-23
10313,1362,7,223208,D83,2026-01-26
10314,1237,2,225125,X86,2026-02-20
10315,511,1,225125,A98,2026-01-21
10316,3291,2,225125,X86,2026-05-24
10317,3504,8,322230,A98,2026-05-24
10318,4652,9,322230,A98,2026-01-24
10319,3144,3,225125,K86,2026-02-13
10320,2439,4,223505,X86,2026-05-23
10321,1790,7,223208,D83,2026-01-26
10322,1554,9,322230,A98,2026-03-03
10323,2398,1,225125,K86,2026-04-13
10324,3417,3,225125,T90,2026-01-25
10325,552,4,223505,A93,2026-03-30
10326,3875,6,223208,D83,2026-05-29
10327,3026,4,223505,A98,2026-02-25
10328,4366,3,225125,W78,2026-03-15
10329,3411,4,223505,K86,2026-02-13
10330,188,1,225125,X86,2026-06-12
10331,2757,9,322230,A98,2026-03-13
10332,3593,9,322230,A98,2026-02-22
10333,1181,1,225125,A93,2026-02-13
10334,3426,5,223505,A93,2026-06-25
10335,695,2,225125,T90,2026-06-05
10336,2456,4,223505,W78,2026-05-06
10337,136,5,223505,A98,2026-06-16
10338,573,3,225125,K86,2026-06-28
10339,794,8,322230,A98,2026-02-15
10340,1258,8,322230,A98,2026-01-08
10341,1469,2,225125,T90,2026-04-07
10342,4147,4,223505,A98,2026-04-17
10343,4228,9,322230,A98,2026-03-07
10344,889,3,225125,X86,2026-04-30
10345,4330,1,225125,T90,2026-04-06
10346,4881,7,223208,D83,2026-05-06
10347,3552,1,225125,K86,2026-03-09
10348,4694,5,223505,A98,2026-03-20
10349,4426,7,223208,D83,2026-06-17
10350,1493,3,225125,X86,2026-05-25
10351,1289,9,322230,A98,2026-01-19
10352,4207,2,225125,A98,2026-06-20
10353,4322,6,223208,D83,2026-06-24
10354,1041,1,225125,K86,2026-01-05
10355,2605,1,225125,K86,2026-05-24
10356,4127,6,223208,D83,2026-06-04
10357,2373,9,322230,A98,2026-05-31
10358,3619,7,223208,D83,2026-02-17
10359,497,4,223505,K86,2026-04-17
10360,1481,9,322230,A98,2026-02-28
10361,4360,1,225125,A98,2026-06-04
10362,2698,3,225125,W78,2026-01-30
10363,2573,7,223208,D83,2026-01-06
10364,4252,1,225125,A98,2026-01-07
10365,2742,6,223208,D83,2026-04-08
10366,2893,2,225125,A93,2026-03-23
10367,4785,2,225125,T90,2026-01-10
10368,2635,2,225125,A98,2026-06-17
10369,484,1,225125,A98,2026-02-24
10370,107,6,223208,D83,2026-02-04
10371,1432,5,223505,X86,2026-05-23
10372,4837,3,225125,A93,2026-04-24
10373,97,5,223505,X86,2026-01-14
10374,1948,9,322230,A98,2026-05-15
10375,2010,4,223505,T90,2026-05-09
10376,1428,6,223208,D83,2026-03-14
10377,532,7,223208,D83,2026-01-06
10378,3281,2,225125,K86,2026-05-02
10379,913,1,225125,T90,2026-03-09
10380,2706,1,225125,A98,2026-02-08
10381,4020,1,225125,T90,2026-01-25
10382,2585,4,223505,K86,2026-03-21
10383,701,5,223505,K86,2026-05-01
10384,3666,3,225125,W78,2026-05-20
10385,1757,2,225125,K86,2026-03-01
10386,3256,7,223208,D83,2026-03-18
10387,2818,7,223208,D83,2026-06-29
10388,714,5,223505,A98,2026-05-03
10389,1846,6,223208,D83,2026-03-25
10390,3855,1,225125,X86,2026-03-26
10391,691,2,225125,X86,2026-02-15
10392,4031,1,225125,A98,2026-06-16
10393,2188,7,223208,D83,2026-06-22
10394,481,8,322230,A98,2026-03-10
10395,3819,3,225125,A93,2026-02-22
10396,2112,1,225125,A98,2026-05-11
10397,3745,1,225125,T90,2026-01-28
10398,1960,1,225125,A98,2026-02-25
10399,45,9,322230,A98,2026-01-11
10400,3093,1,225125,K86,2026-03-11
10401,750,1,225125,K86,2026-01-25
10402,3132,2,225125,K86,2026-01-02
10403,3425,4,223505,K86,2026-01-01
10404,4583,9,322230,A98,2026-03-07
10405,4232,8,322230,A98,2026-05-28
10406,15,2,225125,K86,2026-05-19
10407,3036,7,223208,D83,2026-06-18
10408,4504,2,225125,K86,2026-02-11
10409,1069,4,223505,A98,2026-01-03
10410,2082,3,225125,A98,2026-03-21
10411,2165,3,225125,W78,2026-06-19
10412,225,3,225125,T90,2026-01-07
10413,770,5,223505,T90,2026-03-04
10414,4103,7,223208,D83,2026-03-16
10415,4841,1,225125,W78,2026-03-15
10416,2482,9,322230,A98,2026-01-12
10417,4065,1,225125,T90,2026-03-17
10418,701,4,223505,A98,2026-05-21
10419,55,5,223505,W78,2026-04-15
10420,4184,4,223505,A93,2026-05-14
10421,1448,8,322230,A98,2026-02-13
10422,1825,5,223505,T90,2026-04-08
10423,2664,9,322230,A98,2026-05-28
10424,3047,1,225125,X86,2026-04-11
10425,3573,8,322230,A98,2026-01-17
10426,350,1,225125,K86,2026-02-17
10427,497,9,322230,A98,2026-03-02
10428,3766,9,322230,A98,2026-02-22
10429,1603,2,225125,X86,2026-03-25
10430,2019,2,225125,T90,2026-04-20
10431,1512,1,225125,K86,2026-04-13
10432,1659,4,223505,W78,2026-01-10
10433,3113,6,223208,D83,2026-06-03
10434,434,5,223505,K86,2026-02-25
10435,3788,4,223505,A98,2026-06-22
10436,2369,1,225125,A98,2026-03-02
10437,4732,6,223208,D83,2026-02-22
10438,2048,5,223505,K86,2026-05-16
10439,4838,3,225125,A98,2026-06-08
10440,1898,1,225125,K86,2026-04-06
10441,3690,3,225125,W78,2026-03-16
10442,1875,3,225125,A93,2026-06-29
10443,620,3,225125,A98,2026-01-12
10444,4094,1,225125,A98,2026-05-11
10445,3076,2,225125,K86,2026-02-10
10446,3263,2,225125,W78,2026-04-05
10447,894,2,225125,A98,2026-04-06
10448,309,5,223505,X86,2026-04-29
10449,378,8,322230,A98,2026-02-27
10450,4891,5,223505,K86,2026-01-27
10451,4012,1,225125,W78,2026-05-25
10452,3079,9,322230,A98,2026-06-24
10453,2748,8,322230,A98,2026-05-24
10454,4752,1,225125,X86,2026-06-07
10455,4980,1,225125,T90,2026-02-16
10456,774,9,322230,A98,2026-05-06
10457,972,5,223505,K86,2026-06-10
10458,3680,3,225125,K86,2026-03-15
10459,1982,8,322230,A98,2026-04-30
10460,1546,9,322230,A98,2026-01-28
10461,69,4,223505,W78,2026-03-24
10462,2433,2,225125,A98,2026-03-03
10463,2319,4,223505,A93,2026-05-03
10464,4806,2,225125,W78,2026-06-05
10465,2391,5,223505,X86,2026-06-10
10466,542,2,225125,K86,2026-03-07
10467,4765,1,225125,X86,2026-02-25
10468,2788,5,223505,T90,2026-03-17
10469,672,2,225125,W78,2026-02-28
10470,4142,3,225125,A98,2026-01-02
10471,3907,5,223505,K86,2026-05-25
10472,3260,8,322230,A98,2026-02-24
10473,3724,8,322230,A98,2026-02-06
10474,4183,1,225125,A93,2026-06-07
10475,360,4,223505,A98,2026-04-20
10476,54,4,223505,K86,2026-06-20
10477,195,4,223505,A98,2026-04-05
10478,3667,6,223208,D83,2026-04-19
10479,3867,1,225125,K86,2026-04-29
10480,1252,2,225125,W78,2026-04-06
10481,4100,2,225125,X86,2026-01-10
10482,1072,3,225125,A93,2026-01-15
10483,1370,3,225125,A93,2026-02-09
10484,877,2,225125,W78,2026-03-08
10485,3656,6,223208,D83,2026-04-30
10486,1195,6,223208,D83,2026-03-18
10487,428,7,223208,D83,2026-04-16
10488,280,1,225125,W78,2026-04-18
10489,756,7,223208,D83,2026-06-16
10490,1737,4,223505,K86,2026-06-14
10491,3271,8,322230,A98,2026-04-15
10492,1834,1,225125,W78,2026-02-08
10493,675,5,223505,X86,2026-02-05
10494,450,9,322230,A98,2026-01-18
10495,3285,8,322230,A98,2026-02-02
10496,3289,5,223505,A93,2026-03-15
10497,3980,7,223208,D83,2026-01-27
10498,4252,6,223208,D83,2026-02-12
10499,1683,8,322230,A98,2026-05-14
10500,1417,3,225125,K86,2026-02-20
10501,3536,8,322230,A98,2026-01-22
10502,3471,6,223208,D83,2026-03-28
10503,79,1,225125,T90,2026-03-12
10504,2374,6,223208,D83,2026-02-17
10505,1705,3,225125,T90,2026-02-25
10506,1824,8,322230,A98,2026-04-25
10507,358,2,225125,A98,2026-05-07
10508,1122,9,322230,A98,2026-02-11
10509,330,3,225125,X86,2026-05-30
10510,3131,7,223208,D83,2026-03-16
10511,3249,2,225125,K86,2026-06-22
10512,1471,8,322230,A98,2026-01-13
10513,3468,8,322230,A98,2026-01-15
10514,2452,2,225125,K86,2026-02-12
10515,4517,6,223208,D83,2026-05-09
10516,3274,4,223505,W78,2026-05-05
10517,3059,4,223505,K86,2026-04-25
10518,3854,1,225125,A98,2026-05-03
10519,4065,7,223208,D83,2026-05-21
10520,2408,9,322230,A98,2026-05-11
10521,2606,9,322230,A98,2026-05-20
10522,2599,3,225125,A98,2026-04-28
10523,4710,4,223505,X86,2026-05-02
10524,3503,2,225125,A98,2026-02-24
10525,4351,1,225125,A93,2026-06-26
10526,3453,9,322230,A98,2026-01-21
10527,2578,3,225125,K86,2026-04-17
10528,3790,6,223208,D83,2026-02-19
10529,1993,1,225125,A98,2026-03-18
10530,3467,9,322230,A98,2026-02-14
10531,1792,8,322230,A98,2026-05-14
10532,2429,8,322230,A98,2026-06-23
10533,2197,3,225125,A98,2026-05-13
10534,1717,6,223208,D83,2026-01-04
10535,2804,3,225125,K86,2026-01-23
10536,1029,5,223505,A98,2026-05-15
10537,988,2,225125,T90,2026-04-29
10538,4601,8,322230,A98,2026-05-05
10539,4743,4,223505,K86,2026-02-05
10540,1602,1,225125,A98,2026-06-27
10541,2725,1,225125,K86,2026-06-05
10542,1699,8,322230,A98,2026-06-19
10543,2950,2,225125,K86,2026-03-02
10544,1755,7,223208,D83,2026-02-14
10545,2903,2,225125,A93,2026-05-15
10546,2841,1,225125,A98,2026-05-28
10547,615,2,225125,A98,2026-01-29
10548,190,6,223208,D83,2026-03-19
10549,2381,4,223505,A98,2026-05-10
10550,4277,5,223505,A93,2026-06-10
10551,1933,4,223505,T90,2026-02-25
10552,4033,9,322230,A98,2026-01-07
10553,3360,4,223505,A98,2026-03-31
10554,1900,3,225125,A98,2026-01-12
10555,1144,8,322230,A98,2026-06-14
10556,4645,1,225125,T90,2026-04-27
10557,2745,1,225125,A98,2026-03-05
10558,4723,8,322230,A98,2026-04-28
10559,3029,5,223505,A93,2026-02-06
10560,668,6,223208,D83,2026-02-26
10561,1128,1,225125,K86,2026-06-12
10562,1970,1,225125,A98,2026-03-23
10563,176,5,223505,A93,2026-05-28
10564,2681,1,225125,K86,2026-03-11
10565,618,4,223505,A98,2026-06-18
10566,2947,1,225125,A98,2026-05-12
10567,603,3,225125,X86,2026-04-19
10568,2410,2,225125,A98,2026-06-12
10569,1717,3,225125,K86,2026-04-09
10570,1026,1,225125,A98,2026-06-21
10571,2873,1,225125,K86,2026-03-21
10572,2389,5,223505,K86,2026-06-27
10573,3188,5,223505,A98,2026-06-05
10574,1573,2,225125,W78,2026-05-01
10575,60,1,225125,A98,2026-02-11
10576,2526,1,225125,A93,2026-04-13
10577,4781,7,223208,D83,2026-03-28
10578,1037,5,223505,A98,2026-05-11
10579,719,1,225125,W78,2026-04-20
10580,4891,4,223505,W78,2026-06-10
10581,2664,2,225125,W78,2026-02-25
10582,464,3,225125,A93,2026-03-14
10583,247,4,223505,A93,2026-05-08
10584,4354,9,322230,A98,2026-04-30
10585,4410,9,322230,A98,2026-01-02
10586,1320,8,322230,A98,2026-04-16
10587,3562,2,225125,X86,2026-04-22
10588,58,7,223208,D83,2026-01-16
10589,3288,2,225125,K86,2026-06-18
10590,2695,5,223505,T90,2026-06-17
10591,1069,2,225125,A98,2026-03-19
10592,4375,5,223505,X86,2026-03-06
10593,2142,9,322230,A98,2026-04-18
10594,3752,5,223505,T90,2026-05-28
10595,3424,1,225125,K86,2026-05-20
10596,248,5,223505,W78,2026-04-14
10597,4288,2,225125,A93,2026-05-05
10598,1720,2,225125,X86,2026-04-09
10599,1380,6,223208,D83,2026-03-02
10600,1309,1,225125,X86,2026-01-02
10601,3395,8,322230,A98,2026-02-12
10602,2890,2,225125,W78,2026-06-04
10603,4420,8,322230,A98,2026-05-31
10604,978,1,225125,K86,2026-04-17
10605,522,8,322230,A98,2026-05-06
10606,2055,1,225125,T90,2026-01-12
10607,4520,2,225125,K86,2026-01-29
10608,4266,6,223208,D83,2026-03-05
10609,3561,2,225125,T90,2026-03-31
10610,2845,6,223208,D83,2026-05-27
10611,3404,2,225125,W78,2026-05-11
10612,4285,2,225125,A98,2026-04-10
10613,2441,5,223505,W78,2026-02-10
10614,1492,7,223208,D83,2026-04-22
10615,4013,9,322230,A98,2026-02-22
10616,1480,4,223505,T90,2026-05-10
10617,4601,2,225125,A98,2026-06-25
10618,3096,2,225125,K86,2026-03-24
10619,3661,7,223208,D83,2026-06-12
10620,3473,7,223208,D83,2026-02-05
10621,831,1,225125,A98,2026-03-20
10622,2873,3,225125,A93,2026-01-30
10623,591,3,225125,A93,2026-04-05
10624,583,6,223208,D83,2026-05-14
10625,373,7,223208,D83,2026-01-22
10626,3783,2,225125,K86,2026-02-16
10627,2132,9,322230,A98,2026-03-26
10628,3438,1,225125,T90,2026-01-31
10629,3486,1,225125,K86,2026-01-08
10630,2063,3,225125,A98,2026-01-28
10631,2245,9,322230,A98,2026-01-30
10632,4948,4,223505,K86,2026-04-15
10633,3016,9,322230,A98,2026-01-09
10634,4942,7,223208,D83,2026-05-01
10635,1674,2,225125,W78,2026-06-07
10636,2775,2,225125,K86,2026-05-11
10637,2986,5,223505,K86,2026-01-10
10638,2820,2,225125,A93,2026-05-02
10639,3521,4,223505,A98,2026-05-19
10640,3360,5,223505,A93,2026-06-03
10641,4273,9,322230,A98,2026-01-06
10642,224,1,225125,K86,2026-01-04
10643,1907,5,223505,A98,2026-05-12
10644,113,6,223208,D83,2026-01-25
10645,3327,1,225125,A98,2026-01-21
10646,2383,1,225125,W78,2026-03-16
10647,980,8,322230,A98,2026-05-17
10648,1579,4,223505,A98,2026-01-03
10649,3137,7,223208,D83,2026-03-26
10650,3523,3,225125,A98,2026-04-06
10651,1684,3,225125,T90,2026-04-20
10652,719,4,223505,K86,2026-06-14
10653,3637,2,225125,W78,2026-03-14
10654,580,1,225125,K86,2026-03-22
10655,515,7,223208,D83,2026-04-21
10656,4808,1,225125,K86,2026-06-23
10657,1067,2,225125,A93,2026-03-04
10658,4186,7,223208,D83,2026-06-24
10659,2995,8,322230,A98,2026-01-14
10660,1732,1,225125,K86,2026-01-31
10661,4666,6,223208,D83,2026-05-21
10662,2390,9,322230,A98,2026-02-01
10663,2562,8,322230,A98,2026-02-05
10664,376,1,225125,K86,2026-02-25
10665,1531,5,223505,W78,2026-04-21
10666,2954,8,322230,A98,2026-04-08
10667,3460,5,223505,A98,2026-06-02
10668,4812,3,225125,A98,2026-01-19
10669,3657,7,223208,D83,2026-04-07
10670,1744,6,223208,D83,2026-06-23
10671,2920,4,223505,K86,2026-04-07
10672,2591,6,223208,D83,2026-02-10
10673,1294,4,223505,A98,2026-04-20
10674,2880,6,223208,D83,2026-05-04
10675,4778,7,223208,D83,2026-03-29
10676,3121,9,322230,A98,2026-04-21
10677,1461,3,225125,A98,2026-02-27
10678,1326,9,322230,A98,2026-05-16
10679,2117,2,225125,A98,2026-02-20
10680,3819,7,223208,D83,2026-05-19
10681,2796,6,223208,D83,2026-05-18
10682,2823,1,225125,K86,2026-05-03
10683,4831,3,225125,T90,2026-02-12
10684,943,5,223505,A98,2026-01-26
10685,3107,1,225125,A93,2026-06-07
10686,2188,2,225125,K86,2026-04-23
10687,1272,2,225125,X86,2026-03-11
10688,4382,3,225125,A98,2026-04-15
10689,4235,5,223505,T90,2026-01-10
10690,2278,1,225125,A98,2026-06-19
10691,890,3,225125,T90,2026-02-14
10692,42,1,225125,A93,2026-03-25
10693,1250,8,322230,A98,2026-03-09
10694,3191,2,225125,K86,2026-01-06
10695,372,9,322230,A98,2026-06-27
10696,4525,2,225125,A98,2026-01-05
10697,115,2,225125,K86,2026-05-03
10698,3553,1,225125,A98,2026-02-26
10699,2446,8,322230,A98,2026-06-02
10700,1286,2,225125,K86,2026-04-23
10701,4162,8,322230,A98,2026-06-14
10702,4574,6,223208,D83,2026-04-02
10703,108,2,225125,A98,2026-02-14
10704,1247,3,225125,K86,2026-03-05
10705,3867,7,223208,D83,2026-03-30
10706,1422,5,223505,W78,2026-01-22
10707,4545,8,322230,A98,2026-03-15
10708,394,5,223505,A93,2026-04-20
10709,2750,1,225125,A98,2026-02-10
10710,3179,2,225125,X86,2026-02-02
10711,2560,3,225125,T90,2026-03-15
10712,2349,1,225125,W78,2026-01-07
10713,985,8,322230,A98,2026-05-10
10714,1591,1,225125,W78,2026-01-09
10715,3912,9,322230,A98,2026-05-27
10716,3162,9,322230,A98,2026-05-02
10717,2359,8,322230,A98,2026-05-11
10718,775,5,223505,A93,2026-02-05
10719,3614,4,223505,X86,2026-06-09
10720,3238,9,322230,A98,2026-05-21
10721,4579,9,322230,A98,2026-06-13
10722,4718,4,223505,K86,2026-04-28
10723,1773,2,225125,K86,2026-05-27
10724,3611,7,223208,D83,2026-04-29
10725,947,8,322230,A98,2026-04-23
10726,3997,2,225125,X86,2026-01-09
10727,2169,3,225125,A98,2026-05-22
10728,1443,9,322230,A98,2026-05-08
10729,4921,8,322230,A98,2026-03-08
10730,921,6,223208,D83,2026-01-12
10731,1817,5,223505,T90,2026-03-21
10732,1067,2,225125,A93,2026-04-27
10733,2178,4,223505,A98,2026-04-01
10734,714,6,223208,D83,2026-02-07
10735,1291,3,225125,A98,2026-02-05
10736,660,1,225125,W78,2026-03-05
10737,4667,2,225125,K86,2026-04-06
10738,904,1,225125,W78,2026-05-13
10739,314,9,322230,A98,2026-06-08
10740,1008,5,223505,K86,2026-02-08
10741,861,3,225125,A93,2026-03-01
10742,2355,1,225125,W78,2026-05-30
10743,4823,6,223208,D83,2026-04-23
10744,404,2,225125,A98,2026-01-27
10745,4116,3,225125,K86,2026-06-11
10746,471,2,225125,A98,2026-02-13
10747,4731,2,225125,X86,2026-05-10
10748,1933,1,225125,A98,2026-05-01
10749,406,7,223208,D83,2026-02-21
10750,886,5,223505,X86,2026-02-04
10751,3210,3,225125,W78,2026-06-10
10752,3307,4,223505,W78,2026-01-17
10753,2631,3,225125,K86,2026-04-22
10754,2553,8,322230,A98,2026-02-28
10755,2353,2,225125,T90,2026-02-05
10756,916,7,223208,D83,2026-01-10
10757,4394,7,223208,D83,2026-05-05
10758,261,6,223208,D83,2026-03-03
10759,2796,6,223208,D83,2026-01-06
10760,1748,3,225125,A98,2026-05-12
10761,557,2,225125,X86,2026-03-04
10762,2353,4,223505,A93,2026-01-31
10763,1372,7,223208,D83,2026-05-19
10764,1925,2,225125,W78,2026-05-11
10765,154,9,322230,A98,2026-06-16
10766,1668,5,223505,W78,2026-05-19
10767,2469,9,322230,A98,2026-05-13
10768,1475,4,223505,T90,2026-02-20
10769,2683,1,225125,K86,2026-02-28
10770,4292,9,322230,A98,2026-02-20
10771,243,8,322230,A98,2026-02-08
10772,3571,2,225125,A98,2026-03-10
10773,1402,2,225125,X86,2026-04-19
10774,3289,4,223505,W78,2026-05-10
10775,1423,1,225125,X86,2026-01-06
10776,2530,3,225125,A98,2026-01-22
10777,4393,8,322230,A98,2026-03-17
10778,2877,4,223505,X86,2026-01-06
10779,1305,2,225125,K86,2026-04-30
10780,1117,3,225125,X86,2026-06-11
10781,4868,4,223505,K86,2026-05-19
10782,4240,8,322230,A98,2026-02-14
10783,3717,9,322230,A98,2026-04-27
10784,1771,1,225125,A98,2026-02-16
10785,3232,4,223505,A93,2026-05-04
10786,3992,6,223208,D83,2026-04-16
10787,179,8,322230,A98,2026-03-06
10788,342,2,225125,A93,2026-06-08
10789,3579,1,225125,A93,2026-02-06
10790,2737,7,223208,D83,2026-02-22
10791,2919,9,322230,A98,2026-01-18
10792,2887,5,223505,T90,2026-01-02
10793,533,3,225125,A98,2026-02-14
10794,522,5,223505,X86,2026-02-11
10795,4944,2,225125,A98,2026-04-03
10796,2674,5,223505,X86,2026-01-04
10797,3395,4,223505,A98,2026-06-01
10798,345,5,223505,A93,2026-04-18
10799,4828,1,225125,T90,2026-02-26
10800,1992,3,225125,A98,2026-01-05
10801,2967,2,225125,A98,2026-04-26
10802,2709,2,225125,A98,2026-06-01
10803,3016,1,225125,K86,2026-01-09
10804,3832,6,223208,D83,2026-01-31
10805,1919,5,223505,A93,2026-02-22
10806,4928,3,225125,W78,2026-05-18
10807,3125,1,225125,X86,2026-04-04
10808,2059,2,225125,X86,2026-05-12
10809,2141,9,322230,A98,2026-04-21
10810,2531,7,223208,D83,2026-06-28
10811,725,8,322230,A98,2026-01-23
10812,4434,3,225125,T90,2026-04-09
10813,4182,3,225125,K86,2026-01-25
10814,3616,5,223505,K86,2026-05-15
10815,3605,7,223208,D83,2026-02-04
10816,3138,1,225125,A93,2026-04-18
10817,4191,3,225125,A93,2026-06-04
10818,3309,5,223505,K86,2026-05-30
10819,3917,5,223505,A98,2026-02-25
10820,1454,2,225125,A98,2026-05-03
10821,3918,6,223208,D83,2026-02-06
10822,823,2,225125,K86,2026-01-21
10823,3623,9,322230,A98,2026-03-17
10824,3273,5,223505,A98,2026-06-03
10825,3979,8,322230,A98,2026-01-09
10826,3082,3,225125,X86,2026-01-22
10827,3901,4,223505,A93,2026-01-10
10828,756,1,225125,A98,2026-05-28
10829,2247,5,223505,X86,2026-02-03
10830,4954,2,225125,A98,2026-02-13
10831,3172,6,223208,D83,2026-04-13
10832,4289,2,225125,A98,2026-02-02
10833,1091,9,322230,A98,2026-05-07
10834,1588,2,225125,A98,2026-04-29
10835,2730,1,225125,T90,2026-04-15
10836,1735,4,223505,A93,2026-05-24
10837,3966,5,223505,K86,2026-03-31
10838,29,7,223208,D83,2026-03-24
10839,1562,9,322230,A98,2026-06-14
10840,1180,6,223208,D83,2026-05-31
10841,4330,2,225125,T90,2026-04-10
10842,290,2,225125,X86,2026-01-10
10843,68,5,223505,A98,2026-03-17
10844,3567,8,322230,A98,2026-05-20
10845,4956,7,223208,D83,2026-05-06
10846,237,3,225125,X86,2026-03-23
10847,3249,8,322230,A98,2026-03-14
10848,3758,5,223505,K86,2026-01-21
10849,2770,2,225125,T90,2026-04-30
10850,4056,2,225125,K86,2026-03-23
10851,1038,6,223208,D83,2026-01-28
10852,2195,5,223505,K86,2026-03-05
10853,3581,1,225125,A93,2026-02-12
10854,614,7,223208,D83,2026-04-14
10855,3951,5,223505,K86,2026-05-21
10856,3172,1,225125,T90,2026-04-05
10857,3836,1,225125,W78,2026-05-06
10858,481,7,223208,D83,2026-01-22
10859,1248,6,223208,D83,2026-04-13
10860,3161,1,225125,K86,2026-04-17
10861,4219,4,223505,A98,2026-03-31
10862,190,7,223208,D83,2026-04-03
10863,2183,6,223208,D83,2026-03-22
10864,4045,4,223505,T90,2026-03-15
10865,2111,1,225125,T90,2026-03-17
10866,1346,1,225125,X86,2026-05-07
10867,2844,8,322230,A98,2026-05-08
10868,318,2,225125,A93,2026-04-04
10869,1303,8,322230,A98,2026-06-06
10870,2426,1,225125,A98,2026-02-01
10871,432,2,225125,A98,2026-01-03
10872,3357,1,225125,A98,2026-03-07
10873,4167,1,225125,W78,2026-02-04
10874,1437,4,223505,A98,2026-05-28
10875,2830,2,225125,K86,2026-03-14
10876,984,2,225125,A98,2026-03-23
10877,1211,6,223208,D83,2026-04-04
10878,1525,2,225125,K86,2026-02-03
10879,3672,3,225125,A98,2026-01-12
10880,286,1,225125,K86,2026-01-24
10881,4503,1,225125,W78,2026-03-25
10882,415,1,225125,W78,2026-04-04
10883,3300,1,225125,K86,2026-02-11
10884,4852,5,223505,T90,2026-01-03
10885,3,6,223208,D83,2026-01-14
10886,3052,3,225125,A98,2026-04-09
10887,4272,7,223208,D83,2026-03-15
10888,1895,8,322230,A98,2026-04-30
10889,3367,1,225125,X86,2026-06-22
10890,36,3,225125,A98,2026-02-21
10891,2694,4,223505,A98,2026-02-17
10892,1436,4,223505,A98,2026-03-21
10893,627,5,223505,A93,2026-01-20
10894,3015,2,225125,A98,2026-01-17
10895,1387,6,223208,D83,2026-01-14
10896,2231,1,225125,A98,2026-04-12
10897,2558,1,225125,A93,2026-04-30
10898,1845,2,225125,K86,2026-02-26
10899,4191,2,225125,X86,2026-05-19
10900,839,6,223208,D83,2026-06-16
10901,3133,9,322230,A98,2026-05-20
10902,2388,5,223505,T90,2026-01-05
10903,4348,2,225125,K86,2026-06-29
10904,1547,3,225125,A98,2026-04-21
10905,2554,1,225125,A93,2026-02-23
10906,3321,9,322230,A98,2026-02-25
10907,2954,8,322230,A98,2026-06-03
10908,4522,1,225125,W78,2026-04-07
10909,3823,4,223505,A98,2026-06-24
10910,1693,1,225125,T90,2026-03-15
10911,6,1,225125,A98,2026-05-24
10912,2454,1,225125,A93,2026-03-16
10913,1508,2,225125,A98,2026-02-19
10914,4599,7,223208,D83,2026-03-31
10915,2151,4,223505,A98,2026-03-25
10916,781,6,223208,D83,2026-02-23
10917,4587,9,322230,A98,2026-06-03
10918,3274,1,225125,W78,2026-04-18
10919,2000,3,225125,K86,2026-06-24
10920,4495,7,223208,D83,2026-05-29
10921,1596,1,225125,A93,2026-01-31
10922,522,5,223505,X86,2026-02-10
10923,3728,7,223208,D83,2026-01-01
10924,2205,7,223208,D83,2026-03-02
10925,2261,2,225125,W78,2026-01-18
10926,1786,3,225125,K86,2026-06-12
10927,1028,1,225125,A98,2026-04-29
10928,692,5,223505,K86,2026-01-15
10929,4117,8,322230,A98,2026-04-19
10930,1892,2,225125,K86,2026-06-17
10931,2717,6,223208,D83,2026-04-29
10932,1410,1,225125,W78,2026-05-13
10933,590,6,223208,D83,2026-03-29
10934,3142,8,322230,A98,2026-02-09
10935,3387,9,322230,A98,2026-05-29
10936,4604,7,223208,D83,2026-04-26
10937,670,7,223208,D83,2026-04-03
10938,4817,1,225125,K86,2026-06-12
10939,1130,9,322230,A98,2026-03-11
10940,1797,7,223208,D83,2026-02-22
10941,2038,2,225125,W78,2026-04-18
10942,2548,2,225125,A98,2026-04-19
10943,1784,6,223208,D83,2026-05-03
10944,910,1,225125,A98,2026-04-03
10945,1255,1,225125,X86,2026-05-16
10946,4456,9,322230,A98,2026-01-18
10947,1239,5,223505,W78,2026-01-29
10948,2684,1,225125,K86,2026-04-09
10949,565,2,225125,A93,2026-04-08
10950,4796,2,225125,T90,2026-06-26
10951,1403,4,223505,A98,2026-02-18
10952,4560,2,225125,A93,2026-05-08
10953,2711,6,223208,D83,2026-06-09
10954,3701,8,322230,A98,2026-04-23
10955,2510,5,223505,A98,2026-03-25
10956,4449,2,225125,A98,2026-02-19
10957,2108,4,223505,X86,2026-05-08
10958,750,1,225125,K86,2026-03-04
10959,4806,6,223208,D83,2026-04-05
10960,157,1,225125,K86,2026-01-10
10961,4007,2,225125,A98,2026-04-08
10962,4721,9,322230,A98,2026-02-15
10963,586,5,223505,K86,2026-01-15
10964,2924,9,322230,A98,2026-06-16
10965,1283,1,225125,K86,2026-01-29
10966,429,4,223505,A93,2026-01-24
10967,206,2,225125,K86,2026-05-03
10968,3815,9,322230,A98,2026-03-10
10969,2101,6,223208,D83,2026-04-23
10970,3779,3,225125,A98,2026-04-20
10971,3497,1,225125,A98,2026-01-03
10972,3637,5,223505,A93,2026-04-18
10973,481,1,225125,A98,2026-03-31
10974,4547,5,223505,A98,2026-04-09
10975,1819,1,225125,A98,2026-06-21
10976,129,1,225125,A98,2026-04-24
10977,3284,6,223208,D83,2026-06-12
10978,706,8,322230,A98,2026-04-17
10979,3755,3,225125,K86,2026-06-03
10980,4660,4,223505,A93,2026-01-27
10981,2749,4,223505,A98,2026-02-11
10982,1812,1,225125,A93,2026-04-08
10983,1260,1,225125,K86,2026-05-22
10984,4942,2,225125,T90,2026-03-01
10985,3003,1,225125,A93,2026-06-21
10986,4962,9,322230,A98,2026-06-29
10987,3255,1,225125,K86,2026-06-17
10988,454,8,322230,A98,2026-03-25
10989,646,6,223208,D83,2026-02-18
10990,3019,4,223505,K86,2026-03-12
10991,1271,4,223505,X86,2026-01-27
10992,1076,5,223505,A98,2026-01-23
10993,4971,8,322230,A98,2026-01-17
10994,1888,9,322230,A98,2026-05-05
10995,3672,6,223208,D83,2026-04-30
10996,2,1,225125,X86,2026-06-11
10997,2810,8,322230,A98,2026-06-17
10998,1636,1,225125,A98,2026-02-27
10999,1083,2,225125,A93,2026-06-29
11000,3445,9,322230,A98,2026-01-06
11001,2517,2,225125,A98,2026-01-04
11002,4062,1,225125,K86,2026-05-08
11003,2453,5,223505,W78,2026-03-13
11004,607,1,225125,X86,2026-02-02
11005,3209,4,223505,K86,2026-06-03
11006,3338,9,322230,A98,2026-03-26
11007,2269,9,322230,A98,2026-06-20
11008,4032,6,223208,D83,2026-01-04
11009,1122,3,225125,X86,2026-02-14
11010,3962,7,223208,D83,2026-01-26
11011,3990,8,322230,A98,2026-06-25
11012,3731,9,322230,A98,2026-05-26
11013,4256,9,322230,A98,2026-03-12
11014,4398,1,225125,X86,2026-04-05
11015,3704,2,225125,A98,2026-03-13
11016,3022,8,322230,A98,2026-03-08
11017,4379,8,322230,A98,2026-03-24
11018,304,4,223505,X86,2026-04-26
11019,2007,2,225125,A98,2026-02-23
11020,2785,3,225125,K86,2026-06-17
11021,2068,6,223208,D83,2026-06-15
11022,247,9,322230,A98,2026-04-03
11023,3324,8,322230,A98,2026-02-08
11024,1192,1,225125,T90,2026-01-02
11025,1965,3,225125,T90,2026-05-01
11026,103,4,223505,A98,2026-03-01
11027,120,2,225125,A93,2026-01-06
11028,1787,9,322230,A98,2026-04-04
11029,4484,9,322230,A98,2026-05-31
11030,2119,7,223208,D83,2026-02-12
11031,4281,6,223208,D83,2026-04-17
11032,3506,1,225125,A98,2026-03-31
11033,42,3,225125,A98,2026-02-27
11034,3962,8,322230,A98,2026-04-26
11035,2242,7,223208,D83,2026-04-19
11036,3542,6,223208,D83,2026-04-29
11037,4208,6,223208,D83,2026-06-17
11038,3699,1,225125,X86,2026-06-08
11039,64,2,225125,A98,2026-06-13
11040,110,1,225125,A93,2026-04-19
11041,648,7,223208,D83,2026-06-17
11042,860,9,322230,A98,2026-02-21
11043,4630,9,322230,A98,2026-03-11
11044,1775,2,225125,X86,2026-05-20
11045,2930,2,225125,T90,2026-03-17
11046,969,5,223505,T90,2026-04-28
11047,1343,6,223208,D83,2026-04-23
11048,245,9,322230,A98,2026-03-30
11049,255,6,223208,D83,2026-02-21
11050,461,5,223505,A98,2026-01-18
11051,952,3,225125,T90,2026-05-02
11052,2400,8,322230,A98,2026-04-29
11053,1169,7,223208,D83,2026-06-03
11054,4468,7,223208,D83,2026-05-25
11055,2473,4,223505,A98,2026-05-05
11056,3625,1,225125,A98,2026-03-21
11057,313,2,225125,A98,2026-01-11
11058,3810,4,223505,A98,2026-04-10
11059,1471,8,322230,A98,2026-04-01
11060,1217,1,225125,K86,2026-01-05
11061,2826,4,223505,A98,2026-04-02
11062,58,1,225125,A98,2026-01-27
11063,1048,1,225125,A98,2026-01-15
11064,1567,2,225125,T90,2026-03-25
11065,213,1,225125,A93,2026-02-15
11066,4939,2,225125,K86,2026-03-15
11067,1756,9,322230,A98,2026-02-20
11068,878,9,322230,A98,2026-03-06
11069,1146,7,223208,D83,2026-01-30
11070,2978,6,223208,D83,2026-01-14
11071,3560,4,223505,K86,2026-05-28
11072,60,2,225125,A98,2026-03-13
11073,2700,1,225125,K86,2026-03-22
11074,3414,9,322230,A98,2026-02-19
11075,3028,5,223505,A98,2026-03-30
11076,3970,5,223505,A98,2026-05-05
11077,3451,8,322230,A98,2026-06-05
11078,678,2,225125,A98,2026-04-19
11079,3145,7,223208,D83,2026-03-25
11080,3786,1,225125,X86,2026-04-24
11081,365,6,223208,D83,2026-05-17
11082,206,2,225125,A98,2026-02-18
11083,1944,6,223208,D83,2026-02-22
11084,4483,4,223505,A98,2026-05-28
11085,3520,4,223505,W78,2026-04-20
11086,481,2,225125,K86,2026-02-20
11087,3792,1,225125,A98,2026-01-22
11088,680,6,223208,D83,2026-06-23
11089,2684,9,322230,A98,2026-05-23
11090,2712,2,225125,A98,2026-02-01
11091,158,8,322230,A98,2026-01-12
11092,1531,7,223208,D83,2026-04-27
11093,1109,4,223505,X86,2026-01-18
11094,181,9,322230,A98,2026-03-28
11095,4348,7,223208,D83,2026-01-13
11096,1966,6,223208,D83,2026-03-16
11097,980,4,223505,A98,2026-03-21
11098,3512,5,223505,W78,2026-04-12
11099,253,4,223505,A98,2026-06-13
11100,220,8,322230,A98,2026-04-02
11101,1043,5,223505,A98,2026-04-29
11102,3424,6,223208,D83,2026-02-25
11103,2055,6,223208,D83,2026-04-21
11104,141,6,223208,D83,2026-06-08
11105,132,3,225125,A98,2026-06-08
11106,3619,7,223208,D83,2026-01-16
11107,2990,1,225125,A93,2026-02-03
11108,1208,9,322230,A98,2026-04-22
11109,299,8,322230,A98,2026-03-15
11110,4032,1,225125,A93,2026-04-24
11111,4839,6,223208,D83,2026-03-13
11112,4004,4,223505,T90,2026-01-01
11113,2884,5,223505,X86,2026-03-29
11114,2424,2,225125,K86,2026-03-29
11115,1166,9,322230,A98,2026-03-04
11116,2575,1,225125,T90,2026-01-19
11117,2171,1,225125,K86,2026-04-25
11118,3266,1,225125,A98,2026-04-26
11119,3521,2,225125,A93,2026-06-04
11120,3870,1,225125,A93,2026-04-14
11121,8,2,225125,W78,2026-04-07
11122,4178,8,322230,A98,2026-04-06
11123,2931,8,322230,A98,2026-01-05
11124,4430,7,223208,D83,2026-04-04
11125,3067,1,225125,A93,2026-02-05
11126,1380,5,223505,K86,2026-01-23
11127,2921,7,223208,D83,2026-02-02
11128,3449,1,225125,K86,2026-02-23
11129,2811,1,225125,A98,2026-04-17
11130,28,1,225125,A98,2026-05-22
11131,598,3,225125,A98,2026-02-20
11132,1038,6,223208,D83,2026-02-01
11133,3668,3,225125,A98,2026-03-23
11134,3972,3,225125,K86,2026-05-13
11135,1181,7,223208,D83,2026-05-07
11136,1121,4,223505,K86,2026-02-02
11137,3619,6,223208,D83,2026-04-15
11138,4538,9,322230,A98,2026-04-26
11139,873,2,225125,A98,2026-01-17
11140,1099,9,322230,A98,2026-06-26
11141,4726,1,225125,X86,2026-04-18
11142,2190,4,223505,A93,2026-01-21
11143,1022,5,223505,A98,2026-02-15
11144,1901,8,322230,A98,2026-03-20
11145,4156,9,322230,A98,2026-04-22
11146,2890,7,223208,D83,2026-05-14
11147,4961,7,223208,D83,2026-06-26
11148,9,5,223505,A93,2026-04-23
11149,2539,2,225125,A93,2026-01-19
11150,1711,1,225125,T90,2026-06-20
11151,4428,2,225125,X86,2026-02-04
11152,2950,3,225125,A98,2026-01-04
11153,500,7,223208,D83,2026-06-26
11154,623,6,223208,D83,2026-03-23
11155,3687,2,225125,X86,2026-03-18
11156,1817,2,225125,A98,2026-03-06
11157,426,9,322230,A98,2026-04-28
11158,703,7,223208,D83,2026-03-29
11159,2543,1,225125,T90,2026-02-25
11160,2483,6,223208,D83,2026-03-21
11161,4741,7,223208,D83,2026-05-30
11162,1844,3,225125,T90,2026-03-06
11163,2733,1,225125,A98,2026-05-24
11164,1534,6,223208,D83,2026-02-04
11165,1528,7,223208,D83,2026-05-30
11166,2259,1,225125,K86,2026-05-04
11167,2000,7,223208,D83,2026-02-09
11168,3088,5,223505,K86,2026-02-08
11169,104,1,225125,A98,2026-01-13
11170,4227,1,225125,T90,2026-06-26
11171,3411,9,322230,A98,2026-06-17
11172,1314,5,223505,K86,2026-02-02
11173,2871,2,225125,A98,2026-06-19
11174,3527,7,223208,D83,2026-01-20
11175,3433,6,223208,D83,2026-05-02
11176,4778,2,225125,A93,2026-01-17
11177,1484,1,225125,X86,2026-04-01
11178,3543,3,225125,T90,2026-03-30
11179,2890,6,223208,D83,2026-03-16
11180,1372,4,223505,A93,2026-02-23
11181,493,7,223208,D83,2026-05-26
11182,2998,1,225125,X86,2026-03-14
11183,711,1,225125,A93,2026-03-28
11184,1215,3,225125,A98,2026-03-14
11185,4457,8,322230,A98,2026-01-03
11186,255,4,223505,A98,2026-05-04
11187,1137,1,225125,X86,2026-02-05
11188,1308,2,225125,A93,2026-01-09
11189,2214,8,322230,A98,2026-04-17
11190,4783,9,322230,A98,2026-02-07
11191,819,6,223208,D83,2026-04-09
11192,1604,9,322230,A98,2026-05-15
11193,2829,2,225125,A93,2026-04-23
11194,3573,1,225125,W78,2026-06-25
11195,2996,8,322230,A98,2026-06-03
11196,271,6,223208,D83,2026-06-06
11197,1167,4,223505,T90,2026-04-09
11198,3159,5,223505,A93,2026-03-26
11199,3732,7,223208,D83,2026-06-22
11200,179,5,223505,X86,2026-01-18
11201,1161,9,322230,A98,2026-06-29
11202,2247,6,223208,D83,2026-06-03
11203,1247,2,225125,X86,2026-03-23
11204,3448,3,225125,A98,2026-02-05
11205,178,4,223505,T90,2026-02-01
11206,2392,2,225125,X86,2026-05-26
11207,3385,3,225125,A93,2026-05-31
11208,28,1,225125,W78,2026-04-08
11209,2802,9,322230,A98,2026-03-12
11210,2927,5,223505,A93,2026-05-28
11211,871,5,223505,W78,2026-03-12
11212,3656,4,223505,K86,2026-02-03
11213,4980,9,322230,A98,2026-06-19
11214,84,1,225125,K86,2026-05-06
11215,2832,8,322230,A98,2026-02-27
11216,357,1,225125,A98,2026-06-20
11217,4343,2,225125,K86,2026-04-22
11218,375,2,225125,K86,2026-04-01
11219,2341,2,225125,A98,2026-05-22
11220,2978,7,223208,D83,2026-06-29
11221,3616,5,223505,X86,2026-02-14
11222,1370,3,225125,A98,2026-02-14
11223,2848,4,223505,X86,2026-05-22
11224,904,7,223208,D83,2026-06-24
11225,485,4,223505,A98,2026-01-13
11226,4382,9,322230,A98,2026-01-03
11227,2681,2,225125,A93,2026-02-12
11228,927,2,225125,K86,2026-05-26
11229,4540,1,225125,A93,2026-02-20
11230,3583,5,223505,T90,2026-01-30
11231,2658,5,223505,T90,2026-04-03
11232,3425,9,322230,A98,2026-05-04
11233,1841,3,225125,K86,2026-02-26
11234,244,6,223208,D83,2026-01-05
11235,3196,5,223505,A93,2026-05-23
11236,1302,2,225125,W78,2026-04-10
11237,3511,1,225125,A98,2026-06-16
11238,2852,9,322230,A98,2026-06-06
11239,3558,2,225125,A98,2026-03-13
11240,3787,9,322230,A98,2026-04-13
11241,981,3,225125,K86,2026-04-24
11242,4895,1,225125,X86,2026-02-25
11243,3393,9,322230,A98,2026-04-20
11244,3673,3,225125,A98,2026-06-13
11245,1434,2,225125,K86,2026-03-13
11246,4451,1,225125,A93,2026-02-13
11247,2437,9,322230,A98,2026-02-09
11248,3670,5,223505,W78,2026-03-13
11249,172,8,322230,A98,2026-04-09
11250,739,2,225125,A93,2026-03-10
11251,3902,9,322230,A98,2026-05-13
11252,1357,2,225125,A98,2026-02-01
11253,912,2,225125,A93,2026-01-01
11254,1906,1,225125,X86,2026-06-04
11255,4772,9,322230,A98,2026-04-22
11256,2649,3,225125,K86,2026-06-03
11257,4946,5,223505,T90,2026-02-06
11258,2580,4,223505,T90,2026-03-13
11259,2251,6,223208,D83,2026-01-01
11260,1592,6,223208,D83,2026-01-29
11261,1690,8,322230,A98,2026-05-04
11262,4399,9,322230,A98,2026-06-26
11263,4784,5,223505,K86,2026-02-04
11264,1480,6,223208,D83,2026-04-08
11265,4700,2,225125,T90,2026-06-14
11266,1410,4,223505,A93,2026-04-20
11267,2292,2,225125,W78,2026-04-12
11268,1933,2,225125,X86,2026-01-19
11269,3011,8,322230,A98,2026-06-09
11270,694,5,223505,A98,2026-01-04
11271,2971,2,225125,K86,2026-04-02
11272,4072,8,322230,A98,2026-03-19
11273,2493,2,225125,A98,2026-01-09
11274,1434,1,225125,A93,2026-01-14
11275,2598,2,225125,T90,2026-02-11
11276,3547,3,225125,A93,2026-01-21
11277,4778,2,225125,A98,2026-04-16
11278,4528,9,322230,A98,2026-01-17
11279,2514,5,223505,K86,2026-02-21
11280,2315,1,225125,X86,2026-03-22
11281,1589,2,225125,A98,2026-01-15
11282,215,7,223208,D83,2026-01-19
11283,395,3,225125,A98,2026-06-18
11284,560,2,225125,W78,2026-06-26
11285,512,1,225125,K86,2026-06-14
11286,1044,7,223208,D83,2026-04-20
11287,219,5,223505,T90,2026-06-20
11288,2172,1,225125,K86,2026-02-02
11289,2791,1,225125,K86,2026-06-01
11290,3625,4,223505,K86,2026-02-24
11291,661,5,223505,W78,2026-05-19
11292,2769,1,225125,X86,2026-02-10
11293,2660,1,225125,A98,2026-02-05
11294,403,2,225125,A98,2026-04-23
11295,3435,2,225125,K86,2026-06-08
11296,1872,4,223505,A98,2026-03-07
11297,2442,1,225125,A98,2026-02-18
11298,671,5,223505,A98,2026-04-13
11299,3584,9,322230,A98,2026-04-30
11300,2880,7,223208,D83,2026-02-14
11301,307,3,225125,W78,2026-05-04
11302,2728,8,322230,A98,2026-04-07
11303,2019,8,322230,A98,2026-03-20
11304,2301,7,223208,D83,2026-03-26
11305,4537,7,223208,D83,2026-03-27
11306,2389,4,223505,X86,2026-05-03
11307,474,1,225125,K86,2026-04-28
11308,2876,2,225125,A93,2026-05-29
11309,4945,6,223208,D83,2026-02-20
11310,3757,6,223208,D83,2026-03-28
11311,4994,3,225125,A98,2026-02-12
11312,3985,4,223505,X86,2026-01-08
11313,3480,6,223208,D83,2026-02-21
11314,4915,9,322230,A98,2026-06-25
11315,2469,5,223505,K86,2026-06-07
11316,4169,9,322230,A98,2026-04-19
11317,2085,7,223208,D83,2026-01-05
11318,4903,4,223505,A98,2026-04-24
11319,3984,4,223505,A93,2026-01-28
11320,67,6,223208,D83,2026-04-17
11321,594,9,322230,A98,2026-04-13
11322,3959,3,225125,X86,2026-01-31
11323,589,5,223505,A98,2026-03-06
11324,2119,5,223505,A98,2026-05-23
11325,2360,3,225125,W78,2026-02-06
11326,4866,4,223505,W78,2026-05-31
11327,575,2,225125,X86,2026-01-03
11328,4857,4,223505,A93,2026-03-02
11329,517,9,322230,A98,2026-03-18
11330,787,5,223505,K86,2026-03-10
11331,3278,5,223505,K86,2026-01-22
11332,4086,8,322230,A98,2026-04-11
11333,647,4,223505,K86,2026-06-14
11334,991,9,322230,A98,2026-05-19
11335,2302,8,322230,A98,2026-04-21
11336,1470,3,225125,A98,2026-03-11
11337,831,9,322230,A98,2026-06-29
11338,597,9,322230,A98,2026-01-15
11339,1840,7,223208,D83,2026-02-22
11340,3948,6,223208,D83,2026-02-12
11341,4798,9,322230,A98,2026-04-30
11342,532,5,223505,X86,2026-04-30
11343,3121,1,225125,A98,2026-02-13
11344,132,7,223208,D83,2026-04-01
11345,3108,5,223505,A98,2026-01-21
11346,3881,1,225125,W78,2026-06-03
11347,1391,1,225125,A98,2026-03-04
11348,257,3,225125,K86,2026-01-22
11349,592,5,223505,W78,2026-06-04
11350,670,8,322230,A98,2026-04-10
11351,1964,3,225125,X86,2026-04-05
11352,4676,1,225125,X86,2026-05-12
11353,2247,8,322230,A98,2026-03-02
11354,1827,9,322230,A98,2026-05-19
11355,3660,3,225125,K86,2026-03-28
11356,3854,3,225125,A93,2026-03-19
11357,4648,1,225125,W78,2026-02-25
11358,4398,1,225125,A93,2026-05-29
11359,2674,5,223505,T90,2026-06-01
11360,4641,8,322230,A98,2026-06-02
11361,2506,6,223208,D83,2026-06-22
11362,3587,8,322230,A98,2026-01-06
11363,4448,1,225125,A98,2026-01-28
11364,2145,9,322230,A98,2026-03-28
11365,2520,1,225125,W78,2026-04-12
11366,619,8,322230,A98,2026-02-03
11367,2126,1,225125,W78,2026-06-14
11368,2352,9,322230,A98,2026-06-06
11369,1081,9,322230,A98,2026-04-19
11370,4336,2,225125,K86,2026-06-19
11371,3305,1,225125,A98,2026-01-09
11372,971,4,223505,K86,2026-06-09
11373,4628,6,223208,D83,2026-04-23
11374,4427,9,322230,A98,2026-03-12
11375,636,3,225125,T90,2026-04-06
11376,4656,6,223208,D83,2026-03-01
11377,4211,7,223208,D83,2026-03-30
11378,694,7,223208,D83,2026-05-17
11379,2320,3,225125,T90,2026-06-23
11380,1992,8,322230,A98,2026-02-21
11381,2522,9,322230,A98,2026-06-27
11382,4975,7,223208,D83,2026-05-12
11383,4534,9,322230,A98,2026-02-18
11384,4046,8,322230,A98,2026-05-11
11385,2411,2,225125,A98,2026-01-02
11386,722,8,322230,A98,2026-03-14
11387,825,1,225125,A98,2026-05-08
11388,202,1,225125,X86,2026-05-29
11389,11,2,225125,W78,2026-06-29
11390,2161,6,223208,D83,2026-02-18
11391,492,5,223505,X86,2026-01-04
11392,841,5,223505,A93,2026-06-06
11393,2455,8,322230,A98,2026-03-24
11394,576,9,322230,A98,2026-06-29
11395,2236,1,225125,X86,2026-04-03
11396,4097,1,225125,A98,2026-03-27
11397,1288,8,322230,A98,2026-06-26
11398,4514,8,322230,A98,2026-04-26
11399,1949,2,225125,K86,2026-01-31
11400,2989,9,322230,A98,2026-04-29
11401,234,8,322230,A98,2026-01-19
11402,3886,1,225125,A93,2026-02-13
11403,1896,1,225125,K86,2026-04-11
11404,4142,2,225125,T90,2026-03-05
11405,1374,4,223505,A98,2026-03-27
11406,2825,2,225125,A98,2026-06-13
11407,1131,6,223208,D83,2026-01-05
11408,978,4,223505,A98,2026-04-26
11409,3753,1,225125,W78,2026-02-16
11410,4149,3,225125,A98,2026-01-09
11411,1115,2,225125,A98,2026-04-26
11412,609,1,225125,T90,2026-01-30
11413,1422,9,322230,A98,2026-01-19
11414,2819,1,225125,K86,2026-01-31
11415,4706,8,322230,A98,2026-06-16
11416,1248,1,225125,T90,2026-02-09
11417,1617,1,225125,X86,2026-05-30
11418,1313,2,225125,A98,2026-02-05
11419,2752,2,225125,T90,2026-06-18
11420,586,1,225125,A98,2026-05-06
11421,3693,6,223208,D83,2026-01-22
11422,404,6,223208,D83,2026-02-15
11423,1942,9,322230,A98,2026-06-18
11424,3652,2,225125,A98,2026-01-01
11425,3164,1,225125,X86,2026-02-19
11426,3611,2,225125,A98,2026-04-11
11427,3899,2,225125,K86,2026-05-31
11428,799,4,223505,A98,2026-05-16
11429,2327,1,225125,W78,2026-06-11
11430,1956,1,225125,A98,2026-05-21
11431,1063,2,225125,A98,2026-02-16
11432,1436,6,223208,D83,2026-03-30
11433,1864,1,225125,K86,2026-01-27
11434,3422,4,223505,K86,2026-04-11
11435,4551,2,225125,A98,2026-05-29
11436,674,4,223505,X86,2026-03-29
11437,2816,2,225125,A93,2026-03-27
11438,650,8,322230,A98,2026-06-27
11439,1181,2,225125,A98,2026-06-24
11440,2172,9,322230,A98,2026-02-12
11441,797,9,322230,A98,2026-04-24
11442,4026,9,322230,A98,2026-05-23
11443,1116,1,225125,K86,2026-05-06
11444,1942,1,225125,X86,2026-01-18
11445,1753,6,223208,D83,2026-05-07
11446,2376,9,322230,A98,2026-02-04
11447,1908,6,223208,D83,2026-02-15
11448,4351,7,223208,D83,2026-01-10
11449,3284,1,225125,K86,2026-04-22
11450,3012,4,223505,W78,2026-04-20
11451,673,1,225125,W78,2026-04-20
11452,1232,1,225125,K86,2026-02-17
11453,4553,6,223208,D83,2026-02-27
11454,1553,1,225125,K86,2026-06-22
11455,2319,4,223505,K86,2026-06-19
11456,4706,2,225125,X86,2026-04-08
11457,1765,2,225125,X86,2026-03-19
11458,1789,5,223505,A93,2026-06-08
11459,3373,7,223208,D83,2026-05-19
11460,3399,9,322230,A98,2026-05-08
11461,1971,2,225125,A98,2026-01-02
11462,4197,7,223208,D83,2026-01-13
11463,3382,2,225125,A98,2026-06-13
11464,4042,3,225125,A93,2026-02-17
11465,836,1,225125,T90,2026-06-22
11466,4999,1,225125,A98,2026-03-23
11467,3846,4,223505,K86,2026-04-16
11468,1167,1,225125,X86,2026-02-11
11469,4655,1,225125,T90,2026-03-14
11470,4217,2,225125,A93,2026-03-09
11471,932,7,223208,D83,2026-02-05
11472,2894,7,223208,D83,2026-05-17
11473,759,2,225125,X86,2026-03-01
11474,2118,4,223505,A98,2026-02-16
11475,214,2,225125,A93,2026-03-20
11476,2690,8,322230,A98,2026-04-19
11477,3399,3,225125,A98,2026-06-09
11478,4615,5,223505,A93,2026-01-20
11479,4772,3,225125,A98,2026-06-25
11480,464,2,225125,A98,2026-04-29
11481,2869,1,225125,A98,2026-06-04
11482,4120,4,223505,A98,2026-05-10
11483,3115,2,225125,A93,2026-06-12
11484,1660,2,225125,W78,2026-05-09
11485,3143,5,223505,A93,2026-04-12
11486,2429,4,223505,A98,2026-04-10
11487,1310,9,322230,A98,2026-02-08
11488,2703,4,223505,K86,2026-01-18
11489,1435,5,223505,T90,2026-03-17
11490,3293,6,223208,D83,2026-06-22
11491,3549,3,225125,K86,2026-01-24
11492,3189,1,225125,W78,2026-06-09
11493,1996,7,223208,D83,2026-01-17
11494,2029,4,223505,A98,2026-01-17
11495,4036,9,322230,A98,2026-02-21
11496,3605,3,225125,A93,2026-05-31
11497,3712,4,223505,K86,2026-05-22
11498,4422,1,225125,A93,2026-06-06
11499,4650,2,225125,A98,2026-02-14
11500,4350,1,225125,K86,2026-06-15
11501,3343,9,322230,A98,2026-06-19
11502,1476,1,225125,K86,2026-03-25
11503,354,6,223208,D83,2026-03-18
11504,2857,5,223505,A98,2026-04-25
11505,4913,3,225125,A93,2026-05-09
11506,1289,1,225125,A98,2026-05-19
11507,4096,8,322230,A98,2026-02-22
11508,855,1,225125,K86,2026-04-13
11509,1292,1,225125,A93,2026-05-07
11510,279,1,225125,T90,2026-01-11
11511,2154,9,322230,A98,2026-01-24
11512,3849,2,225125,T90,2026-02-26
11513,1142,8,322230,A98,2026-05-21
11514,3126,5,223505,A98,2026-03-26
11515,1586,7,223208,D83,2026-06-13
11516,3476,8,322230,A98,2026-05-07
11517,1360,6,223208,D83,2026-03-12
11518,946,5,223505,X86,2026-06-27
11519,3577,2,225125,K86,2026-05-24
11520,3060,9,322230,A98,2026-06-02
11521,2518,3,225125,A98,2026-01-03
11522,400,1,225125,T90,2026-02-08
11523,3147,2,225125,X86,2026-06-07
11524,594,3,225125,X86,2026-06-22
11525,4272,1,225125,K86,2026-05-14
11526,1256,1,225125,K86,2026-06-09
11527,4062,2,225125,A98,2026-04-10
11528,3427,8,322230,A98,2026-02-08
11529,4496,1,225125,T90,2026-04-09
11530,3446,4,223505,T90,2026-05-17
11531,2328,6,223208,D83,2026-05-30
11532,96,6,223208,D83,2026-06-17
11533,1120,2,225125,X86,2026-06-27
11534,4745,8,322230,A98,2026-06-05
11535,1555,3,225125,K86,2026-05-25
11536,4830,1,225125,A93,2026-04-17
11537,2545,4,223505,A98,2026-02-07
11538,4546,3,225125,X86,2026-04-20
11539,4312,2,225125,W78,2026-04-27
11540,3217,8,322230,A98,2026-01-11
11541,3231,1,225125,A98,2026-06-03
11542,1342,7,223208,D83,2026-05-13
11543,1948,6,223208,D83,2026-04-22
11544,1918,5,223505,K86,2026-01-07
11545,1153,2,225125,K86,2026-05-23
11546,2518,9,322230,A98,2026-06-18
11547,3911,4,223505,A93,2026-04-13
11548,4705,8,322230,A98,2026-06-16
11549,4000,8,322230,A98,2026-01-12
11550,4403,1,225125,A98,2026-05-08
11551,3099,3,225125,W78,2026-05-21
11552,3263,6,223208,D83,2026-06-13
11553,3856,1,225125,W78,2026-01-17
11554,3987,8,322230,A98,2026-01-22
11555,1894,7,223208,D83,2026-05-28
11556,176,9,322230,A98,2026-04-01
11557,3812,3,225125,W78,2026-04-18
11558,2273,2,225125,K86,2026-02-07
11559,370,3,225125,K86,2026-05-11
11560,1327,2,225125,A93,2026-04-09
11561,1638,6,223208,D83,2026-01-17
11562,971,4,223505,T90,2026-05-06
11563,3042,9,322230,A98,2026-03-24
11564,1479,2,225125,X86,2026-03-05
11565,881,1,225125,A98,2026-06-02
11566,4734,3,225125,A98,2026-06-25
11567,3032,1,225125,A98,2026-01-26
11568,1071,5,223505,W78,2026-04-30
11569,4813,3,225125,K86,2026-01-01
11570,1304,2,225125,X86,2026-02-25
11571,1027,8,322230,A98,2026-03-11
11572,4581,6,223208,D83,2026-05-17
11573,3456,6,223208,D83,2026-03-18
11574,2769,4,223505,A98,2026-06-25
11575,793,2,225125,K86,2026-06-15
11576,2952,9,322230,A98,2026-04-27
11577,539,9,322230,A98,2026-05-06
11578,1694,4,223505,W78,2026-03-10
11579,881,1,225125,A98,2026-05-23
11580,2451,6,223208,D83,2026-04-26
11581,2069,9,322230,A98,2026-02-06
11582,3457,5,223505,A98,2026-01-15
11583,3472,1,225125,A98,2026-03-09
11584,1590,9,322230,A98,2026-03-27
11585,819,2,225125,K86,2026-01-09
11586,2049,4,223505,A98,2026-05-28
11587,1561,2,225125,K86,2026-05-02
11588,508,1,225125,A98,2026-03-29
11589,696,2,225125,W78,2026-05-17
11590,2449,5,223505,W78,2026-02-03
11591,4690,1,225125,W78,2026-02-07
11592,2169,5,223505,A98,2026-03-25
11593,2754,4,223505,K86,2026-03-31
11594,4602,4,223505,A98,2026-02-22
11595,3175,9,322230,A98,2026-06-24
11596,554,3,225125,A93,2026-03-25
11597,2002,2,225125,A98,2026-03-03
11598,2752,9,322230,A98,2026-04-14
11599,2264,1,225125,A98,2026-06-19
11600,3435,3,225125,K86,2026-01-25
11601,1007,3,225125,X86,2026-06-13
11602,1948,1,225125,X86,2026-03-28
11603,847,1,225125,K86,2026-01-08
11604,3879,4,223505,A98,2026-06-23
11605,1561,8,322230,A98,2026-02-05
11606,2087,3,225125,X86,2026-01-24
11607,680,4,223505,K86,2026-05-17
11608,446,6,223208,D83,2026-04-25
11609,3849,4,223505,K86,2026-04-11
11610,4213,8,322230,A98,2026-06-02
11611,544,3,225125,K86,2026-06-01
11612,4278,9,322230,A98,2026-04-30
11613,3014,2,225125,A98,2026-05-17
11614,4176,4,223505,A98,2026-03-04
11615,433,6,223208,D83,2026-06-18
11616,225,7,223208,D83,2026-02-17
11617,3664,4,223505,W78,2026-01-14
11618,4512,2,225125,A93,2026-06-18
11619,3156,5,223505,K86,2026-06-22
11620,1010,4,223505,A93,2026-06-19
11621,4984,5,223505,K86,2026-02-19
11622,3959,8,322230,A98,2026-03-21
11623,100,4,223505,A93,2026-03-09
11624,131,5,223505,A98,2026-03-27
11625,1202,2,225125,T90,2026-02-14
11626,2474,5,223505,A98,2026-03-25
11627,1551,1,225125,A98,2026-02-20
11628,503,1,225125,A98,2026-01-10
11629,4912,9,322230,A98,2026-01-17
11630,888,5,223505,W78,2026-01-28
11631,4844,2,225125,K86,2026-02-28
11632,2058,2,225125,X86,2026-03-31
11633,265,5,223505,K86,2026-02-12
11634,4939,2,225125,X86,2026-03-21
11635,4774,2,225125,A93,2026-04-07
11636,218,1,225125,A98,2026-01-27
11637,4683,1,225125,A93,2026-01-27
11638,997,4,223505,K86,2026-02-11
11639,2259,1,225125,K86,2026-04-12
11640,1760,5,223505,X86,2026-03-27
11641,3473,5,223505,A93,2026-03-14
11642,1048,2,225125,K86,2026-02-06
11643,2432,6,223208,D83,2026-06-04
11644,528,8,322230,A98,2026-03-20
11645,4198,4,223505,A93,2026-06-01
11646,511,1,225125,A98,2026-02-12
11647,2773,1,225125,A93,2026-06-13
11648,4743,2,225125,X86,2026-06-24
11649,4263,2,225125,K86,2026-01-21
11650,4275,6,223208,D83,2026-03-07
11651,3811,5,223505,A93,2026-01-17
11652,4894,1,225125,W78,2026-02-17
11653,1492,6,223208,D83,2026-04-09
11654,3665,6,223208,D83,2026-06-06
11655,3167,3,225125,A98,2026-06-01
11656,270,8,322230,A98,2026-04-06
11657,4462,9,322230,A98,2026-05-27
11658,4614,2,225125,A98,2026-02-10
11659,2334,9,322230,A98,2026-01-17
11660,4731,6,223208,D83,2026-01-22
11661,4117,6,223208,D83,2026-04-06
11662,4520,1,225125,A98,2026-02-23
11663,4856,2,225125,A98,2026-04-14
11664,3625,5,223505,A98,2026-02-19
11665,2346,3,225125,A98,2026-04-24
11666,1963,1,225125,A93,2026-01-22
11667,4637,2,225125,T90,2026-04-20
11668,346,1,225125,A93,2026-03-16
11669,4068,1,225125,A98,2026-06-20
11670,2001,1,225125,X86,2026-06-04
11671,522,4,223505,K86,2026-06-22
11672,4690,8,322230,A98,2026-01-23
11673,4206,5,223505,A98,2026-04-26
11674,3369,6,223208,D83,2026-06-10
11675,780,5,223505,A93,2026-04-01
11676,2160,2,225125,X86,2026-01-01
11677,4510,5,223505,W78,2026-04-21
11678,3269,9,322230,A98,2026-06-06
11679,585,9,322230,A98,2026-06-25
11680,1739,8,322230,A98,2026-02-21
11681,3128,7,223208,D83,2026-03-15
11682,71,4,223505,W78,2026-04-15
11683,4449,4,223505,K86,2026-03-17
11684,2480,6,223208,D83,2026-01-03
11685,1740,7,223208,D83,2026-01-19
11686,4920,6,223208,D83,2026-05-11
11687,3642,8,322230,A98,2026-05-02
11688,3131,9,322230,A98,2026-04-03
11689,4393,7,223208,D83,2026-02-28
11690,1081,6,223208,D83,2026-04-06
11691,2176,2,225125,X86,2026-01-25
11692,3419,9,322230,A98,2026-04-23
11693,726,1,225125,A98,2026-02-15
11694,818,9,322230,A98,2026-01-01
11695,2980,9,322230,A98,2026-01-10
11696,802,2,225125,K86,2026-01-17
11697,625,8,322230,A98,2026-05-08
11698,4782,2,225125,A98,2026-04-18
11699,344,7,223208,D83,2026-06-01
11700,3885,4,223505,K86,2026-02-07
11701,2882,1,225125,A98,2026-03-29
11702,4358,5,223505,X86,2026-04-12
11703,3042,9,322230,A98,2026-01-10
11704,4309,1,225125,X86,2026-05-22
11705,1813,3,225125,X86,2026-05-23
11706,4241,2,225125,X86,2026-05-03
11707,1404,1,225125,A98,2026-05-14
11708,734,1,225125,T90,2026-02-13
11709,3997,2,225125,A98,2026-04-28
11710,4650,2,225125,X86,2026-01-18
11711,2388,5,223505,W78,2026-03-22
11712,3169,2,225125,T90,2026-01-30
11713,2137,2,225125,A93,2026-03-07
11714,2893,2,225125,T90,2026-06-15
11715,249,7,223208,D83,2026-06-12
11716,3641,3,225125,W78,2026-06-23
11717,4589,2,225125,X86,2026-04-09
11718,4425,2,225125,X86,2026-05-04
11719,1335,2,225125,A93,2026-03-23
11720,2094,2,225125,W78,2026-06-27
11721,1027,1,225125,X86,2026-02-24
11722,2559,4,223505,A93,2026-04-20
11723,3413,6,223208,D83,2026-04-26
11724,3223,7,223208,D83,2026-05-07
11725,2438,4,223505,A98,2026-05-22
11726,775,2,225125,W78,2026-06-23
11727,4744,2,225125,W78,2026-02-02
11728,1787,2,225125,X86,2026-03-20
11729,3538,1,225125,K86,2026-03-13
11730,814,9,322230,A98,2026-04-20
11731,929,3,225125,A93,2026-05-03
11732,4707,3,225125,T90,2026-05-24
11733,1459,4,223505,A98,2026-01-27
11734,2600,6,223208,D83,2026-01-28
11735,4959,7,223208,D83,2026-05-15
11736,3447,2,225125,T90,2026-05-29
11737,4517,9,322230,A98,2026-05-17
11738,3921,2,225125,K86,2026-01-12
11739,1209,4,223505,X86,2026-02-21
11740,2741,7,223208,D83,2026-04-15
11741,3617,6,223208,D83,2026-04-11
11742,2321,5,223505,A98,2026-05-11
11743,3263,7,223208,D83,2026-04-01
11744,322,1,225125,A98,2026-01-02
11745,641,5,223505,X86,2026-06-07
11746,2956,1,225125,T90,2026-02-06
11747,3567,8,322230,A98,2026-04-29
11748,3917,1,225125,A98,2026-03-22
11749,1709,5,223505,A98,2026-02-23
11750,1026,9,322230,A98,2026-05-06
11751,2875,3,225125,K86,2026-04-01
11752,600,9,322230,A98,2026-03-01
11753,2181,4,223505,K86,2026-03-11
11754,2037,8,322230,A98,2026-01-20
11755,1348,5,223505,K86,2026-06-08
11756,1467,7,223208,D83,2026-04-23
11757,1878,4,223505,K86,2026-04-01
11758,639,2,225125,X86,2026-03-31
11759,1487,2,225125,A98,2026-03-26
11760,4128,3,225125,A93,2026-05-31
11761,1975,9,322230,A98,2026-03-16
11762,265,6,223208,D83,2026-02-05
11763,2428,7,223208,D83,2026-02-21
11764,2085,8,322230,A98,2026-06-15
11765,300,4,223505,T90,2026-04-22
11766,3298,3,225125,K86,2026-05-10
11767,432,7,223208,D83,2026-01-20
11768,979,3,225125,A98,2026-04-17
11769,4589,5,223505,A98,2026-02-03
11770,3779,4,223505,A98,2026-04-19
11771,2973,2,225125,W78,2026-03-08
11772,3330,3,225125,A98,2026-04-21
11773,4558,7,223208,D83,2026-03-20
11774,4011,9,322230,A98,2026-04-03
11775,890,9,322230,A98,2026-02-19
11776,3454,6,223208,D83,2026-02-12
11777,305,8,322230,A98,2026-05-14
11778,3306,1,225125,A98,2026-04-23
11779,4947,4,223505,A98,2026-06-29
11780,3206,1,225125,K86,2026-02-16
11781,1252,6,223208,D83,2026-03-24
11782,1258,9,322230,A98,2026-02-24
11783,3161,8,322230,A98,2026-04-29
11784,3079,8,322230,A98,2026-01-21
11785,4363,8,322230,A98,2026-02-25
11786,446,7,223208,D83,2026-06-09
11787,306,1,225125,A93,2026-02-07
11788,2107,3,225125,A98,2026-05-04
11789,4664,4,223505,X86,2026-03-25
11790,2129,3,225125,A98,2026-01-13
11791,1802,2,225125,A93,2026-01-17
11792,4209,2,225125,A98,2026-04-09
11793,2714,3,225125,A93,2026-05-23
11794,2043,9,322230,A98,2026-06-02
11795,2094,3,225125,A98,2026-03-17
11796,2590,2,225125,A98,2026-01-07
11797,484,7,223208,D83,2026-02-06
11798,1776,5,223505,W78,2026-01-29
11799,3834,9,322230,A98,2026-04-22
11800,186,3,225125,W78,2026-05-16
11801,4593,3,225125,A98,2026-02-08
11802,498,4,223505,W78,2026-05-27
11803,786,2,225125,A98,2026-01-06
11804,1790,4,223505,K86,2026-04-21
11805,3596,2,225125,A98,2026-06-23
11806,3960,1,225125,K86,2026-02-26
11807,4081,7,223208,D83,2026-02-03
11808,4669,5,223505,X86,2026-05-20
11809,1561,2,225125,A98,2026-01-22
11810,3443,4,223505,X86,2026-01-18
11811,2647,2,225125,A98,2026-02-08
11812,2675,8,322230,A98,2026-03-12
11813,885,2,225125,K86,2026-01-13
11814,2646,4,223505,A93,2026-04-21
11815,2758,2,225125,W78,2026-06-06
11816,1574,6,223208,D83,2026-02-28
11817,2384,3,225125,A93,2026-03-17
11818,275,8,322230,A98,2026-06-19
11819,4063,7,223208,D83,2026-01-05
11820,3597,2,225125,A98,2026-06-08
11821,3950,1,225125,A98,2026-02-26
11822,1905,2,225125,A93,2026-03-05
11823,1252,8,322230,A98,2026-01-12
11824,4174,2,225125,A98,2026-01-26
11825,3424,1,225125,A98,2026-04-30
11826,1094,9,322230,A98,2026-06-19
11827,2916,2,225125,X86,2026-06-02
11828,1735,2,225125,T90,2026-02-17
11829,2230,1,225125,X86,2026-06-15
11830,2902,4,223505,K86,2026-01-07
11831,1888,4,223505,K86,2026-03-29
11832,2376,6,223208,D83,2026-05-12
11833,4257,2,225125,A98,2026-03-27
11834,4375,4,223505,A98,2026-06-29
11835,636,1,225125,W78,2026-05-22
11836,3791,5,223505,K86,2026-06-07
11837,4943,6,223208,D83,2026-04-10
11838,3231,1,225125,K86,2026-01-07
11839,350,7,223208,D83,2026-02-08
11840,3169,5,223505,K86,2026-03-23
11841,3839,9,322230,A98,2026-03-08
11842,3978,9,322230,A98,2026-05-21
11843,1742,8,322230,A98,2026-04-15
11844,3031,3,225125,T90,2026-01-27
11845,3706,6,223208,D83,2026-01-13
11846,3905,2,225125,A98,2026-03-09
11847,671,5,223505,K86,2026-01-12
11848,1900,4,223505,A98,2026-03-14
11849,1257,4,223505,A98,2026-01-11
11850,2763,8,322230,A98,2026-06-13
11851,2516,7,223208,D83,2026-04-28
11852,1093,7,223208,D83,2026-04-22
11853,1882,2,225125,T90,2026-01-17
11854,389,5,223505,A98,2026-06-14
11855,4932,3,225125,A98,2026-01-12
11856,4873,5,223505,K86,2026-06-12
11857,2999,6,223208,D83,2026-06-10
11858,2293,4,223505,K86,2026-06-24
11859,4340,5,223505,A98,2026-02-16
11860,1426,9,322230,A98,2026-06-17
11861,2403,5,223505,K86,2026-04-12
11862,3919,1,225125,T90,2026-02-23
11863,4527,1,225125,A93,2026-05-15
11864,2861,6,223208,D83,2026-06-04
11865,997,4,223505,K86,2026-04-30
11866,221,7,223208,D83,2026-04-22
11867,2878,3,225125,T90,2026-04-01
11868,1292,9,322230,A98,2026-02-14
11869,227,8,322230,A98,2026-02-17
11870,3495,6,223208,D83,2026-02-23
11871,2055,2,225125,A98,2026-02-27
11872,3981,7,223208,D83,2026-06-09
11873,673,5,223505,A98,2026-03-15
11874,359,4,223505,X86,2026-01-09
11875,337,8,322230,A98,2026-02-24
11876,1809,6,223208,D83,2026-06-20
11877,4409,5,223505,A98,2026-01-18
11878,1257,6,223208,D83,2026-01-12
11879,1673,1,225125,X86,2026-05-01
11880,2541,1,225125,W78,2026-02-28
11881,2,6,223208,D83,2026-01-24
11882,3889,5,223505,K86,2026-05-20
11883,3103,3,225125,K86,2026-01-13
11884,518,6,223208,D83,2026-05-20
11885,2374,6,223208,D83,2026-06-24
11886,2131,4,223505,A98,2026-05-30
11887,4698,5,223505,A98,2026-04-08
11888,805,1,225125,A98,2026-05-13
11889,4253,2,225125,A98,2026-05-24
11890,2651,1,225125,W78,2026-06-11
11891,1577,4,223505,A98,2026-02-24
11892,1852,5,223505,A98,2026-06-01
11893,3177,7,223208,D83,2026-06-19
11894,978,1,225125,A98,2026-02-05
11895,3324,1,225125,A93,2026-06-17
11896,2464,8,322230,A98,2026-04-09
11897,4891,6,223208,D83,2026-04-25
11898,3350,5,223505,A98,2026-01-04
11899,3465,2,225125,A98,2026-04-15
11900,1763,5,223505,A98,2026-04-24
11901,1605,4,223505,A98,2026-02-18
11902,507,5,223505,A93,2026-06-07
11903,761,3,225125,K86,2026-05-21
11904,1422,1,225125,A93,2026-04-24
11905,1785,3,225125,A98,2026-06-08
11906,425,8,322230,A98,2026-04-30
11907,3074,7,223208,D83,2026-05-01
11908,4938,6,223208,D83,2026-03-07
11909,4251,7,223208,D83,2026-02-20
11910,1798,2,225125,X86,2026-03-02
11911,4426,5,223505,X86,2026-02-21
11912,1127,8,322230,A98,2026-03-11
11913,4034,3,225125,A93,2026-06-29
11914,4703,5,223505,K86,2026-06-07
11915,4342,8,322230,A98,2026-05-18
11916,465,3,225125,A98,2026-02-12
11917,3345,7,223208,D83,2026-02-13
11918,3327,5,223505,K86,2026-02-27
11919,3297,8,322230,A98,2026-06-16
11920,3035,8,322230,A98,2026-01-15
11921,3884,5,223505,K86,2026-06-05
11922,1523,4,223505,K86,2026-02-21
11923,2073,2,225125,K86,2026-02-04
11924,1547,6,223208,D83,2026-05-22
11925,2147,4,223505,X86,2026-01-03
11926,4485,2,225125,X86,2026-01-28
11927,875,1,225125,X86,2026-05-22
11928,4606,3,225125,W78,2026-06-02
11929,1340,1,225125,A98,2026-02-27
11930,3730,4,223505,A98,2026-03-13
11931,2354,5,223505,A98,2026-03-01
11932,2759,1,225125,W78,2026-01-17
11933,298,2,225125,K86,2026-02-12
11934,2050,5,223505,A93,2026-06-04
11935,4863,6,223208,D83,2026-01-15
11936,1955,9,322230,A98,2026-05-26
11937,1384,3,225125,T90,2026-05-13
11938,1502,1,225125,K86,2026-03-28
11939,1006,1,225125,K86,2026-02-23
11940,437,1,225125,A98,2026-01-02
11941,82,6,223208,D83,2026-01-05
11942,2066,6,223208,D83,2026-06-06
11943,1192,1,225125,K86,2026-01-26
11944,3697,9,322230,A98,2026-06-25
11945,1301,7,223208,D83,2026-05-28
11946,2165,4,223505,K86,2026-05-17
11947,1499,1,225125,A98,2026-03-08
11948,4383,4,223505,A93,2026-04-12
11949,447,6,223208,D83,2026-03-09
11950,1433,7,223208,D83,2026-04-23
11951,2143,1,225125,X86,2026-01-24
11952,3144,3,225125,K86,2026-06-07
11953,1858,6,223208,D83,2026-05-17
11954,195,4,223505,T90,2026-02-19
11955,2525,6,223208,D83,2026-05-14
11956,2254,6,223208,D83,2026-05-04
11957,1303,2,225125,A93,2026-02-01
11958,1551,5,223505,A98,2026-03-24
11959,4284,2,225125,W78,2026-02-13
11960,4013,1,225125,A93,2026-03-17
11961,1099,2,225125,A98,2026-06-02
11962,504,7,223208,D83,2026-02-09
11963,1705,1,225125,K86,2026-05-30
11964,4357,6,223208,D83,2026-05-07
11965,3014,2,225125,K86,2026-06-25
11966,3166,7,223208,D83,2026-01-18
11967,1928,4,223505,K86,2026-03-10
11968,746,2,225125,K86,2026-02-10
11969,4164,8,322230,A98,2026-01-23
11970,28,2,225125,K86,2026-06-23
11971,1184,8,322230,A98,2026-04-28
11972,2769,1,225125,A93,2026-06-20
11973,2630,9,322230,A98,2026-04-21
11974,3410,1,225125,X86,2026-05-12
11975,3620,3,225125,W78,2026-02-19
11976,4832,7,223208,D83,2026-03-23
11977,3097,9,322230,A98,2026-05-10
11978,2824,2,225125,A98,2026-01-08
11979,1283,8,322230,A98,2026-04-19
11980,2615,1,225125,X86,2026-05-30
11981,3315,1,225125,T90,2026-03-21
11982,454,9,322230,A98,2026-03-21
11983,152,1,225125,A93,2026-02-08
11984,3502,9,322230,A98,2026-01-19
11985,1512,7,223208,D83,2026-03-09
11986,118,2,225125,W78,2026-06-26
11987,4347,3,225125,T90,2026-02-08
11988,3368,2,225125,T90,2026-05-11
11989,1541,7,223208,D83,2026-04-28
11990,155,5,223505,X86,2026-02-23
11991,4491,8,322230,A98,2026-06-12
11992,4798,9,322230,A98,2026-05-03
11993,4944,2,225125,A93,2026-04-03
11994,2702,1,225125,A98,2026-03-02
11995,199,3,225125,X86,2026-01-24
11996,2235,8,322230,A98,2026-05-11
11997,3474,8,322230,A98,2026-01-01
11998,4253,9,322230,A98,2026-06-17
11999,2159,2,225125,K86,2026-04-29
12000,3907,4,223505,X86,2026-05-26
12001,4618,1,225125,W78,2026-06-10
12002,2317,6,223208,D83,2026-06-17
12003,4971,6,223208,D83,2026-04-29
12004,245,3,225125,K86,2026-06-23
12005,715,3,225125,W78,2026-01-27
12006,514,9,322230,A98,2026-05-22
12007,4155,4,223505,A98,2026-04-27
12008,4194,4,223505,X86,2026-03-15
12009,3818,4,223505,A98,2026-02-23
12010,1096,2,225125,K86,2026-03-20
12011,1487,8,322230,A98,2026-05-02
12012,4504,1,225125,A98,2026-03-15
12013,2931,7,223208,D83,2026-02-21
12014,94,4,223505,T90,2026-05-25
12015,1400,3,225125,K86,2026-04-11
12016,308,1,225125,A93,2026-06-24
12017,2776,6,223208,D83,2026-05-22
12018,3682,6,223208,D83,2026-06-27
12019,285,1,225125,A98,2026-02-01
12020,4049,5,223505,A98,2026-06-25
12021,4880,1,225125,K86,2026-06-23
12022,4544,2,225125,W78,2026-01-19
12023,2291,4,223505,A98,2026-06-20
12024,1301,5,223505,K86,2026-04-30
12025,303,8,322230,A98,2026-01-20
12026,3403,9,322230,A98,2026-05-04
12027,3686,7,223208,D83,2026-03-08
12028,2744,2,225125,A93,2026-03-19
12029,2331,9,322230,A98,2026-05-10
12030,2922,4,223505,A93,2026-06-17
12031,629,9,322230,A98,2026-02-20
12032,4065,8,322230,A98,2026-05-17
12033,4780,1,225125,T90,2026-03-29
12034,3423,3,225125,K86,2026-04-25
12035,3263,1,225125,K86,2026-06-29
12036,1889,7,223208,D83,2026-05-20
12037,882,2,225125,A98,2026-02-20
12038,666,2,225125,K86,2026-05-04
12039,2467,6,223208,D83,2026-03-02
12040,3629,8,322230,A98,2026-01-21
12041,891,1,225125,W78,2026-03-24
12042,2587,3,225125,T90,2026-03-09
12043,865,4,223505,A98,2026-05-21
12044,417,2,225125,A98,2026-04-29
12045,1802,1,225125,T90,2026-06-19
12046,3610,7,223208,D83,2026-01-25
12047,4457,9,322230,A98,2026-06-16
12048,4904,6,223208,D83,2026-01-18
12049,2355,4,223505,A98,2026-05-15
12050,2017,2,225125,K86,2026-05-03
12051,4096,1,225125,T90,2026-04-04
12052,3264,3,225125,A93,2026-01-02
12053,3500,9,322230,A98,2026-01-07
12054,1581,4,223505,W78,2026-06-22
12055,3194,9,322230,A98,2026-06-27
12056,1517,2,225125,A98,2026-03-28
12057,4375,2,225125,K86,2026-06-04
12058,1292,6,223208,D83,2026-06-06
12059,1770,7,223208,D83,2026-04-21
12060,1301,1,225125,K86,2026-05-22
12061,742,1,225125,W78,2026-01-27
12062,1173,2,225125,X86,2026-05-19
12063,3819,7,223208,D83,2026-03-22
12064,4645,5,223505,A98,2026-05-26
12065,1410,7,223208,D83,2026-01-17
12066,2915,5,223505,T90,2026-02-13
12067,1483,1,225125,A93,2026-05-03
12068,2843,5,223505,A98,2026-01-22
12069,2010,1,225125,X86,2026-01-14
12070,1380,1,225125,A93,2026-04-26
12071,436,2,225125,A98,2026-06-18
12072,1731,9,322230,A98,2026-06-15
12073,802,5,223505,A98,2026-06-04
12074,4401,2,225125,T90,2026-01-31
12075,4313,2,225125,A93,2026-05-10
12076,2879,6,223208,D83,2026-01-22
12077,1237,9,322230,A98,2026-05-02
12078,4666,1,225125,K86,2026-01-01
12079,1920,9,322230,A98,2026-06-02
12080,2872,7,223208,D83,2026-06-22
12081,552,1,225125,T90,2026-05-03
12082,2278,2,225125,K86,2026-04-12
12083,3963,3,225125,K86,2026-05-14
12084,3777,8,322230,A98,2026-02-13
12085,1357,2,225125,T90,2026-06-22
12086,2478,9,322230,A98,2026-04-12
12087,1938,9,322230,A98,2026-01-27
12088,180,8,322230,A98,2026-04-19
12089,1145,1,225125,A98,2026-03-10
12090,2376,7,223208,D83,2026-03-16
12091,1355,5,223505,W78,2026-02-09
12092,347,1,225125,K86,2026-02-11
12093,2002,1,225125,A93,2026-03-02
12094,3147,6,223208,D83,2026-06-12
12095,296,6,223208,D83,2026-05-01
12096,1072,5,223505,K86,2026-01-29
12097,2291,7,223208,D83,2026-06-20
12098,2638,8,322230,A98,2026-06-20
12099,321,3,225125,K86,2026-05-29
12100,764,8,322230,A98,2026-02-02
12101,2402,5,223505,K86,2026-05-31
12102,190,9,322230,A98,2026-06-22
12103,3606,2,225125,T90,2026-02-05
12104,2339,4,223505,A98,2026-02-24
12105,609,2,225125,A98,2026-03-13
12106,4661,2,225125,A98,2026-04-02
12107,1770,7,223208,D83,2026-05-18
12108,1394,9,322230,A98,2026-03-20
12109,754,3,225125,K86,2026-05-15
12110,1331,5,223505,T90,2026-01-19
12111,1396,4,223505,T90,2026-04-25
12112,3362,5,223505,A93,2026-04-14
12113,1604,6,223208,D83,2026-06-12
12114,3197,1,225125,A93,2026-06-29
12115,1310,4,223505,K86,2026-05-28
12116,4983,8,322230,A98,2026-03-01
12117,3387,9,322230,A98,2026-03-14
12118,113,9,322230,A98,2026-03-12
12119,1167,7,223208,D83,2026-04-30
12120,2861,9,322230,A98,2026-04-05
12121,4557,6,223208,D83,2026-02-11
12122,131,5,223505,A98,2026-01-09
12123,2633,5,223505,K86,2026-04-11
12124,2364,3,225125,A98,2026-04-07
12125,4904,4,223505,A98,2026-06-29
12126,3541,7,223208,D83,2026-05-30
12127,754,8,322230,A98,2026-06-02
12128,3608,6,223208,D83,2026-05-20
12129,3540,9,322230,A98,2026-03-05
12130,3093,6,223208,D83,2026-06-05
12131,1039,4,223505,K86,2026-01-08
12132,3244,6,223208,D83,2026-05-29
12133,4131,2,225125,K86,2026-04-06
12134,3507,4,223505,A98,2026-05-25
12135,2058,4,223505,K86,2026-05-16
12136,4511,2,225125,W78,2026-05-18
12137,1594,7,223208,D83,2026-02-11
12138,1606,2,225125,W78,2026-01-21
12139,2233,4,223505,W78,2026-04-03
12140,643,9,322230,A98,2026-04-10
12141,4224,4,223505,X86,2026-02-08
12142,3395,1,225125,A98,2026-03-11
12143,3144,2,225125,A93,2026-04-03
12144,1014,3,225125,X86,2026-01-24
12145,4422,7,223208,D83,2026-06-28
12146,3460,5,223505,A98,2026-06-17
12147,2725,1,225125,X86,2026-02-27
12148,2218,2,225125,A98,2026-04-03
12149,3049,5,223505,A98,2026-06-20
12150,2821,1,225125,W78,2026-06-24
12151,2863,5,223505,A98,2026-03-18
12152,3755,5,223505,A98,2026-04-10
12153,2891,7,223208,D83,2026-03-21
12154,4486,2,225125,W78,2026-06-22
12155,3388,2,225125,A98,2026-04-22
12156,4884,3,225125,T90,2026-04-30
12157,3159,3,225125,A98,2026-01-16
12158,1899,1,225125,W78,2026-03-24
12159,2978,3,225125,X86,2026-03-13
12160,904,5,223505,A98,2026-01-11
12161,4811,7,223208,D83,2026-06-02
12162,4936,2,225125,A93,2026-01-11
12163,3069,1,225125,A93,2026-01-07
12164,3236,9,322230,A98,2026-05-29
12165,2475,8,322230,A98,2026-02-06
12166,2915,1,225125,K86,2026-05-23
12167,2961,6,223208,D83,2026-02-26
12168,3448,5,223505,W78,2026-05-31
12169,1993,5,223505,A93,2026-02-12
12170,3821,7,223208,D83,2026-05-01
12171,4915,2,225125,A98,2026-02-22
12172,215,6,223208,D83,2026-06-18
12173,2797,7,223208,D83,2026-05-27
12174,2524,2,225125,A98,2026-06-17
12175,4048,6,223208,D83,2026-03-31
12176,996,3,225125,A98,2026-04-16
12177,651,2,225125,A93,2026-05-31
12178,4886,1,225125,A98,2026-02-18
12179,2560,9,322230,A98,2026-06-03
12180,1660,9,322230,A98,2026-01-26
12181,3766,2,225125,A98,2026-01-02
12182,2681,3,225125,A98,2026-03-27
12183,3255,6,223208,D83,2026-04-10
12184,58,4,223505,A93,2026-01-04
12185,678,8,322230,A98,2026-01-12
12186,4597,4,223505,A98,2026-05-21
12187,664,5,223505,K86,2026-06-01
12188,4763,7,223208,D83,2026-03-14
12189,3130,1,225125,T90,2026-03-09
12190,1702,9,322230,A98,2026-05-22
12191,2479,1,225125,A93,2026-04-01
12192,412,7,223208,D83,2026-06-21
12193,530,8,322230,A98,2026-01-15
12194,3317,6,223208,D83,2026-05-02
12195,3407,1,225125,A93,2026-06-07
12196,1594,3,225125,W78,2026-06-04
12197,2897,1,225125,A98,2026-05-27
12198,737,6,223208,D83,2026-06-18
12199,2911,8,322230,A98,2026-03-12
12200,642,2,225125,A98,2026-02-03
12201,3758,1,225125,K86,2026-04-21
12202,3924,7,223208,D83,2026-01-22
12203,4843,2,225125,W78,2026-06-10
12204,1326,3,225125,A98,2026-06-21
12205,3759,7,223208,D83,2026-04-24
12206,4203,1,225125,X86,2026-05-01
12207,3334,3,225125,A98,2026-06-29
12208,4216,6,223208,D83,2026-04-08
12209,252,5,223505,K86,2026-06-12
12210,2621,8,322230,A98,2026-04-03
12211,1205,7,223208,D83,2026-04-28
12212,284,3,225125,A98,2026-02-01
12213,2228,8,322230,A98,2026-03-09
12214,1116,3,225125,K86,2026-04-10
12215,859,9,322230,A98,2026-05-06
12216,1567,6,223208,D83,2026-02-12
12217,2474,3,225125,A98,2026-04-29
12218,1971,1,225125,X86,2026-01-31
12219,4716,1,225125,X86,2026-06-14
12220,447,4,223505,A98,2026-03-17
12221,766,9,322230,A98,2026-03-14
12222,510,2,225125,A98,2026-01-18
12223,1901,4,223505,W78,2026-03-15
12224,3398,2,225125,K86,2026-04-12
12225,1510,9,322230,A98,2026-04-24
12226,4073,3,225125,A98,2026-02-03
12227,378,3,225125,W78,2026-05-24
12228,1127,8,322230,A98,2026-06-05
12229,148,5,223505,W78,2026-03-28
12230,915,5,223505,K86,2026-02-15
12231,3731,1,225125,T90,2026-03-10
12232,486,7,223208,D83,2026-03-26
12233,2585,8,322230,A98,2026-02-08
12234,1214,8,322230,A98,2026-06-15
12235,897,9,322230,A98,2026-06-07
12236,1032,1,225125,W78,2026-03-29
12237,2168,8,322230,A98,2026-05-29
12238,2428,1,225125,A98,2026-03-24
12239,2911,2,225125,A98,2026-02-22
12240,853,5,223505,A98,2026-01-03
12241,4570,7,223208,D83,2026-01-05
12242,1083,2,225125,K86,2026-01-28
12243,780,1,225125,W78,2026-04-03
12244,2278,6,223208,D83,2026-05-15
12245,3286,6,223208,D83,2026-01-25
12246,1395,2,225125,A98,2026-01-13
12247,4458,6,223208,D83,2026-02-15
12248,3802,2,225125,T90,2026-05-20
12249,985,3,225125,A93,2026-01-23
12250,4590,8,322230,A98,2026-03-25
12251,1569,2,225125,A98,2026-03-10
12252,4490,4,223505,A98,2026-01-03
12253,2377,8,322230,A98,2026-04-04
12254,1890,3,225125,A98,2026-06-17
12255,1824,5,223505,K86,2026-01-26
12256,516,1,225125,A98,2026-04-14
12257,1845,3,225125,K86,2026-05-28
12258,4523,1,225125,K86,2026-06-25
12259,4295,4,223505,A93,2026-01-18
12260,1888,7,223208,D83,2026-01-03
12261,1133,1,225125,K86,2026-02-06
12262,880,7,223208,D83,2026-02-02
12263,2943,8,322230,A98,2026-05-15
12264,3780,2,225125,A98,2026-05-15
12265,193,2,225125,T90,2026-05-07
12266,3990,9,322230,A98,2026-01-05
12267,734,7,223208,D83,2026-03-04
12268,2382,3,225125,K86,2026-06-06
12269,3818,7,223208,D83,2026-04-09
12270,2748,3,225125,A98,2026-03-08
12271,3586,1,225125,X86,2026-01-03
12272,4284,8,322230,A98,2026-01-18
12273,4076,7,223208,D83,2026-04-15
12274,1951,2,225125,K86,2026-06-14
12275,1639,6,223208,D83,2026-03-24
12276,4191,8,322230,A98,2026-05-06
12277,3308,6,223208,D83,2026-01-23
12278,1999,8,322230,A98,2026-03-29
12279,1213,2,225125,A93,2026-04-04
12280,91,2,225125,A93,2026-03-17
12281,3844,7,223208,D83,2026-06-08
12282,4960,7,223208,D83,2026-03-05
12283,548,6,223208,D83,2026-01-22
12284,2229,7,223208,D83,2026-04-13
12285,4677,2,225125,A98,2026-02-24
12286,2388,6,223208,D83,2026-03-07
12287,2673,7,223208,D83,2026-04-24
12288,756,5,223505,K86,2026-05-10
12289,3484,7,223208,D83,2026-01-16
12290,2458,9,322230,A98,2026-03-07
12291,1197,9,322230,A98,2026-01-31
12292,2734,7,223208,D83,2026-06-22
12293,1378,6,223208,D83,2026-02-15
12294,2011,4,223505,A98,2026-05-11
12295,4247,1,225125,A98,2026-03-06
12296,653,6,223208,D83,2026-04-12
12297,500,9,322230,A98,2026-03-10
12298,4562,8,322230,A98,2026-05-06
12299,1862,3,225125,K86,2026-04-11
12300,3793,1,225125,A93,2026-02-13
12301,2124,2,225125,A93,2026-01-16
12302,2311,9,322230,A98,2026-02-14
12303,4846,6,223208,D83,2026-03-19
12304,3878,4,223505,T90,2026-05-27
12305,1766,1,225125,A93,2026-05-15
12306,3730,9,322230,A98,2026-05-27
12307,2838,9,322230,A98,2026-03-11
12308,566,5,223505,A98,2026-04-26
12309,1224,9,322230,A98,2026-06-28
12310,773,6,223208,D83,2026-04-13
12311,3443,1,225125,T90,2026-03-09
12312,2307,3,225125,A98,2026-01-29
12313,99,7,223208,D83,2026-05-31
12314,2259,3,225125,K86,2026-05-05
12315,3389,2,225125,K86,2026-05-10
12316,4682,5,223505,K86,2026-05-15
12317,4532,6,223208,D83,2026-03-20
12318,4402,8,322230,A98,2026-05-18
12319,1606,1,225125,A93,2026-04-04
12320,3414,7,223208,D83,2026-02-22
12321,1991,4,223505,X86,2026-02-11
12322,2676,8,322230,A98,2026-02-14
12323,3501,3,225125,A98,2026-04-05
12324,3332,3,225125,A98,2026-02-04
12325,4219,9,322230,A98,2026-05-04
12326,981,2,225125,A98,2026-01-30
12327,3589,4,223505,A93,2026-06-10
12328,1351,2,225125,A98,2026-01-01
12329,3838,6,223208,D83,2026-05-28
12330,4114,2,225125,A93,2026-06-26
12331,2236,4,223505,A98,2026-03-13
12332,2316,2,225125,K86,2026-01-20
12333,3947,1,225125,A98,2026-02-23
12334,3480,9,322230,A98,2026-02-19
12335,713,1,225125,A98,2026-02-28
12336,2706,5,223505,A98,2026-04-12
12337,1435,1,225125,A98,2026-05-11
12338,3295,8,322230,A98,2026-02-25
12339,1766,5,223505,K86,2026-05-24
12340,4670,9,322230,A98,2026-05-05
12341,54,3,225125,W78,2026-03-30
12342,2301,7,223208,D83,2026-02-12
12343,4203,1,225125,A93,2026-06-12
12344,2513,2,225125,T90,2026-03-14
12345,2380,2,225125,A98,2026-05-15
12346,3035,8,322230,A98,2026-06-28
12347,4529,8,322230,A98,2026-03-01
12348,4781,3,225125,A93,2026-06-18
12349,533,9,322230,A98,2026-06-26
12350,3734,9,322230,A98,2026-01-16
12351,3588,1,225125,W78,2026-06-18
12352,1278,5,223505,A98,2026-06-14
12353,1554,1,225125,K86,2026-05-25
12354,1150,1,225125,A93,2026-03-17
12355,1154,7,223208,D83,2026-04-21
12356,2184,4,223505,A98,2026-04-02
12357,2978,3,225125,X86,2026-04-12
12358,726,3,225125,T90,2026-03-18
12359,3125,4,223505,A98,2026-03-10
12360,596,7,223208,D83,2026-02-02
12361,4936,2,225125,K86,2026-04-05
12362,296,8,322230,A98,2026-02-03
12363,3490,2,225125,A93,2026-02-27
12364,2439,3,225125,W78,2026-01-16
12365,4895,1,225125,X86,2026-06-13
12366,2759,2,225125,K86,2026-01-29
12367,3517,7,223208,D83,2026-06-12
12368,2250,3,225125,K86,2026-03-31
12369,4071,2,225125,A98,2026-01-25
12370,3072,9,322230,A98,2026-06-14
12371,4134,3,225125,K86,2026-06-16
12372,4038,7,223208,D83,2026-02-06
12373,1424,8,322230,A98,2026-06-07
12374,4883,3,225125,A98,2026-02-26
12375,1522,4,223505,A98,2026-05-13
12376,812,3,225125,W78,2026-03-15
12377,190,4,223505,W78,2026-06-27
12378,3039,3,225125,W78,2026-01-17
12379,3656,5,223505,W78,2026-03-15
12380,946,1,225125,A98,2026-02-23
12381,2472,1,225125,X86,2026-06-15
12382,51,1,225125,A98,2026-05-19
12383,4907,5,223505,T90,2026-04-09
12384,2213,2,225125,A93,2026-05-07
12385,24,6,223208,D83,2026-01-18
12386,1714,9,322230,A98,2026-02-27
12387,1732,2,225125,W78,2026-06-22
12388,3203,6,223208,D83,2026-05-22
12389,4233,6,223208,D83,2026-06-05
12390,4703,6,223208,D83,2026-03-09
12391,4156,7,223208,D83,2026-02-06
12392,878,3,225125,A98,2026-04-08
12393,1672,6,223208,D83,2026-03-29
12394,2385,5,223505,A98,2026-03-10
12395,1894,3,225125,A98,2026-01-08
12396,4729,1,225125,X86,2026-03-29
12397,1783,1,225125,X86,2026-02-10
12398,3951,9,322230,A98,2026-02-23
12399,1511,5,223505,T90,2026-06-25
12400,2028,6,223208,D83,2026-02-26
12401,1162,2,225125,A98,2026-05-20
12402,1748,3,225125,A98,2026-02-08
12403,3413,3,225125,X86,2026-02-02
12404,360,4,223505,T90,2026-02-11
12405,4442,2,225125,K86,2026-06-10
12406,342,6,223208,D83,2026-06-13
12407,568,1,225125,A93,2026-03-24
12408,1107,5,223505,A93,2026-06-10
12409,2546,1,225125,A93,2026-02-16
12410,4604,6,223208,D83,2026-02-03
12411,1672,7,223208,D83,2026-02-08
12412,867,9,322230,A98,2026-06-01
12413,1457,4,223505,X86,2026-02-05
12414,3180,7,223208,D83,2026-05-03
12415,936,4,223505,K86,2026-03-14
12416,1889,1,225125,T90,2026-01-29
12417,2610,3,225125,W78,2026-04-26
12418,832,2,225125,A93,2026-02-01
12419,4949,2,225125,A93,2026-01-13
12420,3343,4,223505,X86,2026-03-17
12421,4402,7,223208,D83,2026-03-02
12422,4998,7,223208,D83,2026-04-28
12423,4145,4,223505,A98,2026-05-31
12424,4235,4,223505,T90,2026-05-21
12425,584,5,223505,A98,2026-06-24
12426,173,7,223208,D83,2026-01-13
12427,821,6,223208,D83,2026-05-23
12428,302,1,225125,T90,2026-02-08
12429,1450,1,225125,K86,2026-04-20
12430,1139,1,225125,W78,2026-04-01
12431,1369,1,225125,K86,2026-06-20
12432,4931,1,225125,X86,2026-04-05
12433,3573,9,322230,A98,2026-01-24
12434,4095,6,223208,D83,2026-05-03
12435,3447,4,223505,K86,2026-03-11
12436,4916,1,225125,T90,2026-05-19
12437,4843,2,225125,A98,2026-04-25
12438,2323,4,223505,A93,2026-04-04
12439,2955,1,225125,K86,2026-04-20
12440,1606,1,225125,A98,2026-02-28
12441,2422,5,223505,K86,2026-06-05
12442,942,1,225125,A98,2026-04-20
12443,1958,1,225125,K86,2026-04-20
12444,1625,8,322230,A98,2026-02-24
12445,3506,9,322230,A98,2026-04-17
12446,1499,9,322230,A98,2026-03-15
12447,1033,1,225125,K86,2026-02-01
12448,3710,6,223208,D83,2026-06-10
12449,4624,2,225125,X86,2026-04-12
12450,1461,9,322230,A98,2026-01-02
12451,1685,7,223208,D83,2026-05-04
12452,4758,4,223505,A98,2026-04-30
12453,759,1,225125,A98,2026-03-10
12454,4937,9,322230,A98,2026-02-04
12455,3785,3,225125,A98,2026-06-13
12456,3676,1,225125,A98,2026-04-02
12457,547,7,223208,D83,2026-02-26
12458,327,5,223505,A98,2026-01-29
12459,1501,2,225125,T90,2026-02-12
12460,4906,2,225125,X86,2026-02-20
12461,3499,1,225125,W78,2026-02-27
12462,2282,2,225125,K86,2026-03-09
12463,4669,6,223208,D83,2026-04-24
12464,7,2,225125,A98,2026-01-17
12465,172,1,225125,A93,2026-04-29
12466,725,2,225125,W78,2026-02-15
12467,4032,5,223505,K86,2026-03-30
12468,3848,1,225125,W78,2026-02-01
12469,1934,4,223505,X86,2026-03-01
12470,1354,7,223208,D83,2026-04-24
12471,427,6,223208,D83,2026-04-08
12472,1351,9,322230,A98,2026-02-12
12473,2377,3,225125,K86,2026-05-05
12474,953,9,322230,A98,2026-05-12
12475,3669,8,322230,A98,2026-01-27
12476,3021,6,223208,D83,2026-06-14
12477,2651,3,225125,T90,2026-04-20
12478,3844,9,322230,A98,2026-01-23
12479,2563,3,225125,K86,2026-05-18
12480,4409,7,223208,D83,2026-04-24
12481,262,3,225125,A98,2026-01-22
12482,2809,8,322230,A98,2026-01-10
12483,3747,3,225125,X86,2026-02-08
12484,887,4,223505,K86,2026-01-19
12485,3230,2,225125,A98,2026-04-09
12486,2423,4,223505,K86,2026-01-14
12487,2812,1,225125,K86,2026-06-15
12488,1641,4,223505,A93,2026-05-20
12489,1674,2,225125,K86,2026-06-22
12490,1364,2,225125,A98,2026-05-31
12491,2995,1,225125,K86,2026-05-01
12492,3381,8,322230,A98,2026-03-10
12493,4865,5,223505,A98,2026-03-16
12494,4634,9,322230,A98,2026-01-30
12495,235,2,225125,W78,2026-04-01
12496,2575,2,225125,K86,2026-01-11
12497,4936,1,225125,K86,2026-05-28
12498,4376,1,225125,W78,2026-06-10
12499,3288,9,322230,A98,2026-03-28
12500,2717,3,225125,A93,2026-04-17
12501,3111,5,223505,K86,2026-04-20
12502,4801,6,223208,D83,2026-01-25
12503,4888,6,223208,D83,2026-01-15
12504,244,3,225125,K86,2026-05-08
12505,604,7,223208,D83,2026-06-07
12506,4958,2,225125,K86,2026-03-24
12507,4158,1,225125,A98,2026-03-26
12508,449,5,223505,T90,2026-02-06
12509,4854,1,225125,X86,2026-06-08
12510,3118,3,225125,A98,2026-05-23
12511,957,1,225125,K86,2026-03-13
12512,2147,5,223505,K86,2026-06-22
12513,638,8,322230,A98,2026-02-24
12514,2422,2,225125,K86,2026-04-22
12515,1141,2,225125,K86,2026-01-13
12516,1679,3,225125,A98,2026-02-28
12517,2011,1,225125,A98,2026-03-05
12518,4609,3,225125,X86,2026-01-21
12519,3244,1,225125,A98,2026-06-08
12520,3373,8,322230,A98,2026-06-08
12521,2142,8,322230,A98,2026-03-25
12522,330,9,322230,A98,2026-03-28
12523,2919,2,225125,X86,2026-05-11
12524,3564,4,223505,A98,2026-05-12
12525,1380,8,322230,A98,2026-04-06
12526,2365,1,225125,K86,2026-01-31
12527,2543,1,225125,A98,2026-05-31
12528,419,1,225125,A93,2026-03-24
12529,1669,2,225125,K86,2026-01-07
12530,636,1,225125,K86,2026-02-08
12531,4589,3,225125,T90,2026-05-25
12532,2209,4,223505,K86,2026-03-31
12533,4218,5,223505,A98,2026-03-12
12534,2700,4,223505,W78,2026-04-21
12535,2397,1,225125,K86,2026-04-30
12536,1250,6,223208,D83,2026-03-30
12537,501,8,322230,A98,2026-02-09
12538,2320,9,322230,A98,2026-03-11
12539,1992,6,223208,D83,2026-03-26
12540,898,2,225125,T90,2026-04-07
12541,1672,4,223505,W78,2026-02-26
12542,3277,1,225125,A98,2026-05-19
12543,1204,6,223208,D83,2026-01-01
12544,2246,1,225125,X86,2026-03-07
12545,4583,7,223208,D83,2026-03-06
12546,1474,2,225125,A98,2026-01-01
12547,1008,7,223208,D83,2026-03-30
12548,159,4,223505,A98,2026-01-07
12549,11,4,223505,K86,2026-05-17
12550,4563,8,322230,A98,2026-01-03
12551,2517,5,223505,A98,2026-02-05
12552,310,2,225125,A98,2026-01-28
12553,2329,6,223208,D83,2026-06-15
12554,2712,9,322230,A98,2026-05-04
12555,4378,6,223208,D83,2026-03-28
12556,4522,7,223208,D83,2026-04-14
12557,677,7,223208,D83,2026-01-01
12558,3045,2,225125,W78,2026-03-15
12559,3582,6,223208,D83,2026-06-25
12560,3125,7,223208,D83,2026-01-21
12561,1487,4,223505,A93,2026-04-16
12562,4124,5,223505,A98,2026-05-13
12563,4,2,225125,A98,2026-06-02
12564,4857,5,223505,A98,2026-04-20
12565,3925,2,225125,A98,2026-01-27
12566,1441,9,322230,A98,2026-02-24
12567,861,3,225125,X86,2026-05-20
12568,505,1,225125,A98,2026-05-25
12569,859,4,223505,W78,2026-04-14
12570,3961,1,225125,K86,2026-05-05
12571,530,2,225125,T90,2026-05-24
12572,3608,7,223208,D83,2026-05-14
12573,4247,1,225125,K86,2026-01-31
12574,2450,2,225125,K86,2026-06-07
12575,1893,8,322230,A98,2026-01-28
12576,477,1,225125,A98,2026-04-18
12577,2244,4,223505,W78,2026-04-28
12578,943,5,223505,A98,2026-01-24
12579,4276,3,225125,W78,2026-05-13
12580,863,1,225125,T90,2026-06-14
12581,169,3,225125,A98,2026-03-22
12582,862,8,322230,A98,2026-01-11
12583,1438,8,322230,A98,2026-01-28
12584,2416,7,223208,D83,2026-03-16
12585,1972,1,225125,K86,2026-03-27
12586,4838,4,223505,W78,2026-06-02
12587,1064,4,223505,W78,2026-03-18
12588,2131,6,223208,D83,2026-01-21
12589,3152,2,225125,A93,2026-01-14
12590,2505,1,225125,A98,2026-03-24
12591,3776,1,225125,W78,2026-05-12
12592,4836,3,225125,W78,2026-03-21
12593,3023,8,322230,A98,2026-01-20
12594,1275,2,225125,W78,2026-01-10
12595,3986,2,225125,K86,2026-01-05
12596,1381,7,223208,D83,2026-05-29
12597,2213,1,225125,A98,2026-02-23
12598,1300,7,223208,D83,2026-06-06
12599,2063,2,225125,A98,2026-03-31
12600,2615,3,225125,T90,2026-03-13
12601,1273,1,225125,K86,2026-06-17
12602,156,2,225125,A98,2026-03-22
12603,3616,3,225125,K86,2026-03-29
12604,937,8,322230,A98,2026-02-21
12605,3249,6,223208,D83,2026-04-06
12606,457,2,225125,T90,2026-01-08
12607,3411,1,225125,K86,2026-02-13
12608,3490,7,223208,D83,2026-02-14
12609,4948,7,223208,D83,2026-06-04
12610,3934,5,223505,W78,2026-05-10
12611,2901,8,322230,A98,2026-02-14
12612,1085,1,225125,A98,2026-05-15
12613,3894,1,225125,A98,2026-03-01
12614,4316,4,223505,X86,2026-06-14
12615,2134,2,225125,A98,2026-06-05
12616,194,7,223208,D83,2026-05-06
12617,4516,6,223208,D83,2026-02-23
12618,1768,7,223208,D83,2026-01-16
12619,539,6,223208,D83,2026-04-29
12620,1781,2,225125,A98,2026-02-21
12621,1209,1,225125,A98,2026-01-18
12622,391,2,225125,T90,2026-02-23
12623,4302,2,225125,T90,2026-03-24
12624,4287,4,223505,K86,2026-01-19
12625,461,3,225125,K86,2026-03-18
12626,4352,6,223208,D83,2026-06-28
12627,297,2,225125,K86,2026-06-11
12628,2270,1,225125,T90,2026-04-14
12629,1220,1,225125,A98,2026-06-29
12630,4511,2,225125,A98,2026-04-21
12631,1904,4,223505,A98,2026-03-07
12632,3039,6,223208,D83,2026-03-30
12633,2644,3,225125,K86,2026-02-24
12634,4588,1,225125,A98,2026-05-13
12635,4264,6,223208,D83,2026-03-30
12636,3145,6,223208,D83,2026-03-09
12637,4460,2,225125,A98,2026-03-17
12638,2184,1,225125,A98,2026-02-16
12639,4382,2,225125,A98,2026-02-28
12640,3697,7,223208,D83,2026-05-28
12641,4127,8,322230,A98,2026-03-30
12642,1709,3,225125,K86,2026-06-22
12643,15,5,223505,X86,2026-04-06
12644,3529,8,322230,A98,2026-06-29
12645,3224,3,225125,K86,2026-04-30
12646,2106,7,223208,D83,2026-04-16
12647,2841,2,225125,T90,2026-05-20
12648,3344,7,223208,D83,2026-05-24
12649,4191,1,225125,X86,2026-06-26
12650,103,3,225125,K86,2026-01-31
12651,1732,8,322230,A98,2026-06-06
12652,2864,7,223208,D83,2026-04-14
12653,707,1,225125,T90,2026-06-04
12654,4193,4,223505,K86,2026-06-13
12655,3196,8,322230,A98,2026-01-24
12656,377,1,225125,X86,2026-02-27
12657,2511,2,225125,K86,2026-06-08
12658,1889,1,225125,T90,2026-02-11
12659,1213,3,225125,X86,2026-01-27
12660,2398,4,223505,A98,2026-06-15
12661,4144,3,225125,A98,2026-05-20
12662,153,9,322230,A98,2026-06-15
12663,1216,4,223505,X86,2026-06-12
12664,4078,9,322230,A98,2026-04-20
12665,4906,2,225125,K86,2026-03-03
12666,2054,8,322230,A98,2026-04-20
12667,744,4,223505,T90,2026-03-31
12668,1758,2,225125,A98,2026-02-23
12669,2410,1,225125,A98,2026-02-06
12670,2437,3,225125,A93,2026-05-15
12671,1470,2,225125,A98,2026-05-28
12672,364,1,225125,A93,2026-06-27
12673,3237,1,225125,K86,2026-01-29
12674,2242,7,223208,D83,2026-01-08
12675,380,3,225125,W78,2026-05-08
12676,4550,2,225125,K86,2026-01-09
12677,1319,7,223208,D83,2026-02-01
12678,4256,2,225125,A98,2026-03-28
12679,4374,2,225125,K86,2026-06-26
12680,3467,4,223505,A98,2026-05-11
12681,4081,8,322230,A98,2026-06-07
12682,4596,6,223208,D83,2026-04-13
12683,2555,4,223505,W78,2026-02-10
12684,1786,2,225125,A98,2026-06-19
12685,3051,2,225125,T90,2026-04-30
12686,1875,2,225125,A98,2026-06-21
12687,1027,1,225125,X86,2026-04-04
12688,3022,2,225125,A98,2026-02-25
12689,3884,3,225125,W78,2026-02-15
12690,1316,9,322230,A98,2026-04-15
12691,3767,2,225125,A93,2026-03-12
12692,3355,4,223505,A98,2026-01-22
12693,1188,3,225125,T90,2026-02-09
12694,1998,1,225125,W78,2026-05-08
12695,2927,6,223208,D83,2026-03-23
12696,4593,7,223208,D83,2026-03-14
12697,2125,9,322230,A98,2026-06-13
12698,3235,3,225125,A98,2026-01-31
12699,3016,4,223505,A98,2026-05-21
12700,1942,4,223505,K86,2026-05-12
12701,2022,1,225125,A93,2026-03-17
12702,2369,1,225125,A93,2026-04-29
12703,4202,5,223505,K86,2026-06-03
12704,3897,4,223505,A98,2026-03-15
12705,321,1,225125,W78,2026-06-13
12706,527,1,225125,W78,2026-05-02
12707,2912,6,223208,D83,2026-03-06
12708,2337,4,223505,W78,2026-06-08
12709,4206,1,225125,A98,2026-04-01
12710,2227,2,225125,A98,2026-06-13
12711,4870,2,225125,A98,2026-05-09
12712,4991,9,322230,A98,2026-01-28
12713,4694,1,225125,A98,2026-05-31
12714,917,7,223208,D83,2026-02-03
12715,3956,9,322230,A98,2026-01-24
12716,2520,8,322230,A98,2026-05-04
12717,3406,9,322230,A98,2026-04-30
12718,1736,6,223208,D83,2026-04-13
12719,2192,6,223208,D83,2026-05-16
12720,2777,5,223505,A98,2026-05-08
12721,2852,7,223208,D83,2026-02-20
12722,569,2,225125,K86,2026-06-01
12723,2839,7,223208,D83,2026-03-09
12724,2891,2,225125,K86,2026-03-20
12725,1970,1,225125,A93,2026-03-17
12726,84,6,223208,D83,2026-04-27
12727,3118,8,322230,A98,2026-03-10
12728,3429,6,223208,D83,2026-01-06
12729,2945,8,322230,A98,2026-05-20
12730,2792,8,322230,A98,2026-05-14
12731,3534,1,225125,W78,2026-04-20
12732,3315,4,223505,X86,2026-01-12
12733,4201,7,223208,D83,2026-05-06
12734,3399,3,225125,K86,2026-06-08
12735,2149,2,225125,A98,2026-05-31
12736,4957,1,225125,K86,2026-06-18
12737,1044,7,223208,D83,2026-01-15
12738,3684,3,225125,X86,2026-02-18
12739,3125,1,225125,T90,2026-04-30
12740,4933,8,322230,A98,2026-04-29
12741,4822,1,225125,A98,2026-02-28
12742,2332,2,225125,A98,2026-05-16
12743,3616,7,223208,D83,2026-03-14
12744,3640,2,225125,A98,2026-06-07
12745,4649,3,225125,A98,2026-03-13
12746,299,2,225125,K86,2026-04-22
12747,2240,1,225125,T90,2026-03-27
12748,4818,9,322230,A98,2026-02-04
12749,3449,4,223505,A98,2026-06-04
12750,2003,8,322230,A98,2026-02-02
12751,2241,7,223208,D83,2026-02-22
12752,4381,2,225125,K86,2026-04-12
12753,4877,7,223208,D83,2026-03-12
12754,4709,3,225125,A98,2026-05-30
12755,4168,1,225125,A98,2026-04-02
12756,3391,8,322230,A98,2026-05-21
12757,3468,2,225125,A98,2026-01-20
12758,3711,4,223505,A98,2026-01-26
12759,2972,4,223505,A98,2026-04-17
12760,1341,6,223208,D83,2026-04-30
12761,3573,8,322230,A98,2026-01-19
12762,4095,2,225125,K86,2026-06-14
12763,3373,8,322230,A98,2026-03-08
12764,1314,6,223208,D83,2026-03-23
12765,450,1,225125,A98,2026-02-02
12766,1539,8,322230,A98,2026-03-01
12767,1930,1,225125,A98,2026-05-26
12768,1901,2,225125,W78,2026-05-13
12769,4308,4,223505,A93,2026-02-25
12770,3563,3,225125,X86,2026-04-04
12771,3559,4,223505,A98,2026-03-15
12772,2801,4,223505,A93,2026-01-17
12773,543,4,223505,A98,2026-02-17
12774,1290,3,225125,A93,2026-06-07
12775,327,7,223208,D83,2026-05-28
12776,2915,5,223505,A98,2026-01-30
12777,2647,2,225125,X86,2026-06-13
12778,2195,4,223505,A98,2026-02-24
12779,1318,2,225125,T90,2026-03-13
12780,4911,1,225125,X86,2026-03-22
12781,1654,8,322230,A98,2026-06-10
12782,2089,1,225125,A98,2026-04-22
12783,4880,5,223505,T90,2026-03-26
12784,2571,9,322230,A98,2026-03-10
12785,4567,1,225125,T90,2026-01-02
12786,663,1,225125,A98,2026-02-01
12787,2847,5,223505,W78,2026-05-07
12788,3652,4,223505,T90,2026-05-17
12789,2956,8,322230,A98,2026-01-21
12790,4350,2,225125,T90,2026-02-07
12791,4108,2,225125,A98,2026-05-01
12792,806,1,225125,K86,2026-02-13
12793,3713,1,225125,K86,2026-03-12
12794,878,3,225125,K86,2026-05-17
12795,2177,9,322230,A98,2026-05-18
12796,4541,8,322230,A98,2026-02-18
12797,2751,1,225125,A98,2026-05-09
12798,429,2,225125,T90,2026-04-12
12799,3411,8,322230,A98,2026-06-26
12800,3311,5,223505,A93,2026-02-04
12801,2574,6,223208,D83,2026-06-28
12802,507,4,223505,A93,2026-03-23
12803,181,2,225125,W78,2026-06-28
12804,1846,7,223208,D83,2026-06-20
12805,3435,5,223505,A98,2026-03-02
12806,1832,3,225125,A98,2026-04-27
12807,652,1,225125,W78,2026-04-08
12808,4170,2,225125,K86,2026-01-15
12809,2955,2,225125,W78,2026-04-07
12810,3663,9,322230,A98,2026-01-11
12811,2488,7,223208,D83,2026-06-11
12812,3651,5,223505,T90,2026-02-06
12813,818,6,223208,D83,2026-03-31
12814,3282,7,223208,D83,2026-06-28
12815,4719,8,322230,A98,2026-01-05
12816,3184,7,223208,D83,2026-02-13
12817,1152,5,223505,W78,2026-06-08
12818,1888,2,225125,A98,2026-03-26
12819,1955,7,223208,D83,2026-02-10
12820,4595,1,225125,A98,2026-04-28
12821,1498,5,223505,W78,2026-06-02
12822,4370,5,223505,W78,2026-06-09
12823,1538,8,322230,A98,2026-02-18
12824,494,1,225125,X86,2026-04-15
12825,2960,1,225125,T90,2026-05-18
12826,2997,7,223208,D83,2026-05-27
12827,560,6,223208,D83,2026-03-06
12828,765,1,225125,K86,2026-06-08
12829,3939,7,223208,D83,2026-04-09
12830,1333,5,223505,K86,2026-01-18
12831,3363,2,225125,W78,2026-02-04
12832,4669,9,322230,A98,2026-04-05
12833,3667,1,225125,K86,2026-05-21
12834,3247,8,322230,A98,2026-03-18
12835,744,5,223505,A98,2026-04-28
12836,4831,5,223505,K86,2026-05-16
12837,986,7,223208,D83,2026-01-13
12838,1791,9,322230,A98,2026-01-29
12839,4272,2,225125,K86,2026-06-13
12840,3970,1,225125,W78,2026-05-14
12841,1468,2,225125,A98,2026-03-01
12842,4513,8,322230,A98,2026-05-14
12843,2151,2,225125,A93,2026-02-27
12844,3090,9,322230,A98,2026-06-13
12845,779,1,225125,K86,2026-03-17
12846,4189,1,225125,A98,2026-06-21
12847,655,8,322230,A98,2026-01-17
12848,2925,9,322230,A98,2026-06-01
12849,268,8,322230,A98,2026-06-17
12850,1613,4,223505,K86,2026-04-09
12851,503,4,223505,K86,2026-02-05
12852,4062,9,322230,A98,2026-01-18
12853,2357,7,223208,D83,2026-05-14
12854,861,2,225125,A98,2026-03-19
12855,4593,9,322230,A98,2026-01-18
12856,4674,7,223208,D83,2026-05-19
12857,1449,1,225125,W78,2026-06-20
12858,2537,2,225125,W78,2026-03-05
12859,3890,9,322230,A98,2026-03-15
12860,741,1,225125,X86,2026-01-23
12861,3201,9,322230,A98,2026-03-20
12862,2572,5,223505,K86,2026-02-28
12863,3109,5,223505,A98,2026-01-27
12864,1164,2,225125,T90,2026-02-19
12865,1236,9,322230,A98,2026-06-16
12866,4695,9,322230,A98,2026-02-12
12867,2253,9,322230,A98,2026-05-20
12868,3874,3,225125,A93,2026-03-27
12869,4343,1,225125,A98,2026-02-27
12870,4281,1,225125,A93,2026-06-03
12871,2914,5,223505,K86,2026-06-02
12872,4365,2,225125,T90,2026-05-20
12873,4160,2,225125,K86,2026-03-29
12874,1229,8,322230,A98,2026-01-23
12875,140,2,225125,A98,2026-04-19
12876,4928,6,223208,D83,2026-04-18
12877,2116,2,225125,A98,2026-02-24
12878,4082,9,322230,A98,2026-04-22
12879,1786,2,225125,A98,2026-03-22
12880,1490,9,322230,A98,2026-06-10
12881,4406,7,223208,D83,2026-03-13
12882,4906,7,223208,D83,2026-05-10
12883,1342,4,223505,X86,2026-05-03
12884,1593,6,223208,D83,2026-01-17
12885,2780,8,322230,A98,2026-03-16
12886,1588,8,322230,A98,2026-06-13
12887,960,2,225125,A98,2026-04-04
12888,1209,8,322230,A98,2026-04-13
12889,3903,8,322230,A98,2026-04-06
12890,4959,8,322230,A98,2026-04-17
12891,1214,2,225125,W78,2026-06-25
12892,3427,7,223208,D83,2026-06-23
12893,4719,1,225125,W78,2026-02-12
12894,3350,9,322230,A98,2026-01-23
12895,4677,9,322230,A98,2026-01-29
12896,4192,1,225125,T90,2026-03-08
12897,3893,7,223208,D83,2026-01-13
12898,557,7,223208,D83,2026-05-05
12899,713,3,225125,A93,2026-03-12
12900,1743,1,225125,A93,2026-03-28
12901,132,9,322230,A98,2026-05-19
12902,1866,9,322230,A98,2026-01-21
12903,2997,6,223208,D83,2026-03-15
12904,2654,2,225125,K86,2026-01-30
12905,2372,9,322230,A98,2026-03-24
12906,608,3,225125,A98,2026-06-01
12907,1304,1,225125,A98,2026-02-24
12908,2170,8,322230,A98,2026-01-04
12909,3512,6,223208,D83,2026-05-22
12910,370,2,225125,A98,2026-04-20
12911,1338,5,223505,A98,2026-05-22
12912,4409,4,223505,A98,2026-05-15
12913,61,8,322230,A98,2026-02-22
12914,2309,7,223208,D83,2026-03-22
12915,1789,7,223208,D83,2026-06-09
12916,2830,2,225125,X86,2026-06-23
12917,984,3,225125,A93,2026-02-04
12918,309,4,223505,K86,2026-04-23
12919,3871,4,223505,A98,2026-01-12
12920,4337,7,223208,D83,2026-03-02
12921,4771,1,225125,A98,2026-01-12
12922,41,2,225125,K86,2026-05-13
12923,3970,1,225125,K86,2026-01-30
12924,2163,7,223208,D83,2026-06-02
12925,3733,8,322230,A98,2026-04-29
12926,3322,2,225125,T90,2026-05-15
12927,1751,9,322230,A98,2026-01-20
12928,4730,1,225125,A93,2026-05-22
12929,85,2,225125,A98,2026-01-15
12930,2888,9,322230,A98,2026-04-13
12931,2697,7,223208,D83,2026-04-07
12932,184,5,223505,W78,2026-01-26
12933,1055,5,223505,T90,2026-05-09
12934,4253,8,322230,A98,2026-01-11
12935,927,2,225125,A98,2026-05-27
12936,2078,1,225125,K86,2026-02-04
12937,2585,2,225125,K86,2026-05-22
12938,1422,6,223208,D83,2026-04-20
12939,1222,4,223505,W78,2026-06-28
12940,277,8,322230,A98,2026-01-11
12941,1462,9,322230,A98,2026-04-11
12942,64,2,225125,A93,2026-03-29
12943,593,9,322230,A98,2026-04-16
12944,4452,8,322230,A98,2026-04-18
12945,1163,8,322230,A98,2026-04-03
12946,2930,6,223208,D83,2026-05-03
12947,4137,8,322230,A98,2026-06-08
12948,592,2,225125,X86,2026-06-01
12949,1897,4,223505,K86,2026-01-20
12950,41,4,223505,K86,2026-05-30
12951,2030,3,225125,A98,2026-01-01
12952,1119,2,225125,X86,2026-06-25
12953,2411,7,223208,D83,2026-06-11
12954,1076,2,225125,K86,2026-01-24
12955,3187,1,225125,A98,2026-01-21
12956,4311,8,322230,A98,2026-05-10
12957,2629,2,225125,A98,2026-02-03
12958,3591,9,322230,A98,2026-05-03
12959,2913,2,225125,A93,2026-03-29
12960,3018,8,322230,A98,2026-02-26
12961,3391,8,322230,A98,2026-01-19
12962,2220,2,225125,T90,2026-02-17
12963,2096,3,225125,T90,2026-02-15
12964,2976,1,225125,K86,2026-02-15
12965,536,7,223208,D83,2026-03-09
12966,1086,6,223208,D83,2026-05-21
12967,4413,5,223505,A98,2026-05-09
12968,2225,1,225125,X86,2026-01-24
12969,4661,9,322230,A98,2026-03-14
12970,2479,4,223505,A98,2026-02-10
12971,2071,2,225125,X86,2026-03-15
12972,1674,8,322230,A98,2026-01-11
12973,4017,6,223208,D83,2026-01-28
12974,3396,3,225125,A93,2026-05-12
12975,3850,7,223208,D83,2026-05-05
12976,3018,3,225125,T90,2026-05-07
12977,1005,9,322230,A98,2026-06-15
12978,2097,2,225125,K86,2026-02-04
12979,3838,1,225125,K86,2026-05-14
12980,2147,2,225125,W78,2026-01-25
12981,2927,2,225125,X86,2026-01-25
12982,1774,7,223208,D83,2026-01-05
12983,1128,4,223505,A98,2026-06-15
12984,4789,2,225125,X86,2026-01-20
12985,3306,9,322230,A98,2026-05-08
12986,1472,1,225125,A98,2026-02-05
12987,261,3,225125,X86,2026-01-10
12988,959,9,322230,A98,2026-04-08
12989,1763,2,225125,K86,2026-03-20
12990,4220,9,322230,A98,2026-01-30
12991,3393,9,322230,A98,2026-02-06
12992,2249,9,322230,A98,2026-03-22
12993,872,8,322230,A98,2026-03-10
12994,1888,5,223505,K86,2026-03-01
12995,2734,3,225125,A98,2026-04-02
12996,2122,1,225125,A98,2026-06-28
12997,3249,4,223505,A98,2026-05-23
12998,91,5,223505,A98,2026-01-10
12999,19,7,223208,D83,2026-01-16
13000,1310,6,223208,D83,2026-01-14
13001,2466,9,322230,A98,2026-02-23
13002,701,9,322230,A98,2026-02-10
13003,229,4,223505,A98,2026-04-08
13004,2425,9,322230,A98,2026-02-18
13005,4022,4,223505,X86,2026-02-06
13006,173,3,225125,A98,2026-06-13
13007,2911,8,322230,A98,2026-06-28
13008,1441,4,223505,A98,2026-04-21
13009,2013,1,225125,A93,2026-02-24
13010,179,9,322230,A98,2026-02-08
13011,643,4,223505,T90,2026-06-09
13012,2767,6,223208,D83,2026-03-09
13013,3058,7,223208,D83,2026-02-08
13014,554,7,223208,D83,2026-06-23
13015,3903,2,225125,A98,2026-06-02
13016,1768,5,223505,K86,2026-04-09
13017,2756,9,322230,A98,2026-02-15
13018,2249,9,322230,A98,2026-02-25
13019,390,4,223505,K86,2026-06-11
13020,2054,9,322230,A98,2026-01-05
13021,4613,9,322230,A98,2026-03-27
13022,634,2,225125,A98,2026-01-11
13023,3499,1,225125,W78,2026-05-11
13024,1783,9,322230,A98,2026-05-02
13025,1159,5,223505,K86,2026-04-27
13026,4107,8,322230,A98,2026-03-30
13027,3226,1,225125,T90,2026-05-29
13028,4054,3,225125,K86,2026-04-30
13029,4822,6,223208,D83,2026-04-23
13030,522,6,223208,D83,2026-05-10
13031,1400,7,223208,D83,2026-04-01
13032,468,3,225125,A98,2026-04-14
13033,3116,4,223505,W78,2026-02-03
13034,3723,5,223505,T90,2026-04-29
13035,3932,2,225125,X86,2026-04-19
13036,1894,5,223505,A93,2026-06-06
13037,1390,6,223208,D83,2026-05-14
13038,1103,1,225125,A98,2026-04-05
13039,525,5,223505,W78,2026-06-05
13040,1542,1,225125,K86,2026-06-08
13041,2289,6,223208,D83,2026-03-15
13042,1554,1,225125,W78,2026-03-20
13043,2699,4,223505,A98,2026-03-11
13044,328,1,225125,A98,2026-01-22
13045,4858,9,322230,A98,2026-06-11
13046,3557,5,223505,A93,2026-03-28
13047,3847,7,223208,D83,2026-04-02
13048,4775,4,223505,A98,2026-04-01
13049,2449,3,225125,A98,2026-04-22
13050,2339,4,223505,X86,2026-03-31
13051,2730,8,322230,A98,2026-01-12
13052,4913,6,223208,D83,2026-03-20
13053,4918,4,223505,A93,2026-03-14
13054,3199,8,322230,A98,2026-02-18
13055,1780,3,225125,A98,2026-02-27
13056,3258,7,223208,D83,2026-03-23
13057,382,5,223505,A93,2026-03-15
13058,1610,1,225125,A93,2026-01-30
13059,1041,4,223505,T90,2026-06-08
13060,4748,4,223505,K86,2026-03-20
13061,2729,2,225125,T90,2026-04-22
13062,4237,6,223208,D83,2026-06-08
13063,2133,1,225125,A93,2026-01-10
13064,4208,5,223505,A98,2026-05-10
13065,432,5,223505,K86,2026-04-06
13066,644,8,322230,A98,2026-06-12
13067,243,9,322230,A98,2026-01-21
13068,1667,1,225125,A98,2026-01-11
13069,1890,1,225125,A98,2026-01-07
13070,2341,8,322230,A98,2026-05-28
13071,1138,5,223505,A93,2026-04-03
13072,4402,5,223505,X86,2026-02-13
13073,554,4,223505,T90,2026-01-27
13074,95,6,223208,D83,2026-02-11
13075,1408,6,223208,D83,2026-02-08
13076,4219,1,225125,A98,2026-06-25
13077,1579,5,223505,A93,2026-02-15
13078,3640,4,223505,T90,2026-04-20
13079,2156,1,225125,A98,2026-02-17
13080,1595,7,223208,D83,2026-06-02
13081,167,9,322230,A98,2026-02-28
13082,3872,6,223208,D83,2026-05-28
13083,3774,1,225125,W78,2026-03-24
13084,1562,4,223505,X86,2026-01-20
13085,365,6,223208,D83,2026-04-15
13086,4261,1,225125,T90,2026-05-10
13087,4271,6,223208,D83,2026-03-27
13088,2125,7,223208,D83,2026-03-01
13089,4170,4,223505,W78,2026-05-19
13090,1688,1,225125,A98,2026-03-04
13091,2971,2,225125,A98,2026-03-19
13092,3659,1,225125,A98,2026-02-25
13093,1110,4,223505,A98,2026-03-14
13094,2419,7,223208,D83,2026-04-01
13095,1079,5,223505,W78,2026-04-11
13096,3379,9,322230,A98,2026-01-18
13097,1852,7,223208,D83,2026-06-19
13098,2309,8,322230,A98,2026-04-29
13099,978,8,322230,A98,2026-02-25
13100,2925,1,225125,A93,2026-06-03
13101,655,9,322230,A98,2026-02-06
13102,2309,2,225125,A98,2026-05-17
13103,1834,8,322230,A98,2026-05-28
13104,1052,2,225125,W78,2026-05-20
13105,4974,2,225125,A98,2026-03-09
13106,2125,4,223505,A98,2026-01-26
13107,1087,5,223505,A98,2026-03-05
13108,1178,9,322230,A98,2026-05-06
13109,890,4,223505,A93,2026-04-20
13110,3610,8,322230,A98,2026-02-07
13111,455,5,223505,A93,2026-06-24
13112,2648,6,223208,D83,2026-06-26
13113,1438,8,322230,A98,2026-04-25
13114,490,9,322230,A98,2026-05-24
13115,2709,4,223505,K86,2026-01-29
13116,4701,9,322230,A98,2026-01-16
13117,341,7,223208,D83,2026-04-22
13118,991,9,322230,A98,2026-06-04
13119,4015,9,322230,A98,2026-05-29
13120,2127,4,223505,A98,2026-01-13
13121,4038,6,223208,D83,2026-01-31
13122,3582,1,225125,W78,2026-05-13
13123,2126,9,322230,A98,2026-02-21
13124,4400,5,223505,W78,2026-01-11
13125,1491,2,225125,T90,2026-02-06
13126,377,1,225125,A93,2026-03-02
13127,4090,1,225125,A93,2026-03-19
13128,4689,6,223208,D83,2026-01-04
13129,4755,2,225125,A93,2026-04-05
13130,1357,1,225125,A98,2026-04-19
13131,4929,6,223208,D83,2026-02-17
13132,708,1,225125,W78,2026-01-17
13133,1833,1,225125,A93,2026-06-27
13134,4901,1,225125,A98,2026-04-27
13135,4635,3,225125,A98,2026-03-05
13136,328,1,225125,W78,2026-04-18
13137,3104,5,223505,W78,2026-04-25
13138,2743,7,223208,D83,2026-04-15
13139,2984,1,225125,T90,2026-01-11
13140,1475,1,225125,K86,2026-05-12
13141,2400,3,225125,K86,2026-05-01
13142,2639,3,225125,K86,2026-03-08
13143,2345,1,225125,A98,2026-03-28
13144,4054,1,225125,A98,2026-02-01
13145,4377,9,322230,A98,2026-04-22
13146,1840,8,322230,A98,2026-03-06
13147,1337,4,223505,K86,2026-01-08
13148,3657,1,225125,A98,2026-03-15
13149,1937,1,225125,T90,2026-01-30
13150,2151,1,225125,T90,2026-05-15
13151,2054,2,225125,K86,2026-06-26
13152,917,6,223208,D83,2026-03-16
13153,3975,3,225125,X86,2026-05-30
13154,2758,3,225125,A93,2026-06-05
13155,2805,7,223208,D83,2026-04-03
13156,3649,1,225125,X86,2026-04-06
13157,3743,2,225125,A98,2026-02-14
13158,3585,2,225125,A98,2026-02-13
13159,3090,1,225125,A93,2026-04-02
13160,4548,7,223208,D83,2026-04-22
13161,852,2,225125,A98,2026-05-11
13162,2727,4,223505,A93,2026-01-12
13163,1396,3,225125,T90,2026-04-18
13164,2522,2,225125,A98,2026-03-13
13165,2690,5,223505,A98,2026-05-17
13166,4017,6,223208,D83,2026-06-05
13167,2947,1,225125,A98,2026-06-28
13168,2013,6,223208,D83,2026-04-14
13169,4136,9,322230,A98,2026-04-21
13170,4982,8,322230,A98,2026-05-08
13171,2238,6,223208,D83,2026-03-08
13172,4301,8,322230,A98,2026-05-10
13173,909,2,225125,W78,2026-05-21
13174,3391,1,225125,A98,2026-05-24
13175,3838,5,223505,A98,2026-06-16
13176,4206,9,322230,A98,2026-02-11
13177,1320,2,225125,X86,2026-02-25
13178,3472,9,322230,A98,2026-03-27
13179,4795,3,225125,X86,2026-04-28
13180,4360,3,225125,X86,2026-03-28
13181,3435,3,225125,A98,2026-05-02
13182,3531,7,223208,D83,2026-04-08
13183,756,9,322230,A98,2026-03-27
13184,2707,5,223505,X86,2026-01-17
13185,1286,2,225125,W78,2026-01-13
13186,3502,1,225125,T90,2026-03-05
13187,324,2,225125,K86,2026-05-24
13188,2597,9,322230,A98,2026-02-25
13189,1786,1,225125,W78,2026-01-01
13190,4408,2,225125,X86,2026-01-07
13191,3930,3,225125,A98,2026-04-08
13192,3053,8,322230,A98,2026-05-09
13193,4122,2,225125,W78,2026-02-08
13194,2918,7,223208,D83,2026-05-17
13195,2194,2,225125,A98,2026-02-13
13196,4963,6,223208,D83,2026-01-20
13197,2621,5,223505,A93,2026-06-20
13198,1817,1,225125,K86,2026-04-30
13199,2564,1,225125,X86,2026-03-16
13200,3619,8,322230,A98,2026-06-22
13201,106,4,223505,A98,2026-02-27
13202,2716,9,322230,A98,2026-03-08
13203,3567,9,322230,A98,2026-04-19
13204,1067,8,322230,A98,2026-04-15
13205,617,9,322230,A98,2026-03-26
13206,1059,1,225125,A98,2026-04-26
13207,3756,2,225125,A98,2026-04-27
13208,2646,7,223208,D83,2026-02-10
13209,4120,9,322230,A98,2026-01-20
13210,2644,1,225125,A98,2026-02-24
13211,468,5,223505,K86,2026-05-22
13212,4809,5,223505,T90,2026-03-10
13213,2617,5,223505,W78,2026-04-12
13214,1481,6,223208,D83,2026-01-13
13215,4261,6,223208,D83,2026-02-17
13216,3578,2,225125,X86,2026-05-08
13217,3781,4,223505,W78,2026-05-28
13218,3892,6,223208,D83,2026-04-30
13219,3168,2,225125,K86,2026-01-13
13220,2680,1,225125,A98,2026-05-12
13221,4119,7,223208,D83,2026-05-01
13222,4587,2,225125,K86,2026-06-04
13223,4948,5,223505,T90,2026-01-06
13224,916,9,322230,A98,2026-06-28
13225,4237,7,223208,D83,2026-06-03
13226,200,6,223208,D83,2026-06-16
13227,535,1,225125,A98,2026-01-16
13228,967,8,322230,A98,2026-04-22
13229,733,3,225125,A98,2026-04-11
13230,3463,4,223505,A93,2026-01-14
13231,743,5,223505,T90,2026-06-17
13232,1200,3,225125,A93,2026-03-28
13233,3006,8,322230,A98,2026-01-08
13234,4166,9,322230,A98,2026-01-30
13235,284,4,223505,A98,2026-02-15
13236,3265,1,225125,A98,2026-06-28
13237,3132,9,322230,A98,2026-04-23
13238,732,3,225125,K86,2026-05-08
13239,538,3,225125,K86,2026-06-14
13240,4388,9,322230,A98,2026-05-10
13241,1474,5,223505,A98,2026-05-28
13242,905,4,223505,A93,2026-03-09
13243,3759,3,225125,A98,2026-05-29
13244,834,4,223505,A98,2026-01-06
13245,2953,5,223505,A98,2026-04-13
13246,3160,8,322230,A98,2026-01-24
13247,2861,1,225125,A98,2026-06-13
13248,3030,9,322230,A98,2026-03-05
13249,1654,7,223208,D83,2026-04-27
13250,805,2,225125,T90,2026-03-30
13251,3620,2,225125,K86,2026-05-31
13252,3984,2,225125,A98,2026-02-25
13253,2059,2,225125,X86,2026-02-05
13254,4438,7,223208,D83,2026-02-27
13255,3059,1,225125,X86,2026-01-04
13256,3166,1,225125,T90,2026-06-22
13257,803,6,223208,D83,2026-04-16
13258,3107,2,225125,W78,2026-01-05
13259,1934,8,322230,A98,2026-06-20
13260,4323,7,223208,D83,2026-04-01
13261,2497,2,225125,X86,2026-05-30
13262,2292,4,223505,A98,2026-01-30
13263,1977,1,225125,X86,2026-01-17
13264,1766,7,223208,D83,2026-01-21
13265,2317,7,223208,D83,2026-05-18
13266,972,2,225125,A98,2026-06-17
13267,1412,2,225125,T90,2026-01-18
13268,4762,3,225125,A98,2026-04-01
13269,2094,8,322230,A98,2026-06-12
13270,2924,9,322230,A98,2026-06-17
13271,3839,8,322230,A98,2026-06-29
13272,4815,2,225125,X86,2026-03-30
13273,808,9,322230,A98,2026-06-23
13274,3607,5,223505,X86,2026-01-23
13275,3043,1,225125,X86,2026-02-24
13276,798,5,223505,A98,2026-03-27
13277,3025,5,223505,K86,2026-02-22
13278,1292,1,225125,A98,2026-04-14
13279,3053,5,223505,K86,2026-02-07
13280,2177,3,225125,W78,2026-06-25
13281,4530,4,223505,K86,2026-01-23
13282,1160,7,223208,D83,2026-02-12
13283,2057,5,223505,A93,2026-03-05
13284,786,6,223208,D83,2026-04-27
13285,3535,4,223505,K86,2026-01-30
13286,3053,6,223208,D83,2026-05-25
13287,3532,8,322230,A98,2026-05-10
13288,4839,5,223505,A98,2026-01-15
13289,4952,1,225125,A98,2026-03-05
13290,1304,7,223208,D83,2026-01-23
13291,3659,2,225125,A98,2026-05-04
13292,614,3,225125,W78,2026-05-18
13293,1372,9,322230,A98,2026-06-09
13294,4103,9,322230,A98,2026-04-13
13295,3644,3,225125,X86,2026-06-12
13296,4345,2,225125,A98,2026-03-05
13297,1298,9,322230,A98,2026-03-01
13298,3585,1,225125,K86,2026-02-13
13299,187,1,225125,K86,2026-02-03
13300,2484,1,225125,W78,2026-03-04
13301,4168,7,223208,D83,2026-01-07
13302,2301,2,225125,X86,2026-06-13
13303,3963,5,223505,X86,2026-03-11
13304,342,1,225125,A98,2026-01-30
13305,2187,8,322230,A98,2026-05-09
13306,4163,9,322230,A98,2026-04-20
13307,4080,3,225125,A93,2026-06-05
13308,4021,7,223208,D83,2026-03-26
13309,933,1,225125,K86,2026-06-24
13310,3548,4,223505,A98,2026-06-13
13311,2199,2,225125,A98,2026-05-04
13312,1164,5,223505,K86,2026-04-19
13313,4588,7,223208,D83,2026-05-04
13314,3248,8,322230,A98,2026-05-05
13315,1380,8,322230,A98,2026-02-10
13316,601,2,225125,T90,2026-03-09
13317,2377,6,223208,D83,2026-05-03
13318,2452,2,225125,K86,2026-02-11
13319,2506,4,223505,K86,2026-06-13
13320,4545,2,225125,W78,2026-01-04
13321,578,1,225125,A98,2026-06-29
13322,1555,4,223505,T90,2026-04-01
13323,940,3,225125,A98,2026-04-12
13324,2474,2,225125,W78,2026-03-26
13325,2661,5,223505,A93,2026-04-06
13326,3805,1,225125,W78,2026-03-26
13327,2238,2,225125,T90,2026-01-15
13328,496,9,322230,A98,2026-06-11
13329,3170,1,225125,A98,2026-05-27
13330,3763,5,223505,K86,2026-02-26
13331,328,8,322230,A98,2026-01-27
13332,4461,2,225125,T90,2026-06-02
13333,655,5,223505,W78,2026-06-11
13334,2749,7,223208,D83,2026-01-28
13335,4789,5,223505,A98,2026-03-06
13336,4943,4,223505,K86,2026-05-15
13337,1633,2,225125,A98,2026-02-23
13338,74,5,223505,T90,2026-01-15
13339,2957,7,223208,D83,2026-05-25
13340,41,7,223208,D83,2026-04-08
13341,4274,2,225125,A98,2026-02-17
13342,4303,4,223505,T90,2026-01-16
13343,3775,2,225125,K86,2026-04-23
13344,4053,4,223505,T90,2026-01-14
13345,4529,1,225125,K86,2026-01-29
13346,1005,7,223208,D83,2026-06-14
13347,1748,9,322230,A98,2026-03-22
13348,2717,5,223505,T90,2026-05-29
13349,4711,9,322230,A98,2026-05-25
13350,2179,6,223208,D83,2026-06-21
13351,4442,1,225125,A93,2026-03-29
13352,2008,7,223208,D83,2026-03-30
13353,3835,3,225125,A98,2026-02-11
13354,292,6,223208,D83,2026-05-11
13355,3575,1,225125,K86,2026-05-15
13356,3332,8,322230,A98,2026-02-10
13357,3535,8,322230,A98,2026-04-10
13358,2451,1,225125,A98,2026-01-04
13359,3436,8,322230,A98,2026-04-22
13360,4462,5,223505,T90,2026-06-03
13361,1339,2,225125,X86,2026-03-27
13362,2292,1,225125,T90,2026-05-07
13363,2467,3,225125,A98,2026-04-21
13364,551,9,322230,A98,2026-03-03
13365,1156,6,223208,D83,2026-05-28
13366,2202,1,225125,A98,2026-04-18
13367,43,2,225125,A98,2026-01-29
13368,4565,2,225125,T90,2026-01-15
13369,1256,8,322230,A98,2026-04-05
13370,223,1,225125,A98,2026-06-02
13371,1589,3,225125,K86,2026-02-27
13372,3781,1,225125,K86,2026-05-23
13373,4750,9,322230,A98,2026-04-27
13374,4288,1,225125,A98,2026-05-21
13375,542,2,225125,W78,2026-03-27
13376,1351,1,225125,X86,2026-03-17
13377,1955,1,225125,X86,2026-01-29
13378,1147,6,223208,D83,2026-03-07
13379,3937,7,223208,D83,2026-01-27
13380,3380,2,225125,X86,2026-06-28
13381,1246,2,225125,K86,2026-03-30
13382,1246,4,223505,W78,2026-03-15
13383,3447,3,225125,A93,2026-06-20
13384,3690,1,225125,T90,2026-02-06
13385,1035,1,225125,A98,2026-05-25
13386,4354,1,225125,T90,2026-01-16
13387,2736,2,225125,W78,2026-06-02
13388,96,7,223208,D83,2026-01-15
13389,1051,5,223505,A98,2026-01-06
13390,1856,6,223208,D83,2026-03-08
13391,2382,3,225125,K86,2026-06-10
13392,135,6,223208,D83,2026-03-20
13393,3487,5,223505,A98,2026-02-22
13394,4574,1,225125,A98,2026-04-14
13395,806,7,223208,D83,2026-01-13
13396,1337,6,223208,D83,2026-02-04
13397,3644,1,225125,A93,2026-05-27
13398,31,1,225125,K86,2026-06-17
13399,1957,1,225125,X86,2026-01-29
13400,4186,5,223505,T90,2026-02-09
13401,3568,9,322230,A98,2026-02-26
13402,132,5,223505,A98,2026-04-17
13403,340,1,225125,W78,2026-02-05
13404,1458,2,225125,X86,2026-01-23
13405,2436,7,223208,D83,2026-06-15
13406,909,3,225125,A98,2026-02-18
13407,919,2,225125,X86,2026-05-06
13408,4290,3,225125,T90,2026-04-25
13409,4987,8,322230,A98,2026-06-05
13410,1373,2,225125,K86,2026-05-02
13411,90,7,223208,D83,2026-04-12
13412,1096,2,225125,K86,2026-05-28
13413,707,1,225125,K86,2026-03-26
13414,597,2,225125,K86,2026-02-12
13415,1498,3,225125,A98,2026-02-28
13416,3651,2,225125,A98,2026-05-26
13417,3632,5,223505,A98,2026-05-22
13418,4012,5,223505,A93,2026-06-09
13419,3435,1,225125,A98,2026-05-26
13420,2192,8,322230,A98,2026-03-06
13421,4257,2,225125,A98,2026-01-22
13422,3642,9,322230,A98,2026-05-20
13423,603,7,223208,D83,2026-02-05
13424,1414,7,223208,D83,2026-02-12
13425,4129,1,225125,X86,2026-02-19
13426,4283,1,225125,A98,2026-04-04
13427,3167,8,322230,A98,2026-06-13
13428,141,1,225125,X86,2026-01-20
13429,4345,7,223208,D83,2026-02-20
13430,2681,5,223505,A98,2026-01-30
13431,1162,3,225125,A93,2026-06-09
13432,294,1,225125,T90,2026-05-14
13433,4695,1,225125,K86,2026-06-02
13434,4286,4,223505,K86,2026-05-30
13435,4009,4,223505,A98,2026-01-05
13436,4483,6,223208,D83,2026-01-20
13437,1938,8,322230,A98,2026-03-25
13438,3642,6,223208,D83,2026-05-05
13439,2781,1,225125,K86,2026-05-29
13440,2028,5,223505,A98,2026-02-13
13441,522,2,225125,W78,2026-05-27
13442,3883,9,322230,A98,2026-01-25
13443,1045,2,225125,K86,2026-06-17
13444,434,6,223208,D83,2026-02-02
13445,1485,1,225125,X86,2026-01-19
13446,551,5,223505,K86,2026-02-22
13447,908,1,225125,A93,2026-04-30
13448,3179,1,225125,K86,2026-06-21
13449,4223,1,225125,A98,2026-06-20
13450,1286,4,223505,K86,2026-06-20
13451,1210,6,223208,D83,2026-01-16
13452,2727,1,225125,K86,2026-04-10
13453,178,8,322230,A98,2026-06-05
13454,4648,4,223505,A98,2026-06-11
13455,2135,6,223208,D83,2026-02-06
13456,2303,4,223505,K86,2026-06-29
13457,4128,4,223505,A98,2026-03-23
13458,1811,4,223505,A98,2026-01-26
13459,4538,3,225125,X86,2026-02-21
13460,2222,1,225125,A98,2026-02-19
13461,4604,6,223208,D83,2026-01-27
13462,764,2,225125,K86,2026-03-27
13463,4572,9,322230,A98,2026-01-02
13464,3023,1,225125,X86,2026-01-23
13465,66,8,322230,A98,2026-04-05
13466,2864,2,225125,T90,2026-02-18
13467,3922,3,225125,A98,2026-02-19
13468,4372,9,322230,A98,2026-06-07
13469,730,2,225125,A98,2026-06-09
13470,927,7,223208,D83,2026-01-13
13471,4126,3,225125,A93,2026-04-29
13472,3097,9,322230,A98,2026-05-03
13473,2407,2,225125,K86,2026-01-01
13474,4086,6,223208,D83,2026-06-23
13475,3699,1,225125,A98,2026-02-24
13476,1563,1,225125,A98,2026-04-24
13477,1461,6,223208,D83,2026-05-19
13478,1942,9,322230,A98,2026-05-17
13479,3156,2,225125,A98,2026-03-24
13480,2509,6,223208,D83,2026-06-13
13481,3195,2,225125,A93,2026-04-08
13482,2459,1,225125,X86,2026-04-01
13483,545,1,225125,A98,2026-06-24
13484,719,2,225125,A98,2026-01-12
13485,432,3,225125,K86,2026-03-25
13486,2027,1,225125,T90,2026-03-27
13487,4294,2,225125,X86,2026-05-06
13488,2717,4,223505,K86,2026-05-08
13489,3479,1,225125,A93,2026-03-15
13490,2908,6,223208,D83,2026-02-01
13491,4127,2,225125,A93,2026-04-23
13492,2167,2,225125,A98,2026-02-02
13493,3397,9,322230,A98,2026-03-02
13494,1302,5,223505,A98,2026-03-07
13495,1199,8,322230,A98,2026-06-05
13496,4703,8,322230,A98,2026-01-26
13497,2373,7,223208,D83,2026-02-04
13498,3265,3,225125,W78,2026-06-24
13499,601,3,225125,A98,2026-01-03
13500,2308,2,225125,A98,2026-02-10
13501,3332,2,225125,K86,2026-06-06
13502,621,1,225125,A98,2026-06-05
13503,1291,7,223208,D83,2026-06-01
13504,1962,9,322230,A98,2026-06-27
13505,2902,2,225125,A93,2026-05-19
13506,2165,5,223505,T90,2026-01-31
13507,2455,3,225125,A93,2026-03-01
13508,1059,3,225125,A98,2026-01-23
13509,3365,2,225125,A93,2026-01-21
13510,3278,8,322230,A98,2026-04-02
13511,717,6,223208,D83,2026-03-25
13512,2100,3,225125,K86,2026-03-13
13513,3768,9,322230,A98,2026-04-07
13514,4007,2,225125,X86,2026-01-23
13515,980,5,223505,A98,2026-03-25
13516,1838,2,225125,A93,2026-06-07
13517,4664,5,223505,A98,2026-05-17
13518,288,3,225125,T90,2026-05-06
13519,4311,2,225125,A93,2026-05-08
13520,314,2,225125,K86,2026-06-02
13521,3534,4,223505,A98,2026-05-19
13522,2356,4,223505,A98,2026-06-01
13523,2588,6,223208,D83,2026-06-18
13524,2868,9,322230,A98,2026-02-14
13525,2466,6,223208,D83,2026-01-09
13526,3302,5,223505,A98,2026-05-01
13527,1277,3,225125,K86,2026-02-06
13528,1018,9,322230,A98,2026-05-28
13529,4107,2,225125,K86,2026-03-24
13530,3793,6,223208,D83,2026-04-24
13531,4233,2,225125,T90,2026-04-26
13532,448,1,225125,K86,2026-02-02
13533,1339,5,223505,T90,2026-02-22
13534,58,7,223208,D83,2026-04-30
13535,1765,6,223208,D83,2026-04-07
13536,3107,9,322230,A98,2026-02-02
13537,2029,5,223505,A98,2026-03-03
13538,1174,6,223208,D83,2026-05-20
13539,2821,1,225125,X86,2026-03-13
13540,4459,3,225125,A93,2026-04-15
13541,3639,9,322230,A98,2026-06-11
13542,4039,9,322230,A98,2026-01-07
13543,1136,2,225125,A98,2026-03-21
13544,2864,9,322230,A98,2026-01-31
13545,2131,2,225125,X86,2026-02-02
13546,3150,1,225125,K86,2026-04-09
13547,4961,8,322230,A98,2026-01-09
13548,4822,7,223208,D83,2026-03-10
13549,4663,9,322230,A98,2026-06-16
13550,1083,8,322230,A98,2026-05-01
13551,1318,2,225125,A93,2026-05-03
13552,2798,5,223505,A98,2026-06-12
13553,2968,6,223208,D83,2026-05-01
13554,1063,2,225125,A98,2026-05-26
13555,3931,1,225125,A93,2026-06-05
13556,1950,6,223208,D83,2026-03-03
13557,4367,3,225125,K86,2026-05-02
13558,2493,8,322230,A98,2026-01-10
13559,2679,9,322230,A98,2026-06-22
13560,1179,7,223208,D83,2026-01-09
13561,4079,8,322230,A98,2026-02-06
13562,666,6,223208,D83,2026-03-03
13563,206,2,225125,A98,2026-06-19
13564,3974,2,225125,W78,2026-01-30
13565,4622,2,225125,K86,2026-03-26
13566,1068,7,223208,D83,2026-03-25
13567,2143,6,223208,D83,2026-02-21
13568,4014,6,223208,D83,2026-01-31
13569,2330,5,223505,K86,2026-04-01
13570,2716,2,225125,K86,2026-02-01
13571,3790,2,225125,X86,2026-06-17
13572,2434,6,223208,D83,2026-01-19
13573,1391,2,225125,T90,2026-05-23
13574,2179,2,225125,W78,2026-06-14
13575,402,1,225125,T90,2026-03-14
13576,836,8,322230,A98,2026-03-09
13577,2935,8,322230,A98,2026-03-05
13578,4941,1,225125,A98,2026-06-16
13579,3129,2,225125,K86,2026-05-13
13580,3734,7,223208,D83,2026-01-31
13581,524,1,225125,A98,2026-02-28
13582,3067,1,225125,A98,2026-01-14
13583,2457,5,223505,T90,2026-02-26
13584,3090,3,225125,A93,2026-03-29
13585,4320,2,225125,K86,2026-05-06
13586,1107,6,223208,D83,2026-05-24
13587,4427,2,225125,X86,2026-02-04
13588,3051,7,223208,D83,2026-06-18
13589,3356,5,223505,T90,2026-05-03
13590,670,1,225125,A98,2026-01-07
13591,2847,2,225125,A98,2026-05-10
13592,3736,7,223208,D83,2026-01-03
13593,566,7,223208,D83,2026-06-08
13594,1373,6,223208,D83,2026-04-03
13595,2035,2,225125,K86,2026-01-14
13596,4852,3,225125,K86,2026-02-01
13597,2713,6,223208,D83,2026-06-02
13598,3960,4,223505,W78,2026-06-24
13599,1383,1,225125,K86,2026-05-30
13600,462,1,225125,W78,2026-04-28
13601,3167,6,223208,D83,2026-03-21
13602,484,5,223505,W78,2026-01-06
13603,4308,5,223505,K86,2026-03-21
13604,4727,8,322230,A98,2026-01-12
13605,4687,4,223505,X86,2026-03-10
13606,1315,5,223505,T90,2026-01-05
13607,1607,3,225125,A98,2026-05-24
13608,3381,7,223208,D83,2026-04-01
13609,2540,6,223208,D83,2026-01-14
13610,1368,2,225125,W78,2026-03-15
13611,3128,7,223208,D83,2026-06-24
13612,2582,8,322230,A98,2026-02-03
13613,3735,1,225125,A98,2026-06-24
13614,4342,4,223505,A98,2026-03-27
13615,3803,2,225125,A98,2026-02-15
13616,1964,2,225125,K86,2026-02-26
13617,1411,9,322230,A98,2026-03-26
13618,2000,3,225125,A93,2026-06-21
13619,913,1,225125,T90,2026-01-29
13620,3449,5,223505,A98,2026-05-30
13621,955,5,223505,A98,2026-01-17
13622,4854,9,322230,A98,2026-02-27
13623,3382,5,223505,K86,2026-01-07
13624,1264,1,225125,A98,2026-06-20
13625,2793,9,322230,A98,2026-06-05
13626,4803,6,223208,D83,2026-02-18
13627,37,2,225125,W78,2026-02-18
13628,4167,2,225125,A98,2026-06-29
13629,3578,3,225125,A98,2026-02-08
13630,1501,5,223505,K86,2026-06-20
13631,4402,1,225125,K86,2026-02-27
13632,4304,6,223208,D83,2026-02-03
13633,2408,9,322230,A98,2026-03-12
13634,1000,2,225125,A98,2026-06-02
13635,2130,5,223505,T90,2026-05-13
13636,2065,2,225125,K86,2026-01-28
13637,4722,9,322230,A98,2026-02-07
13638,2255,5,223505,K86,2026-04-24
13639,1866,9,322230,A98,2026-02-05
13640,4587,5,223505,A98,2026-01-31
13641,119,6,223208,D83,2026-06-12
13642,532,5,223505,A93,2026-06-15
13643,4292,1,225125,K86,2026-01-20
13644,3339,3,225125,A98,2026-02-14
13645,4550,2,225125,W78,2026-04-30
13646,2605,8,322230,A98,2026-01-07
13647,3463,5,223505,A93,2026-03-10
13648,572,3,225125,A93,2026-05-29
13649,3302,2,225125,A98,2026-06-12
13650,3153,4,223505,A93,2026-02-12
13651,2207,2,225125,K86,2026-01-04
13652,4442,4,223505,W78,2026-03-11
13653,632,5,223505,A98,2026-01-29
13654,3727,1,225125,T90,2026-01-24
13655,2939,2,225125,T90,2026-03-07
13656,1549,7,223208,D83,2026-05-29
13657,886,9,322230,A98,2026-05-26
13658,756,1,225125,A98,2026-02-17
13659,1724,7,223208,D83,2026-04-18
13660,2013,1,225125,A98,2026-06-23
13661,4912,1,225125,W78,2026-03-23
13662,3840,7,223208,D83,2026-04-13
13663,197,9,322230,A98,2026-03-26
13664,222,7,223208,D83,2026-04-26
13665,2400,5,223505,W78,2026-03-24
13666,1571,6,223208,D83,2026-04-29
13667,4872,6,223208,D83,2026-01-01
13668,1346,2,225125,K86,2026-01-22
13669,1905,9,322230,A98,2026-06-07
13670,2718,2,225125,A98,2026-05-12
13671,3778,3,225125,K86,2026-03-28
13672,2205,6,223208,D83,2026-01-06
13673,3371,1,225125,A98,2026-02-01
13674,2864,6,223208,D83,2026-04-26
13675,3888,2,225125,W78,2026-04-20
13676,684,4,223505,W78,2026-02-05
13677,3702,3,225125,A93,2026-01-25
13678,2975,2,225125,A98,2026-04-04
13679,2052,1,225125,X86,2026-05-16
13680,2838,8,322230,A98,2026-01-04
13681,4357,5,223505,W78,2026-02-03
13682,3085,5,223505,A98,2026-06-01
13683,3901,2,225125,T90,2026-06-29
13684,4418,3,225125,W78,2026-02-11
13685,2542,1,225125,K86,2026-02-13
13686,2915,9,322230,A98,2026-03-05
13687,2316,1,225125,W78,2026-04-10
13688,4530,3,225125,X86,2026-06-16
13689,4714,1,225125,T90,2026-05-31
13690,745,9,322230,A98,2026-01-30
13691,27,2,225125,W78,2026-01-20
13692,4593,4,223505,A98,2026-06-21
13693,2172,2,225125,A98,2026-04-20
13694,4936,1,225125,K86,2026-06-05
13695,4000,2,225125,X86,2026-02-16
13696,2386,3,225125,K86,2026-03-16
13697,2152,4,223505,A98,2026-06-07
13698,2663,5,223505,W78,2026-04-23
13699,40,3,225125,T90,2026-04-24
13700,419,7,223208,D83,2026-02-24
13701,2117,1,225125,K86,2026-02-21
13702,761,4,223505,T90,2026-03-27
13703,3670,4,223505,W78,2026-02-16
13704,1395,2,225125,K86,2026-04-11
13705,746,8,322230,A98,2026-01-27
13706,4944,4,223505,K86,2026-05-20
13707,1941,2,225125,A98,2026-05-06
13708,2572,3,225125,A93,2026-03-02
13709,2266,6,223208,D83,2026-04-09
13710,2798,1,225125,A98,2026-01-11
13711,1229,7,223208,D83,2026-03-03
13712,3751,9,322230,A98,2026-03-22
13713,3260,3,225125,A93,2026-05-06
13714,1572,1,225125,A93,2026-01-01
13715,4281,8,322230,A98,2026-05-08
13716,570,8,322230,A98,2026-04-24
13717,2593,9,322230,A98,2026-02-11
13718,2640,9,322230,A98,2026-06-19
13719,3151,7,223208,D83,2026-06-26
13720,4620,5,223505,A98,2026-05-09
13721,2906,2,225125,W78,2026-04-28
13722,3167,8,322230,A98,2026-03-26
13723,2578,2,225125,A98,2026-06-21
13724,120,1,225125,W78,2026-04-21
13725,4514,4,223505,T90,2026-04-22
13726,4258,6,223208,D83,2026-05-29
13727,1138,6,223208,D83,2026-05-24
13728,4564,8,322230,A98,2026-03-23
13729,1029,5,223505,A98,2026-05-19
13730,2237,5,223505,X86,2026-04-21
13731,2896,8,322230,A98,2026-02-25
13732,1331,4,223505,W78,2026-06-19
13733,4114,6,223208,D83,2026-05-19
13734,4598,2,225125,A98,2026-06-08
13735,1934,2,225125,A93,2026-06-10
13736,597,1,225125,W78,2026-03-06
13737,4068,9,322230,A98,2026-02-03
13738,257,6,223208,D83,2026-03-25
13739,2638,4,223505,A98,2026-02-23
13740,1087,9,322230,A98,2026-04-27
13741,3140,4,223505,A98,2026-01-16
13742,4359,6,223208,D83,2026-01-31
13743,4441,5,223505,A98,2026-01-23
13744,4153,5,223505,W78,2026-01-26
13745,654,3,225125,A98,2026-01-02
13746,3083,3,225125,A98,2026-02-10
13747,3578,7,223208,D83,2026-05-16
13748,132,4,223505,K86,2026-01-08
13749,1146,2,225125,W78,2026-03-30
13750,1604,1,225125,A98,2026-04-02
13751,3333,6,223208,D83,2026-04-26
13752,2901,3,225125,K86,2026-05-07
13753,4171,3,225125,W78,2026-05-07
13754,424,1,225125,A93,2026-05-05
13755,4872,4,223505,T90,2026-03-21
13756,754,8,322230,A98,2026-01-06
13757,937,9,322230,A98,2026-01-27
13758,4273,1,225125,W78,2026-04-08
13759,4978,5,223505,A98,2026-01-16
13760,3289,3,225125,A93,2026-01-28
13761,3830,2,225125,T90,2026-06-16
13762,3461,4,223505,A98,2026-03-24
13763,1820,9,322230,A98,2026-05-09
13764,4834,9,322230,A98,2026-03-05
13765,2210,7,223208,D83,2026-01-13
13766,4723,7,223208,D83,2026-06-06
13767,526,9,322230,A98,2026-03-21
13768,3188,4,223505,X86,2026-01-12
13769,1837,5,223505,T90,2026-06-28
13770,1289,2,225125,K86,2026-04-25
13771,2379,1,225125,K86,2026-03-01
13772,515,9,322230,A98,2026-06-19
13773,4311,1,225125,A93,2026-04-26
13774,720,9,322230,A98,2026-01-06
13775,3412,6,223208,D83,2026-04-15
13776,3790,4,223505,A98,2026-05-05
13777,3419,1,225125,A98,2026-05-29
13778,530,1,225125,A98,2026-06-29
13779,4229,9,322230,A98,2026-04-14
13780,3749,1,225125,T90,2026-06-17
13781,675,1,225125,X86,2026-04-26
13782,4170,3,225125,A98,2026-06-29
13783,43,4,223505,A98,2026-06-15
13784,2189,7,223208,D83,2026-04-17
13785,1301,6,223208,D83,2026-04-27
13786,4873,5,223505,A98,2026-03-02
13787,3123,3,225125,K86,2026-05-02
13788,4260,1,225125,X86,2026-02-22
13789,3879,4,223505,T90,2026-03-10
13790,3996,3,225125,A93,2026-04-21
13791,3941,3,225125,A98,2026-06-02
13792,2978,2,225125,W78,2026-01-18
13793,4776,9,322230,A98,2026-03-25
13794,2303,6,223208,D83,2026-02-28
13795,3419,2,225125,A98,2026-02-02
13796,3611,8,322230,A98,2026-06-23
13797,4728,8,322230,A98,2026-06-12
13798,948,6,223208,D83,2026-04-15
13799,3410,2,225125,K86,2026-06-14
13800,1925,8,322230,A98,2026-04-01
13801,959,4,223505,A93,2026-02-12
13802,2973,9,322230,A98,2026-05-17
13803,912,8,322230,A98,2026-06-09
13804,4843,2,225125,K86,2026-06-19
13805,4959,5,223505,A98,2026-05-09
13806,2539,3,225125,T90,2026-06-27
13807,1057,5,223505,A98,2026-06-28
13808,426,7,223208,D83,2026-03-08
13809,765,9,322230,A98,2026-03-23
13810,3311,2,225125,W78,2026-06-08
13811,4377,3,225125,K86,2026-06-28
13812,3917,4,223505,A98,2026-04-21
13813,3614,6,223208,D83,2026-03-22
13814,3600,1,225125,K86,2026-03-19
13815,2828,4,223505,K86,2026-03-29
13816,1072,1,225125,A98,2026-03-21
13817,3304,2,225125,X86,2026-06-17
13818,3123,2,225125,W78,2026-02-15
13819,2061,4,223505,A93,2026-03-07
13820,2566,6,223208,D83,2026-05-06
13821,2380,7,223208,D83,2026-01-19
13822,1463,5,223505,A98,2026-02-25
13823,2586,7,223208,D83,2026-03-25
13824,1806,2,225125,X86,2026-02-23
13825,1708,9,322230,A98,2026-03-12
13826,1949,3,225125,A98,2026-01-25
13827,4643,7,223208,D83,2026-04-05
13828,757,2,225125,W78,2026-02-10
13829,1448,1,225125,A93,2026-05-17
13830,3300,7,223208,D83,2026-03-25
13831,3298,8,322230,A98,2026-03-31
13832,3368,2,225125,A98,2026-01-25
13833,2915,5,223505,W78,2026-02-20
13834,4442,8,322230,A98,2026-05-22
13835,2570,6,223208,D83,2026-03-05
13836,3954,8,322230,A98,2026-02-18
13837,582,8,322230,A98,2026-03-05
13838,3420,8,322230,A98,2026-03-19
13839,2001,6,223208,D83,2026-06-03
13840,4537,4,223505,A98,2026-02-20
13841,2026,3,225125,A98,2026-04-14
13842,4302,1,225125,K86,2026-03-02
13843,2317,9,322230,A98,2026-01-14
13844,797,4,223505,T90,2026-03-13
13845,4410,2,225125,W78,2026-03-11
13846,2147,2,225125,A93,2026-01-23
13847,1199,8,322230,A98,2026-02-25
13848,886,3,225125,A93,2026-03-18
13849,1308,4,223505,W78,2026-05-23
13850,3525,6,223208,D83,2026-02-11
13851,1093,4,223505,A93,2026-01-02
13852,1165,4,223505,A98,2026-05-14
13853,751,8,322230,A98,2026-03-15
13854,3211,2,225125,K86,2026-02-17
13855,3386,3,225125,A93,2026-03-20
13856,4177,6,223208,D83,2026-01-21
13857,3029,7,223208,D83,2026-03-24
13858,3352,2,225125,A98,2026-02-11
13859,1392,9,322230,A98,2026-06-18
13860,4707,1,225125,K86,2026-02-05
13861,1960,3,225125,A98,2026-06-18
13862,1964,2,225125,A98,2026-05-06
13863,3911,5,223505,A98,2026-05-20
13864,3599,7,223208,D83,2026-05-07
13865,4184,2,225125,A98,2026-03-05
13866,262,9,322230,A98,2026-01-20
13867,2854,8,322230,A98,2026-02-18
13868,2077,1,225125,T90,2026-03-12
13869,3178,3,225125,K86,2026-04-19
13870,1858,1,225125,K86,2026-02-17
13871,4615,7,223208,D83,2026-01-12
13872,2279,8,322230,A98,2026-06-21
13873,4714,1,225125,A98,2026-03-28
13874,205,6,223208,D83,2026-04-20
13875,1266,1,225125,W78,2026-06-23
13876,2843,1,225125,A93,2026-05-26
13877,162,1,225125,K86,2026-05-10
13878,3497,4,223505,X86,2026-01-20
13879,3386,1,225125,A93,2026-04-19
13880,4747,8,322230,A98,2026-05-20
13881,818,3,225125,A98,2026-02-17
13882,2790,1,225125,X86,2026-03-08
13883,2963,7,223208,D83,2026-04-15
13884,3321,5,223505,X86,2026-06-01
13885,670,4,223505,A98,2026-03-01
13886,3421,2,225125,T90,2026-03-25
13887,72,2,225125,A98,2026-05-23
13888,46,6,223208,D83,2026-02-14
13889,2025,5,223505,X86,2026-01-28
13890,4359,1,225125,X86,2026-01-03
13891,175,9,322230,A98,2026-04-21
13892,2081,5,223505,K86,2026-03-08
13893,1486,4,223505,A98,2026-04-14
13894,1212,3,225125,K86,2026-04-13
13895,33,6,223208,D83,2026-01-09
13896,4373,4,223505,A98,2026-05-26
13897,1503,2,225125,X86,2026-04-30
13898,4921,5,223505,A93,2026-05-19
13899,1803,9,322230,A98,2026-02-05
13900,3793,6,223208,D83,2026-03-24
13901,1805,8,322230,A98,2026-06-04
13902,57,1,225125,A93,2026-02-09
13903,1042,2,225125,K86,2026-02-17
13904,4050,3,225125,A98,2026-01-29
13905,1119,3,225125,A98,2026-01-14
13906,4778,1,225125,T90,2026-02-14
13907,2495,8,322230,A98,2026-03-26
13908,3344,5,223505,A98,2026-05-06
13909,2907,7,223208,D83,2026-06-10
13910,1448,9,322230,A98,2026-01-22
13911,4032,1,225125,A98,2026-03-04
13912,1073,3,225125,A98,2026-05-06
13913,4216,1,225125,A98,2026-03-01
13914,882,4,223505,X86,2026-03-13
13915,4420,7,223208,D83,2026-06-09
13916,1207,5,223505,X86,2026-04-04
13917,4512,5,223505,X86,2026-03-17
13918,3861,2,225125,A93,2026-01-29
13919,4589,9,322230,A98,2026-02-28
13920,246,8,322230,A98,2026-04-23
13921,4381,6,223208,D83,2026-06-12
13922,4048,6,223208,D83,2026-04-07
13923,3649,2,225125,K86,2026-06-11
13924,3016,7,223208,D83,2026-06-07
13925,3826,2,225125,A98,2026-01-09
13926,2389,2,225125,A98,2026-04-10
13927,4354,8,322230,A98,2026-03-03
13928,1266,2,225125,K86,2026-05-22
13929,3492,8,322230,A98,2026-05-20
13930,554,3,225125,A98,2026-02-20
13931,1063,7,223208,D83,2026-06-05
13932,3588,1,225125,A98,2026-01-01
13933,4097,1,225125,A98,2026-06-16
13934,3770,5,223505,A93,2026-06-07
13935,912,2,225125,A93,2026-01-25
13936,2098,3,225125,A98,2026-04-07
13937,786,1,225125,W78,2026-06-11
13938,2679,9,322230,A98,2026-06-10
13939,935,2,225125,A98,2026-06-15
13940,4187,3,225125,A93,2026-06-15
13941,4495,2,225125,K86,2026-04-12
13942,4922,8,322230,A98,2026-02-22
13943,2051,1,225125,A93,2026-05-26
13944,1959,1,225125,A98,2026-01-04
13945,3588,3,225125,T90,2026-04-12
13946,2394,2,225125,A98,2026-05-05
13947,2046,7,223208,D83,2026-04-09
13948,1249,5,223505,K86,2026-02-11
13949,2721,1,225125,A98,2026-03-17
13950,2696,4,223505,A93,2026-04-06
13951,4558,4,223505,A98,2026-03-06
13952,4648,2,225125,A98,2026-04-06
13953,3833,9,322230,A98,2026-03-12
13954,1506,9,322230,A98,2026-06-16
13955,1105,8,322230,A98,2026-02-16
13956,3166,9,322230,A98,2026-05-20
13957,4239,4,223505,K86,2026-02-07
13958,4029,4,223505,A98,2026-03-15
13959,1154,2,225125,X86,2026-04-05
13960,4250,1,225125,T90,2026-04-20
13961,3549,1,225125,A98,2026-05-11
13962,3657,4,223505,T90,2026-04-26
13963,4148,5,223505,A98,2026-01-02
13964,1222,9,322230,A98,2026-03-19
13965,4776,4,223505,A98,2026-04-24
13966,3282,1,225125,X86,2026-04-29
13967,2875,7,223208,D83,2026-02-03
13968,824,1,225125,T90,2026-02-23
13969,2928,3,225125,K86,2026-03-06
13970,4835,6,223208,D83,2026-05-01
13971,2215,7,223208,D83,2026-01-25
13972,549,8,322230,A98,2026-02-04
13973,292,1,225125,A93,2026-04-01
13974,320,4,223505,A98,2026-06-18
13975,1044,4,223505,A98,2026-02-15
13976,3892,8,322230,A98,2026-02-11
13977,4781,4,223505,A98,2026-05-28
13978,3280,7,223208,D83,2026-02-05
13979,4883,9,322230,A98,2026-03-30
13980,4326,1,225125,X86,2026-04-11
13981,2798,9,322230,A98,2026-05-05
13982,1407,8,322230,A98,2026-05-22
13983,2200,9,322230,A98,2026-04-07
13984,1492,9,322230,A98,2026-03-23
13985,919,2,225125,K86,2026-02-04
13986,1461,6,223208,D83,2026-02-19
13987,3373,6,223208,D83,2026-03-13
13988,2491,9,322230,A98,2026-05-10
13989,4096,3,225125,K86,2026-01-22
13990,4947,7,223208,D83,2026-01-20
13991,2252,4,223505,K86,2026-01-09
13992,4774,4,223505,A98,2026-06-04
13993,2824,5,223505,X86,2026-06-09
13994,4027,3,225125,A98,2026-02-07
13995,4122,5,223505,A98,2026-03-10
13996,2801,3,225125,K86,2026-04-16
13997,4919,3,225125,A98,2026-03-19
13998,3970,7,223208,D83,2026-05-17
13999,4057,1,225125,A98,2026-01-21
14000,931,7,223208,D83,2026-05-10
14001,1167,9,322230,A98,2026-05-29
14002,146,2,225125,W78,2026-03-11
14003,1812,2,225125,W78,2026-03-18
14004,4497,4,223505,K86,2026-05-09
14005,3682,4,223505,A93,2026-06-26
14006,2494,2,225125,K86,2026-05-16
14007,3810,4,223505,K86,2026-01-20
14008,3126,3,225125,T90,2026-06-17
14009,1007,5,223505,A98,2026-04-18
14010,3694,3,225125,T90,2026-05-29
14011,1298,6,223208,D83,2026-02-18
14012,2454,9,322230,A98,2026-01-15
14013,4620,2,225125,A93,2026-03-24
14014,4754,8,322230,A98,2026-06-05
14015,125,2,225125,X86,2026-03-09
14016,1732,3,225125,A98,2026-04-17
14017,2366,6,223208,D83,2026-06-24
14018,4377,9,322230,A98,2026-03-28
14019,4072,7,223208,D83,2026-01-11
14020,3974,4,223505,A98,2026-01-29
14021,3411,9,322230,A98,2026-02-16
14022,3341,8,322230,A98,2026-02-24
14023,2037,3,225125,T90,2026-05-05
14024,4579,2,225125,K86,2026-02-18
14025,1067,3,225125,W78,2026-05-24
14026,2734,7,223208,D83,2026-05-11
14027,2275,1,225125,X86,2026-04-13
14028,2162,8,322230,A98,2026-05-08
14029,151,9,322230,A98,2026-03-13
14030,4448,2,225125,K86,2026-03-11
14031,4209,9,322230,A98,2026-02-04
14032,3535,1,225125,A98,2026-05-02
14033,2544,8,322230,A98,2026-02-03
14034,2886,4,223505,T90,2026-06-06
14035,3298,9,322230,A98,2026-06-07
14036,400,2,225125,K86,2026-02-05
14037,3297,8,322230,A98,2026-03-04
14038,2106,1,225125,X86,2026-02-18
14039,1449,8,322230,A98,2026-04-02
14040,2829,1,225125,W78,2026-05-16
14041,2738,8,322230,A98,2026-03-18
14042,1973,7,223208,D83,2026-01-01
14043,2652,1,225125,K86,2026-04-25
14044,1537,2,225125,K86,2026-02-01
14045,2062,8,322230,A98,2026-01-05
14046,2325,8,322230,A98,2026-02-16
14047,982,1,225125,A98,2026-06-18
14048,1958,9,322230,A98,2026-01-25
14049,3356,2,225125,T90,2026-05-05
14050,1408,3,225125,A98,2026-06-05
14051,4652,1,225125,A93,2026-04-20
14052,3879,7,223208,D83,2026-03-18
14053,1885,8,322230,A98,2026-04-02
14054,1727,3,225125,K86,2026-06-14
14055,1522,1,225125,K86,2026-04-19
14056,2366,7,223208,D83,2026-01-24
14057,4699,6,223208,D83,2026-04-12
14058,2346,2,225125,A98,2026-02-10
14059,2126,7,223208,D83,2026-02-25
14060,647,8,322230,A98,2026-06-21
14061,2324,6,223208,D83,2026-04-23
14062,4091,1,225125,K86,2026-06-03
14063,425,1,225125,T90,2026-04-22
14064,2962,4,223505,X86,2026-03-31
14065,239,1,225125,T90,2026-02-15
14066,3818,1,225125,K86,2026-04-08
14067,2630,5,223505,W78,2026-01-20
14068,2400,1,225125,A98,2026-05-06
14069,4473,5,223505,K86,2026-05-26
14070,284,4,223505,X86,2026-04-05
14071,589,6,223208,D83,2026-03-24
14072,2796,2,225125,A98,2026-01-29
14073,3942,8,322230,A98,2026-06-17
14074,1370,4,223505,A98,2026-05-20
14075,2211,4,223505,K86,2026-03-09
14076,4991,4,223505,K86,2026-04-27
14077,3220,2,225125,X86,2026-02-27
14078,915,2,225125,K86,2026-04-28
14079,2410,3,225125,A98,2026-05-31
14080,3922,6,223208,D83,2026-05-31
14081,3296,4,223505,W78,2026-03-07
14082,2505,2,225125,W78,2026-05-15
14083,122,1,225125,K86,2026-02-22
14084,4040,3,225125,A98,2026-02-15
14085,4711,2,225125,T90,2026-03-09
14086,3907,2,225125,A98,2026-06-18
14087,3902,8,322230,A98,2026-04-02
14088,592,3,225125,A98,2026-04-23
14089,4494,1,225125,A98,2026-02-26
14090,4444,2,225125,K86,2026-04-28
14091,2299,6,223208,D83,2026-03-13
14092,460,1,225125,T90,2026-05-10
14093,91,5,223505,A93,2026-01-30
14094,1780,9,322230,A98,2026-03-21
14095,2974,8,322230,A98,2026-05-03
14096,2790,5,223505,K86,2026-03-17
14097,1365,7,223208,D83,2026-01-11
14098,1280,2,225125,K86,2026-01-23
14099,4613,4,223505,T90,2026-05-20
14100,3232,4,223505,W78,2026-01-07
14101,2614,6,223208,D83,2026-05-02
14102,365,5,223505,K86,2026-06-02
14103,2918,8,322230,A98,2026-03-06
14104,2803,4,223505,T90,2026-05-06
14105,519,9,322230,A98,2026-04-19
14106,2035,1,225125,A93,2026-01-10
14107,3974,5,223505,W78,2026-01-22
14108,2566,2,225125,K86,2026-06-08
14109,4051,9,322230,A98,2026-04-23
14110,2057,4,223505,T90,2026-04-10
14111,47,6,223208,D83,2026-05-15
14112,2046,7,223208,D83,2026-05-01
14113,2742,5,223505,W78,2026-03-31
14114,4636,9,322230,A98,2026-03-21
14115,2603,2,225125,A93,2026-01-29
14116,4028,4,223505,W78,2026-03-13
14117,2454,3,225125,A93,2026-02-07
14118,2792,9,322230,A98,2026-06-05
14119,2145,7,223208,D83,2026-06-25
14120,1047,1,225125,K86,2026-01-19
14121,3820,7,223208,D83,2026-01-19
14122,1949,1,225125,W78,2026-01-21
14123,4056,6,223208,D83,2026-05-26
14124,1499,9,322230,A98,2026-05-22
14125,2501,2,225125,A98,2026-01-21
14126,4235,9,322230,A98,2026-01-03
14127,932,2,225125,A98,2026-05-18
14128,636,5,223505,A98,2026-01-17
14129,1268,2,225125,A98,2026-01-08
14130,406,1,225125,A98,2026-04-04
14131,4894,2,225125,W78,2026-03-25
14132,567,8,322230,A98,2026-02-12
14133,4964,3,225125,A93,2026-01-01
14134,854,9,322230,A98,2026-06-12
14135,2033,7,223208,D83,2026-03-19
14136,1946,2,225125,W78,2026-05-17
14137,4886,4,223505,A98,2026-03-06
14138,1109,5,223505,X86,2026-04-20
14139,4048,2,225125,W78,2026-03-11
14140,4344,6,223208,D83,2026-06-19
14141,3889,2,225125,A98,2026-06-05
14142,3750,1,225125,X86,2026-04-28
14143,4319,9,322230,A98,2026-04-26
14144,1749,4,223505,T90,2026-04-05
14145,2616,5,223505,A98,2026-03-07
14146,1278,8,322230,A98,2026-03-16
14147,4293,1,225125,A93,2026-05-25
14148,937,5,223505,A98,2026-05-31
14149,4295,2,225125,A98,2026-04-01
14150,3441,4,223505,T90,2026-03-20
14151,1013,5,223505,W78,2026-05-23
14152,1610,2,225125,K86,2026-01-04
14153,2730,1,225125,K86,2026-03-25
14154,1654,2,225125,A98,2026-03-06
14155,2783,8,322230,A98,2026-01-14
14156,2766,4,223505,A98,2026-01-24
14157,1309,4,223505,A93,2026-06-19
14158,284,3,225125,A98,2026-06-03
14159,2929,8,322230,A98,2026-04-10
14160,1003,2,225125,A93,2026-02-18
14161,2578,2,225125,A98,2026-01-29
14162,3213,8,322230,A98,2026-06-03
14163,1726,3,225125,A93,2026-02-13
14164,1965,3,225125,K86,2026-01-31
14165,4910,2,225125,A98,2026-01-20
14166,1219,8,322230,A98,2026-01-04
14167,5,4,223505,A98,2026-05-17
14168,4151,1,225125,W78,2026-01-22
14169,3191,9,322230,A98,2026-04-24
14170,63,6,223208,D83,2026-04-01
14171,3597,3,225125,A98,2026-02-28
14172,1851,6,223208,D83,2026-02-12
14173,1402,3,225125,W78,2026-06-08
14174,3982,2,225125,A98,2026-06-29
14175,2353,5,223505,T90,2026-05-23
14176,1074,5,223505,W78,2026-05-29
14177,4733,1,225125,X86,2026-01-31
14178,3943,6,223208,D83,2026-02-06
14179,3104,6,223208,D83,2026-04-23
14180,1647,6,223208,D83,2026-04-05
14181,449,9,322230,A98,2026-02-01
14182,528,2,225125,A98,2026-05-17
14183,2339,3,225125,A98,2026-05-14
14184,3666,1,225125,K86,2026-03-25
14185,4817,6,223208,D83,2026-03-28
14186,1004,2,225125,A98,2026-02-11
14187,2719,9,322230,A98,2026-05-09
14188,4030,4,223505,A93,2026-01-22
14189,2306,2,225125,W78,2026-01-06
14190,1999,9,322230,A98,2026-06-20
14191,1579,8,322230,A98,2026-02-02
14192,4375,2,225125,K86,2026-06-14
14193,2188,8,322230,A98,2026-06-06
14194,1456,5,223505,A98,2026-04-21
14195,2412,7,223208,D83,2026-04-11
14196,4068,9,322230,A98,2026-06-20
14197,4832,5,223505,K86,2026-01-31
14198,612,3,225125,A98,2026-03-15
14199,923,2,225125,W78,2026-03-06
14200,4046,3,225125,X86,2026-05-15
14201,3756,2,225125,T90,2026-05-23
14202,289,3,225125,A98,2026-02-22
14203,2555,2,225125,K86,2026-01-20
14204,468,7,223208,D83,2026-04-17
14205,124,4,223505,T90,2026-02-08
14206,670,1,225125,X86,2026-04-03
14207,1484,2,225125,T90,2026-05-24
14208,736,1,225125,K86,2026-02-12
14209,3414,3,225125,K86,2026-02-12
14210,2260,1,225125,T90,2026-01-12
14211,878,2,225125,K86,2026-03-06
14212,3912,1,225125,A98,2026-05-29
14213,473,4,223505,K86,2026-03-30
14214,107,8,322230,A98,2026-06-23
14215,3322,1,225125,A98,2026-06-21
14216,1516,1,225125,A98,2026-05-19
14217,618,5,223505,T90,2026-05-13
14218,4462,7,223208,D83,2026-04-28
14219,825,8,322230,A98,2026-06-26
14220,1926,2,225125,A98,2026-05-11
14221,3954,1,225125,A93,2026-06-29
14222,1660,9,322230,A98,2026-05-28
14223,1673,5,223505,A93,2026-06-26
14224,1892,2,225125,W78,2026-03-31
14225,3301,8,322230,A98,2026-05-19
14226,3321,6,223208,D83,2026-06-07
14227,4216,4,223505,X86,2026-01-20
14228,3202,1,225125,A93,2026-01-23
14229,4852,5,223505,A98,2026-04-06
14230,4883,1,225125,K86,2026-02-06
14231,4401,1,225125,A98,2026-06-26
14232,995,7,223208,D83,2026-05-21
14233,3612,3,225125,K86,2026-05-28
14234,376,5,223505,T90,2026-02-25
14235,1957,5,223505,A98,2026-01-13
14236,4488,8,322230,A98,2026-02-18
14237,740,1,225125,X86,2026-04-17
14238,2411,3,225125,A98,2026-05-27
14239,2639,1,225125,A93,2026-03-16
14240,725,8,322230,A98,2026-03-17
14241,3457,3,225125,X86,2026-05-11
14242,704,4,223505,A98,2026-06-05
14243,2024,1,225125,K86,2026-06-13
14244,3800,8,322230,A98,2026-04-03
14245,474,4,223505,A93,2026-01-20
14246,331,4,223505,W78,2026-04-16
14247,4933,4,223505,A98,2026-03-03
14248,4080,1,225125,A93,2026-03-22
14249,711,8,322230,A98,2026-01-28
14250,4762,2,225125,X86,2026-02-06
14251,4903,9,322230,A98,2026-03-20
14252,1403,1,225125,A98,2026-01-16
14253,4064,3,225125,A93,2026-05-16
14254,1895,2,225125,K86,2026-01-27
14255,1795,6,223208,D83,2026-04-09
14256,1971,7,223208,D83,2026-05-06
14257,2130,6,223208,D83,2026-06-23
14258,3211,6,223208,D83,2026-01-09
14259,2807,1,225125,A98,2026-03-12
14260,3634,7,223208,D83,2026-03-17
14261,3601,5,223505,K86,2026-05-22
14262,4925,7,223208,D83,2026-05-27
14263,4330,2,225125,A98,2026-01-25
14264,2020,4,223505,W78,2026-04-08
14265,2761,3,225125,A98,2026-01-24
14266,1658,3,225125,A98,2026-03-06
14267,1135,2,225125,A98,2026-01-05
14268,3631,1,225125,A98,2026-05-29
14269,234,5,223505,A98,2026-03-24
14270,2822,9,322230,A98,2026-05-30
14271,2717,1,225125,A93,2026-01-28
14272,4844,6,223208,D83,2026-04-21
14273,114,4,223505,K86,2026-04-21
14274,4307,6,223208,D83,2026-02-15
14275,503,1,225125,A98,2026-02-18
14276,1437,5,223505,A98,2026-06-29
14277,3524,1,225125,W78,2026-05-06
14278,4008,3,225125,A98,2026-01-18
14279,3853,2,225125,A98,2026-04-30
14280,2947,2,225125,A98,2026-02-07
14281,745,4,223505,K86,2026-02-10
14282,434,9,322230,A98,2026-01-25
14283,3888,1,225125,X86,2026-01-09
14284,1993,2,225125,X86,2026-03-05
14285,1772,9,322230,A98,2026-03-10
14286,4755,3,225125,A98,2026-03-01
14287,3615,1,225125,K86,2026-03-13
14288,32,3,225125,T90,2026-03-13
14289,3828,7,223208,D83,2026-05-04
14290,4871,5,223505,K86,2026-04-05
14291,3188,2,225125,A93,2026-02-09
14292,4362,4,223505,A93,2026-05-14
14293,4147,2,225125,A93,2026-04-28
14294,425,7,223208,D83,2026-05-02
14295,3626,6,223208,D83,2026-01-15
14296,4276,3,225125,K86,2026-03-09
14297,1599,4,223505,A98,2026-02-24
14298,2964,3,225125,K86,2026-03-15
14299,3401,1,225125,K86,2026-04-26
14300,641,4,223505,K86,2026-06-26
14301,4301,2,225125,W78,2026-05-29
14302,1772,3,225125,A98,2026-06-09
14303,3594,8,322230,A98,2026-03-26
14304,2949,5,223505,K86,2026-06-27
14305,1943,4,223505,K86,2026-03-08
14306,3991,9,322230,A98,2026-01-02
14307,141,5,223505,A93,2026-06-12
14308,4236,2,225125,T90,2026-01-07
14309,1000,5,223505,K86,2026-02-07
14310,1229,9,322230,A98,2026-05-08
14311,4524,1,225125,X86,2026-02-27
14312,426,2,225125,K86,2026-03-20
14313,2451,2,225125,K86,2026-03-02
14314,249,8,322230,A98,2026-03-13
14315,3800,1,225125,A98,2026-04-01
14316,2509,1,225125,A98,2026-05-04
14317,4387,1,225125,A98,2026-03-13
14318,770,6,223208,D83,2026-01-05
14319,1081,1,225125,T90,2026-05-18
14320,739,7,223208,D83,2026-03-17
14321,504,6,223208,D83,2026-05-10
14322,2417,2,225125,K86,2026-02-11
14323,3391,2,225125,A98,2026-04-02
14324,1210,9,322230,A98,2026-04-02
14325,165,2,225125,T90,2026-06-12
14326,1085,1,225125,K86,2026-02-14
14327,1818,8,322230,A98,2026-01-03
14328,1416,4,223505,T90,2026-03-24
14329,1536,4,223505,T90,2026-04-26
14330,4978,4,223505,X86,2026-01-02
14331,1044,5,223505,K86,2026-01-05
14332,489,9,322230,A98,2026-01-17
14333,228,2,225125,A93,2026-04-06
14334,4086,1,225125,X86,2026-02-16
14335,855,1,225125,A98,2026-01-31
14336,901,2,225125,A98,2026-01-08
14337,3324,5,223505,X86,2026-05-30
14338,4218,9,322230,A98,2026-03-01
14339,236,1,225125,W78,2026-01-12
14340,3137,2,225125,A93,2026-03-27
14341,1094,1,225125,K86,2026-03-08
14342,3978,7,223208,D83,2026-03-28
14343,1154,3,225125,A98,2026-05-01
14344,659,1,225125,T90,2026-02-08
14345,2262,6,223208,D83,2026-05-29
14346,2365,1,225125,A98,2026-04-14
14347,520,2,225125,A93,2026-05-21
14348,3672,1,225125,K86,2026-04-04
14349,4639,5,223505,K86,2026-05-15
14350,4258,2,225125,A98,2026-01-10
14351,3961,9,322230,A98,2026-01-15
14352,2342,4,223505,W78,2026-04-15
14353,2695,2,225125,A98,2026-03-21
14354,1155,7,223208,D83,2026-03-13
14355,3656,6,223208,D83,2026-03-02
14356,417,2,225125,A98,2026-04-10
14357,1924,8,322230,A98,2026-03-08
14358,2301,1,225125,K86,2026-01-26
14359,310,9,322230,A98,2026-05-24
14360,579,3,225125,A98,2026-01-07
14361,3954,4,223505,T90,2026-03-04
14362,265,9,322230,A98,2026-01-30
14363,4246,3,225125,W78,2026-05-20
14364,3873,1,225125,K86,2026-06-24
14365,4157,8,322230,A98,2026-06-28
14366,3779,5,223505,T90,2026-06-14
14367,1783,1,225125,X86,2026-03-15
14368,2769,9,322230,A98,2026-05-30
14369,1822,3,225125,A98,2026-01-18
14370,321,7,223208,D83,2026-02-25
14371,426,9,322230,A98,2026-03-10
14372,422,7,223208,D83,2026-02-12
14373,921,8,322230,A98,2026-03-15
14374,1678,5,223505,W78,2026-02-25
14375,1243,3,225125,A98,2026-06-11
14376,3827,2,225125,A98,2026-01-31
14377,2059,5,223505,A98,2026-04-12
14378,441,1,225125,K86,2026-03-11
14379,143,4,223505,W78,2026-02-18
14380,3633,2,225125,A93,2026-01-14
14381,315,3,225125,T90,2026-04-07
14382,1040,2,225125,T90,2026-02-26
14383,325,8,322230,A98,2026-01-30
14384,175,2,225125,T90,2026-04-14
14385,2205,9,322230,A98,2026-06-19
14386,2247,7,223208,D83,2026-01-25
14387,1268,2,225125,A93,2026-02-01
14388,1092,1,225125,W78,2026-03-21
14389,4763,2,225125,A98,2026-06-18
14390,818,3,225125,W78,2026-05-02
14391,529,9,322230,A98,2026-05-12
14392,1845,4,223505,W78,2026-03-11
14393,552,9,322230,A98,2026-06-21
14394,4871,2,225125,W78,2026-01-03
14395,200,6,223208,D83,2026-01-10
14396,469,4,223505,A93,2026-06-19
14397,334,1,225125,W78,2026-04-03
14398,2706,8,322230,A98,2026-03-26
14399,3370,3,225125,T90,2026-06-07
14400,797,2,225125,T90,2026-03-06
14401,4299,1,225125,K86,2026-05-12
14402,3643,8,322230,A98,2026-02-22
14403,2863,1,225125,W78,2026-03-09
14404,168,2,225125,K86,2026-05-15
14405,1166,8,322230,A98,2026-04-13
14406,2114,9,322230,A98,2026-05-17
14407,3849,4,223505,X86,2026-01-15
14408,1780,1,225125,A98,2026-04-10
14409,1435,1,225125,T90,2026-02-14
14410,914,2,225125,A93,2026-02-22
14411,2551,1,225125,A98,2026-01-14
14412,626,1,225125,A98,2026-02-18
14413,4965,9,322230,A98,2026-02-17
14414,193,3,225125,A98,2026-02-11
14415,762,7,223208,D83,2026-01-20
14416,1767,3,225125,T90,2026-03-02
14417,3022,9,322230,A98,2026-06-04
14418,1213,2,225125,T90,2026-06-07
14419,4308,9,322230,A98,2026-06-04
14420,3244,3,225125,T90,2026-03-21
14421,4676,9,322230,A98,2026-05-07
14422,2517,2,225125,K86,2026-03-24
14423,3299,9,322230,A98,2026-05-05
14424,923,5,223505,X86,2026-02-14
14425,454,4,223505,X86,2026-02-12
14426,2411,3,225125,A98,2026-05-12
14427,4949,1,225125,T90,2026-02-28
14428,1732,8,322230,A98,2026-02-06
14429,4485,7,223208,D83,2026-02-09
14430,2369,4,223505,A93,2026-06-28
14431,2530,2,225125,A98,2026-03-29
14432,4523,4,223505,K86,2026-05-19
14433,2199,9,322230,A98,2026-02-18
14434,3646,6,223208,D83,2026-01-19
14435,1909,2,225125,K86,2026-04-16
14436,308,4,223505,W78,2026-03-28
14437,2629,2,225125,X86,2026-05-18
14438,4543,3,225125,K86,2026-01-28
14439,2323,8,322230,A98,2026-04-16
14440,2790,3,225125,K86,2026-04-30
14441,2803,1,225125,K86,2026-06-10
14442,3242,8,322230,A98,2026-02-19
14443,1788,6,223208,D83,2026-02-13
14444,2297,4,223505,X86,2026-06-07
14445,2382,1,225125,K86,2026-01-16
14446,1672,7,223208,D83,2026-01-13
14447,4053,5,223505,A98,2026-06-09
14448,989,6,223208,D83,2026-02-27
14449,1377,5,223505,A98,2026-01-07
14450,964,5,223505,W78,2026-01-04
14451,2082,9,322230,A98,2026-03-12
14452,915,1,225125,W78,2026-06-11
14453,2625,2,225125,A98,2026-06-25
14454,967,3,225125,A93,2026-01-25
14455,70,1,225125,A98,2026-02-01
14456,2498,5,223505,W78,2026-06-12
14457,4691,9,322230,A98,2026-04-12
14458,1310,7,223208,D83,2026-04-16
14459,2483,8,322230,A98,2026-03-06
14460,4755,5,223505,A98,2026-02-27
14461,117,6,223208,D83,2026-03-17
14462,1507,2,225125,K86,2026-03-27
14463,3230,8,322230,A98,2026-01-21
14464,4444,3,225125,K86,2026-02-01
14465,3424,7,223208,D83,2026-01-27
14466,808,2,225125,A98,2026-04-30
14467,4477,1,225125,X86,2026-01-30
14468,2087,5,223505,W78,2026-05-23
14469,353,1,225125,W78,2026-01-21
14470,40,4,223505,A98,2026-06-01
14471,2389,2,225125,K86,2026-02-22
14472,4725,1,225125,A98,2026-03-09
14473,3158,6,223208,D83,2026-01-31
14474,3701,9,322230,A98,2026-01-07
14475,2907,9,322230,A98,2026-01-01
14476,1303,8,322230,A98,2026-06-07
14477,3345,6,223208,D83,2026-03-12
14478,406,2,225125,A98,2026-03-17
14479,2154,2,225125,A98,2026-01-10
14480,2787,1,225125,X86,2026-04-11
14481,1467,7,223208,D83,2026-03-05
14482,3889,9,322230,A98,2026-06-23
14483,3878,2,225125,A98,2026-06-15
14484,4958,2,225125,A98,2026-05-26
14485,2921,5,223505,K86,2026-02-10
14486,4226,9,322230,A98,2026-04-18
14487,2241,5,223505,A93,2026-05-26
14488,3767,1,225125,X86,2026-01-29
14489,2372,2,225125,A93,2026-05-29
14490,593,1,225125,A93,2026-05-03
14491,4805,1,225125,W78,2026-05-03
14492,4804,3,225125,A93,2026-02-20
14493,4709,7,223208,D83,2026-01-23
14494,1026,6,223208,D83,2026-03-22
14495,2946,2,225125,A98,2026-06-02
14496,2004,1,225125,K86,2026-01-10
14497,2142,2,225125,A98,2026-02-26
14498,1072,5,223505,A98,2026-04-18
14499,2803,9,322230,A98,2026-01-15
14500,2533,8,322230,A98,2026-01-05
14501,2344,2,225125,A93,2026-04-25
14502,4691,8,322230,A98,2026-04-28
14503,2024,8,322230,A98,2026-02-15
14504,3368,4,223505,A98,2026-04-01
14505,1704,5,223505,T90,2026-01-30
14506,3065,8,322230,A98,2026-04-10
14507,3292,7,223208,D83,2026-02-15
14508,1688,2,225125,A98,2026-04-01
14509,1620,1,225125,K86,2026-03-11
14510,2173,6,223208,D83,2026-03-05
14511,414,6,223208,D83,2026-05-02
14512,3521,4,223505,X86,2026-03-13
14513,146,3,225125,A98,2026-03-12
14514,4345,1,225125,A98,2026-05-27
14515,2697,7,223208,D83,2026-05-02
14516,2616,6,223208,D83,2026-01-16
14517,535,2,225125,A93,2026-02-25
14518,3499,2,225125,A98,2026-06-04
14519,3271,6,223208,D83,2026-03-19
14520,1955,1,225125,A98,2026-03-26
14521,1616,7,223208,D83,2026-04-23
14522,3006,8,322230,A98,2026-02-27
14523,3877,5,223505,K86,2026-04-20
14524,1521,8,322230,A98,2026-03-24
14525,2797,8,322230,A98,2026-02-15
14526,1202,4,223505,X86,2026-01-31
14527,3226,3,225125,T90,2026-03-15
14528,1650,7,223208,D83,2026-05-14
14529,184,4,223505,A98,2026-04-04
14530,391,1,225125,T90,2026-01-31
14531,4004,2,225125,K86,2026-02-07
14532,531,1,225125,K86,2026-01-19
14533,2863,3,225125,K86,2026-06-13
14534,4434,2,225125,A98,2026-04-22
14535,4996,9,322230,A98,2026-01-05
14536,2559,5,223505,X86,2026-02-08
14537,3630,1,225125,T90,2026-05-12
14538,1206,8,322230,A98,2026-03-19
14539,3163,1,225125,T90,2026-02-06
14540,3334,5,223505,K86,2026-04-11
14541,1248,1,225125,K86,2026-03-13
14542,4992,6,223208,D83,2026-05-21
14543,1818,9,322230,A98,2026-01-29
14544,641,6,223208,D83,2026-04-19
14545,3421,2,225125,T90,2026-04-14
14546,657,1,225125,A98,2026-01-02
14547,449,5,223505,K86,2026-05-02
14548,593,7,223208,D83,2026-02-26
14549,2555,4,223505,A98,2026-02-26
14550,2380,1,225125,A98,2026-03-14
14551,883,7,223208,D83,2026-03-03
14552,2127,2,225125,T90,2026-05-11
14553,4421,3,225125,W78,2026-04-18
14554,3570,2,225125,X86,2026-06-20
14555,2149,2,225125,K86,2026-01-11
14556,2401,5,223505,K86,2026-04-16
14557,4303,5,223505,K86,2026-04-10
14558,4987,6,223208,D83,2026-06-11
14559,1953,7,223208,D83,2026-03-26
14560,1975,2,225125,W78,2026-05-28
14561,650,2,225125,A98,2026-02-23
14562,358,6,223208,D83,2026-05-23
14563,4304,9,322230,A98,2026-05-15
14564,1743,7,223208,D83,2026-06-29
14565,1646,8,322230,A98,2026-03-02
14566,1914,1,225125,K86,2026-04-17
14567,699,5,223505,A98,2026-04-10
14568,1251,7,223208,D83,2026-01-31
14569,4958,2,225125,A98,2026-04-03
14570,4411,6,223208,D83,2026-02-05
14571,4420,3,225125,K86,2026-02-11
14572,2783,7,223208,D83,2026-01-31
14573,489,7,223208,D83,2026-01-02
14574,2545,9,322230,A98,2026-06-17
14575,813,2,225125,K86,2026-05-23
14576,487,2,225125,X86,2026-02-10
14577,2770,5,223505,T90,2026-01-30
14578,1510,1,225125,A93,2026-04-10
14579,374,3,225125,A93,2026-02-11
14580,591,3,225125,T90,2026-02-17
14581,3746,4,223505,A98,2026-03-25
14582,4347,1,225125,A98,2026-06-06
14583,1966,8,322230,A98,2026-04-28
14584,3198,9,322230,A98,2026-03-22
14585,3559,1,225125,A98,2026-05-08
14586,4271,2,225125,A98,2026-01-19
14587,648,5,223505,K86,2026-03-28
14588,4353,8,322230,A98,2026-01-19
14589,477,5,223505,K86,2026-02-15
14590,1423,4,223505,T90,2026-04-02
14591,2941,9,322230,A98,2026-02-19
14592,1377,2,225125,A93,2026-01-21
14593,4504,2,225125,T90,2026-06-02
14594,1876,7,223208,D83,2026-06-18
14595,3108,9,322230,A98,2026-01-11
14596,2721,9,322230,A98,2026-03-04
14597,4313,2,225125,W78,2026-02-07
14598,4530,4,223505,A98,2026-01-08
14599,3057,1,225125,A98,2026-05-21
14600,2851,5,223505,A93,2026-02-12
14601,953,3,225125,W78,2026-01-01
14602,909,9,322230,A98,2026-05-02
14603,449,4,223505,K86,2026-01-14
14604,4092,1,225125,A98,2026-01-21
14605,4641,6,223208,D83,2026-05-26
14606,3047,2,225125,A98,2026-06-06
14607,817,8,322230,A98,2026-01-14
14608,1620,1,225125,W78,2026-05-25
14609,3575,4,223505,A98,2026-01-14
14610,1318,2,225125,A98,2026-01-07
14611,1584,9,322230,A98,2026-05-03
14612,1424,1,225125,K86,2026-01-24
14613,4775,4,223505,K86,2026-01-31
14614,4657,4,223505,A93,2026-04-05
14615,4544,3,225125,A98,2026-06-20
14616,4159,1,225125,W78,2026-03-13
14617,4142,6,223208,D83,2026-04-10
14618,3672,1,225125,T90,2026-05-05
14619,1830,1,225125,A93,2026-02-06
14620,4489,4,223505,A98,2026-06-08
14621,2177,2,225125,W78,2026-05-24
14622,1623,1,225125,K86,2026-06-17
14623,3140,1,225125,T90,2026-02-04
14624,1931,1,225125,A98,2026-04-22
14625,1032,5,223505,W78,2026-02-27
14626,1775,7,223208,D83,2026-05-17
14627,3593,9,322230,A98,2026-06-15
14628,306,3,225125,W78,2026-03-01
14629,2749,6,223208,D83,2026-06-07
14630,1367,6,223208,D83,2026-04-02
14631,2430,6,223208,D83,2026-05-19
14632,1265,3,225125,A98,2026-06-12
14633,2043,2,225125,A93,2026-05-22
14634,2169,6,223208,D83,2026-05-20
14635,2130,1,225125,A98,2026-03-12
14636,2295,1,225125,T90,2026-05-15
14637,1229,2,225125,A98,2026-03-27
14638,3793,1,225125,W78,2026-01-21
14639,4917,2,225125,A98,2026-04-22
14640,29,3,225125,A98,2026-05-05
14641,4405,1,225125,K86,2026-01-08
14642,3422,2,225125,A98,2026-06-21
14643,575,1,225125,A98,2026-06-18
14644,3401,5,223505,A93,2026-01-06
14645,712,8,322230,A98,2026-04-29
14646,533,6,223208,D83,2026-03-20
14647,3951,6,223208,D83,2026-03-05
14648,1058,4,223505,A98,2026-06-06
14649,272,1,225125,X86,2026-03-14
14650,1236,2,225125,K86,2026-06-24
14651,823,4,223505,A98,2026-06-07
14652,462,5,223505,K86,2026-02-07
14653,2840,7,223208,D83,2026-04-01
14654,2393,5,223505,W78,2026-01-12
14655,317,4,223505,W78,2026-05-09
14656,4651,2,225125,K86,2026-03-07
14657,4691,1,225125,A93,2026-05-10
14658,4119,6,223208,D83,2026-04-10
14659,648,2,225125,X86,2026-04-25
14660,3415,3,225125,W78,2026-04-02
14661,3289,3,225125,T90,2026-04-11
14662,883,9,322230,A98,2026-04-17
14663,2634,7,223208,D83,2026-03-25
14664,1560,8,322230,A98,2026-03-05
14665,525,2,225125,T90,2026-01-09
14666,464,4,223505,A98,2026-01-25
14667,3223,8,322230,A98,2026-03-29
14668,3851,5,223505,T90,2026-02-17
14669,4723,4,223505,K86,2026-03-05
14670,978,6,223208,D83,2026-03-01
14671,4158,1,225125,A98,2026-04-09
14672,3217,7,223208,D83,2026-05-02
14673,3728,4,223505,T90,2026-06-29
14674,2006,4,223505,A93,2026-01-19
14675,4988,5,223505,A98,2026-02-28
14676,2238,9,322230,A98,2026-05-11
14677,710,9,322230,A98,2026-01-30
14678,683,7,223208,D83,2026-04-18
14679,3555,5,223505,K86,2026-06-27
14680,62,7,223208,D83,2026-06-17
14681,2003,2,225125,W78,2026-06-19
14682,2410,4,223505,T90,2026-02-27
14683,818,4,223505,K86,2026-03-30
14684,4815,9,322230,A98,2026-06-26
14685,2582,2,225125,A98,2026-05-01
14686,3377,1,225125,A98,2026-05-29
14687,1276,7,223208,D83,2026-01-06
14688,1254,4,223505,W78,2026-05-14
14689,4555,6,223208,D83,2026-01-26
14690,1976,3,225125,A98,2026-02-06
14691,3913,1,225125,A98,2026-05-08
14692,4530,1,225125,A98,2026-05-12
14693,1976,9,322230,A98,2026-04-23
14694,4976,8,322230,A98,2026-05-01
14695,2435,6,223208,D83,2026-03-26
14696,342,3,225125,W78,2026-02-24
14697,4947,1,225125,K86,2026-06-29
14698,3993,1,225125,A98,2026-02-20
14699,4943,2,225125,K86,2026-05-15
14700,431,8,322230,A98,2026-03-07
14701,831,1,225125,K86,2026-05-25
14702,4741,4,223505,K86,2026-03-06
14703,4890,7,223208,D83,2026-01-12
14704,166,5,223505,T90,2026-04-14
14705,228,2,225125,A98,2026-03-17
14706,2517,4,223505,A98,2026-01-11
14707,749,3,225125,K86,2026-06-14
14708,2317,9,322230,A98,2026-05-07
14709,4651,2,225125,A98,2026-05-28
14710,3907,2,225125,A98,2026-03-20
14711,1789,1,225125,K86,2026-03-19
14712,3761,8,322230,A98,2026-02-04
14713,4120,1,225125,X86,2026-01-16
14714,3135,2,225125,A93,2026-03-27
14715,127,3,225125,A98,2026-06-03
14716,3085,2,225125,K86,2026-01-10
14717,4340,5,223505,W78,2026-05-31
14718,1248,6,223208,D83,2026-02-21
14719,3703,6,223208,D83,2026-04-17
14720,344,2,225125,X86,2026-05-08
14721,3533,5,223505,W78,2026-01-06
14722,3317,9,322230,A98,2026-01-06
14723,2182,3,225125,K86,2026-06-02
14724,4883,9,322230,A98,2026-04-16
14725,1498,2,225125,W78,2026-04-05
14726,2043,4,223505,W78,2026-04-17
14727,3831,2,225125,X86,2026-03-09
14728,2529,8,322230,A98,2026-01-04
14729,1598,1,225125,T90,2026-06-01
14730,1271,7,223208,D83,2026-02-11
14731,4993,8,322230,A98,2026-06-21
14732,613,2,225125,K86,2026-05-01
14733,3170,1,225125,A98,2026-03-08
14734,921,5,223505,X86,2026-01-25
14735,2477,5,223505,W78,2026-02-16
14736,2029,1,225125,A98,2026-02-08
14737,2068,1,225125,A98,2026-03-30
14738,1281,5,223505,X86,2026-01-08
14739,310,6,223208,D83,2026-02-25
14740,2205,2,225125,T90,2026-03-21
14741,469,3,225125,A98,2026-05-21
14742,1265,6,223208,D83,2026-02-14
14743,4599,2,225125,K86,2026-05-16
14744,1804,5,223505,X86,2026-05-19
14745,635,1,225125,K86,2026-05-23
14746,3476,8,322230,A98,2026-02-24
14747,3893,8,322230,A98,2026-01-04
14748,1002,8,322230,A98,2026-02-11
14749,611,2,225125,K86,2026-01-23
14750,2535,7,223208,D83,2026-04-17
14751,4584,7,223208,D83,2026-03-18
14752,1583,9,322230,A98,2026-04-08
14753,799,2,225125,A98,2026-03-04
14754,43,1,225125,A98,2026-01-15
14755,4597,2,225125,T90,2026-03-09
14756,4985,5,223505,T90,2026-04-27
14757,4755,1,225125,T90,2026-06-20
14758,4697,1,225125,A93,2026-02-11
14759,2816,4,223505,T90,2026-03-13
14760,911,1,225125,A93,2026-03-16
14761,3535,6,223208,D83,2026-05-30
14762,4393,5,223505,W78,2026-02-27
14763,1454,2,225125,K86,2026-04-06
14764,4148,9,322230,A98,2026-01-07
14765,3363,9,322230,A98,2026-04-24
14766,247,3,225125,T90,2026-06-02
14767,159,7,223208,D83,2026-04-04
14768,1763,2,225125,K86,2026-02-20
14769,365,1,225125,A93,2026-04-04
14770,1953,2,225125,A98,2026-02-17
14771,1938,1,225125,A98,2026-06-06
14772,471,3,225125,A98,2026-03-05
14773,1110,1,225125,K86,2026-06-25
14774,472,2,225125,K86,2026-05-08
14775,4187,7,223208,D83,2026-04-03
14776,898,4,223505,A98,2026-02-18
14777,2299,7,223208,D83,2026-05-13
14778,982,7,223208,D83,2026-06-14
14779,3059,1,225125,A98,2026-01-10
14780,2917,5,223505,A98,2026-03-24
14781,184,1,225125,A98,2026-04-29
14782,3542,7,223208,D83,2026-05-20
14783,2668,2,225125,A93,2026-06-25
14784,2687,8,322230,A98,2026-04-05
14785,1437,2,225125,W78,2026-03-21
14786,1379,1,225125,A98,2026-04-30
14787,4830,1,225125,K86,2026-06-03
14788,381,2,225125,X86,2026-02-10
14789,3178,1,225125,K86,2026-01-04
14790,4085,4,223505,A98,2026-01-27
14791,629,2,225125,A98,2026-04-09
14792,4713,1,225125,A98,2026-02-19
14793,3845,1,225125,K86,2026-05-01
14794,408,8,322230,A98,2026-05-16
14795,2149,8,322230,A98,2026-05-31
14796,3341,4,223505,K86,2026-01-12
14797,2283,1,225125,K86,2026-01-07
14798,3545,7,223208,D83,2026-06-24
14799,1994,7,223208,D83,2026-06-27
14800,3409,2,225125,A98,2026-05-14
14801,4330,9,322230,A98,2026-02-18
14802,1265,3,225125,K86,2026-05-08
14803,4070,5,223505,A98,2026-02-04
14804,1647,9,322230,A98,2026-04-19
14805,874,1,225125,A98,2026-02-22
14806,2950,5,223505,X86,2026-01-01
14807,3400,4,223505,A93,2026-04-13
14808,636,9,322230,A98,2026-01-30
14809,3344,4,223505,K86,2026-05-03
14810,2683,1,225125,T90,2026-06-26
14811,3528,2,225125,A93,2026-01-27
14812,2108,9,322230,A98,2026-04-05
14813,2239,1,225125,K86,2026-03-05
14814,2713,3,225125,A93,2026-01-20
14815,1138,4,223505,W78,2026-04-17
14816,4624,5,223505,A98,2026-06-06
14817,959,5,223505,T90,2026-06-04
14818,3660,9,322230,A98,2026-01-05
14819,2497,8,322230,A98,2026-01-18
14820,3838,3,225125,W78,2026-05-31
14821,3959,1,225125,K86,2026-06-13
14822,3624,1,225125,A98,2026-06-16
14823,1067,6,223208,D83,2026-05-27
14824,4671,4,223505,A98,2026-04-23
14825,2763,5,223505,X86,2026-05-22
14826,3464,6,223208,D83,2026-02-04
14827,873,9,322230,A98,2026-06-17
14828,451,6,223208,D83,2026-01-10
14829,3851,1,225125,A98,2026-06-11
14830,442,1,225125,W78,2026-02-09
14831,4361,2,225125,A98,2026-06-29
14832,661,7,223208,D83,2026-06-19
14833,4910,3,225125,A98,2026-06-15
14834,2205,2,225125,K86,2026-01-14
14835,831,5,223505,W78,2026-04-09
14836,2253,2,225125,A98,2026-04-21
14837,239,7,223208,D83,2026-05-24
14838,601,8,322230,A98,2026-02-18
14839,1422,7,223208,D83,2026-02-18
14840,2766,9,322230,A98,2026-05-11
14841,767,4,223505,T90,2026-01-13
14842,1574,1,225125,X86,2026-03-23
14843,2110,3,225125,K86,2026-06-07
14844,1812,7,223208,D83,2026-03-24
14845,3010,8,322230,A98,2026-05-01
14846,324,1,225125,K86,2026-04-09
14847,3211,3,225125,K86,2026-02-04
14848,4036,2,225125,T90,2026-02-14
14849,4082,2,225125,K86,2026-01-17
14850,954,4,223505,W78,2026-01-13
14851,3987,9,322230,A98,2026-05-10
14852,2284,2,225125,W78,2026-02-06
14853,1734,4,223505,A93,2026-03-04
14854,510,3,225125,A98,2026-04-26
14855,3489,3,225125,K86,2026-01-06
14856,786,8,322230,A98,2026-01-04
14857,2933,3,225125,K86,2026-06-04
14858,416,1,225125,A98,2026-03-17
14859,1436,8,322230,A98,2026-03-07
14860,472,1,225125,A98,2026-02-01
14861,4295,3,225125,A93,2026-05-08
14862,209,1,225125,K86,2026-04-12
14863,4429,1,225125,X86,2026-03-15
14864,139,8,322230,A98,2026-04-18
14865,2164,4,223505,A98,2026-05-20
14866,3484,3,225125,K86,2026-06-24
14867,3605,6,223208,D83,2026-01-09
14868,4796,1,225125,A98,2026-05-27
14869,1362,2,225125,W78,2026-06-25
14870,4701,6,223208,D83,2026-04-12
14871,4012,6,223208,D83,2026-04-01
14872,1733,6,223208,D83,2026-06-20
14873,3412,1,225125,W78,2026-01-29
14874,4804,1,225125,K86,2026-06-21
14875,4555,2,225125,X86,2026-01-13
14876,2266,1,225125,A98,2026-02-27
14877,1926,1,225125,K86,2026-05-23
14878,4553,7,223208,D83,2026-05-23
14879,2011,5,223505,X86,2026-05-31
14880,2877,8,322230,A98,2026-05-03
14881,4736,5,223505,K86,2026-04-13
14882,370,6,223208,D83,2026-06-23
14883,2346,7,223208,D83,2026-03-22
14884,838,2,225125,T90,2026-02-25
14885,4999,8,322230,A98,2026-01-18
14886,457,4,223505,A98,2026-02-14
14887,3439,1,225125,K86,2026-03-09
14888,1330,8,322230,A98,2026-02-15
14889,4099,1,225125,K86,2026-06-25
14890,4281,1,225125,A98,2026-06-28
14891,54,5,223505,X86,2026-05-08
14892,628,8,322230,A98,2026-02-15
14893,2216,1,225125,K86,2026-02-01
14894,2385,2,225125,A98,2026-02-03
14895,1847,3,225125,W78,2026-04-22
14896,755,9,322230,A98,2026-05-12
14897,3436,5,223505,K86,2026-06-15
14898,2104,9,322230,A98,2026-03-31
14899,4492,1,225125,A98,2026-06-03
14900,1325,1,225125,A98,2026-05-11
14901,2178,8,322230,A98,2026-03-27
14902,896,1,225125,A98,2026-03-12
14903,592,1,225125,A98,2026-05-14
14904,1957,8,322230,A98,2026-04-08
14905,4326,7,223208,D83,2026-01-09
14906,296,7,223208,D83,2026-02-28
14907,3601,4,223505,A98,2026-02-28
14908,4896,7,223208,D83,2026-02-26
14909,4901,4,223505,K86,2026-01-01
14910,4824,3,225125,A98,2026-03-08
14911,2744,1,225125,A93,2026-06-21
14912,2804,6,223208,D83,2026-03-22
14913,4464,1,225125,A93,2026-02-07
14914,4790,3,225125,X86,2026-03-11
14915,4425,9,322230,A98,2026-05-23
14916,4749,3,225125,K86,2026-02-15
14917,2068,9,322230,A98,2026-01-17
14918,1514,4,223505,A93,2026-05-13
14919,1510,1,225125,W78,2026-03-18
14920,2235,5,223505,A98,2026-01-05
14921,355,4,223505,A93,2026-06-26
14922,2466,1,225125,K86,2026-04-22
14923,4568,1,225125,A98,2026-05-04
14924,1639,1,225125,K86,2026-06-08
14925,3961,2,225125,A93,2026-03-28
14926,282,3,225125,X86,2026-06-16
14927,2181,8,322230,A98,2026-02-10
14928,767,4,223505,A98,2026-03-07
14929,4350,8,322230,A98,2026-04-17
14930,630,6,223208,D83,2026-03-15
14931,3481,2,225125,A98,2026-04-09
14932,4023,1,225125,A93,2026-02-15
14933,4309,7,223208,D83,2026-05-02
14934,4094,8,322230,A98,2026-06-11
14935,1894,2,225125,W78,2026-05-13
14936,656,7,223208,D83,2026-05-05
14937,3452,4,223505,K86,2026-01-01
14938,113,5,223505,A98,2026-01-13
14939,52,3,225125,W78,2026-06-04
14940,2638,4,223505,X86,2026-01-16
14941,4446,4,223505,A93,2026-06-29
14942,2672,6,223208,D83,2026-01-04
14943,91,9,322230,A98,2026-01-30
14944,561,9,322230,A98,2026-02-09
14945,57,6,223208,D83,2026-01-23
14946,1649,3,225125,W78,2026-04-26
14947,688,2,225125,A98,2026-04-30
14948,4817,1,225125,K86,2026-01-05
14949,1684,8,322230,A98,2026-04-09
14950,4642,5,223505,A93,2026-01-18
14951,1654,7,223208,D83,2026-04-06
14952,3660,4,223505,A98,2026-01-24
14953,3990,1,225125,A93,2026-05-21
14954,3263,2,225125,A93,2026-04-19
14955,4150,3,225125,A98,2026-06-27
14956,2857,6,223208,D83,2026-03-30
14957,938,5,223505,A98,2026-04-19
14958,1927,6,223208,D83,2026-04-16
14959,806,1,225125,A98,2026-04-08
14960,2038,6,223208,D83,2026-04-14
14961,4666,2,225125,K86,2026-03-03
14962,925,8,322230,A98,2026-02-20
14963,1549,6,223208,D83,2026-04-24
14964,3823,2,225125,A98,2026-03-19
14965,1426,8,322230,A98,2026-01-27
14966,3359,4,223505,A98,2026-03-20
14967,4908,8,322230,A98,2026-06-28
14968,1116,1,225125,X86,2026-01-20
14969,2405,6,223208,D83,2026-02-09
14970,2822,2,225125,K86,2026-03-02
14971,813,1,225125,A98,2026-02-03
14972,1605,4,223505,A98,2026-06-28
14973,122,2,225125,T90,2026-04-05
14974,403,1,225125,W78,2026-06-21
14975,3009,1,225125,K86,2026-01-19
14976,2856,2,225125,T90,2026-02-17
14977,4887,1,225125,K86,2026-06-23
14978,3200,3,225125,A93,2026-05-16
14979,394,2,225125,X86,2026-05-28
14980,4700,8,322230,A98,2026-05-09
14981,119,8,322230,A98,2026-02-27
14982,130,9,322230,A98,2026-01-22
14983,936,7,223208,D83,2026-04-25
14984,3272,5,223505,A93,2026-06-12
14985,3565,8,322230,A98,2026-04-20
14986,2553,3,225125,A93,2026-04-03
14987,3837,8,322230,A98,2026-06-27
14988,3718,8,322230,A98,2026-04-25
14989,3283,2,225125,K86,2026-05-20
14990,2659,2,225125,T90,2026-03-12
14991,931,5,223505,A98,2026-03-14
14992,111,4,223505,X86,2026-02-12
14993,3890,3,225125,A93,2026-02-24
14994,2896,7,223208,D83,2026-05-19
14995,661,2,225125,A98,2026-03-11
14996,3582,9,322230,A98,2026-06-21
14997,3946,1,225125,K86,2026-06-21
14998,3255,7,223208,D83,2026-03-22
14999,4686,2,225125,T90,2026-06-27
15000,4872,8,322230,A98,2026-03-18
15001,213,1,225125,K86,2026-02-06
15002,4814,4,223505,A93,2026-04-15
15003,2180,8,322230,A98,2026-03-13
15004,196,8,322230,A98,2026-02-21
15005,649,6,223208,D83,2026-01-23
15006,1768,3,225125,A98,2026-06-16
15007,1575,1,225125,A98,2026-04-29
15008,2214,1,225125,K86,2026-02-05
15009,2917,4,223505,W78,2026-06-16
15010,4196,6,223208,D83,2026-05-30
15011,3937,3,225125,A98,2026-04-27
15012,4187,5,223505,A98,2026-03-26
15013,3021,2,225125,T90,2026-04-01
15014,2313,1,225125,A98,2026-04-28
15015,1678,1,225125,W78,2026-01-08
15016,4814,4,223505,K86,2026-01-06
15017,2021,5,223505,A98,2026-04-16
15018,1762,4,223505,X86,2026-02-18
15019,991,1,225125,A93,2026-03-03
15020,3271,7,223208,D83,2026-01-29
15021,2308,8,322230,A98,2026-01-28
15022,2431,2,225125,K86,2026-02-09
15023,1086,6,223208,D83,2026-06-23
15024,146,5,223505,T90,2026-04-02
15025,3286,5,223505,A93,2026-05-16
15026,3592,2,225125,A93,2026-06-22
15027,4555,9,322230,A98,2026-03-05
15028,4764,3,225125,A93,2026-02-27
15029,2801,1,225125,X86,2026-03-22
15030,968,3,225125,A98,2026-01-11
15031,2257,2,225125,A98,2026-02-13
15032,2965,5,223505,A93,2026-06-23
15033,1341,4,223505,W78,2026-03-09
15034,4349,9,322230,A98,2026-06-14
15035,4584,7,223208,D83,2026-06-06
15036,2313,4,223505,A98,2026-05-10
15037,622,8,322230,A98,2026-03-25
15038,2574,2,225125,W78,2026-06-21
15039,3039,8,322230,A98,2026-05-28
15040,2651,1,225125,W78,2026-04-24
15041,2994,4,223505,A93,2026-01-25
15042,4440,1,225125,A98,2026-04-15
15043,546,1,225125,K86,2026-04-29
15044,793,1,225125,X86,2026-01-19
15045,3810,3,225125,A98,2026-04-20
15046,2786,7,223208,D83,2026-05-05
15047,3129,1,225125,A93,2026-05-01
15048,2075,1,225125,X86,2026-02-11
15049,2956,1,225125,K86,2026-02-13
15050,3548,8,322230,A98,2026-01-27
15051,1045,5,223505,A98,2026-04-10
15052,2379,5,223505,T90,2026-05-10
15053,2026,7,223208,D83,2026-03-05
15054,2025,3,225125,T90,2026-06-02
15055,4745,5,223505,A93,2026-02-19
15056,2873,1,225125,A93,2026-03-01
15057,809,6,223208,D83,2026-03-08
15058,1029,2,225125,W78,2026-06-06
15059,479,8,322230,A98,2026-02-16
15060,3297,7,223208,D83,2026-02-14
15061,241,9,322230,A98,2026-01-09
15062,2793,4,223505,K86,2026-04-21
15063,2541,1,225125,A98,2026-03-13
15064,640,8,322230,A98,2026-06-14
15065,3331,5,223505,X86,2026-02-05
15066,4601,9,322230,A98,2026-05-25
15067,1888,5,223505,K86,2026-05-05
15068,4383,8,322230,A98,2026-06-20
15069,1400,1,225125,A98,2026-03-09
15070,1758,3,225125,A98,2026-01-14
15071,2739,2,225125,A98,2026-02-22
15072,4813,4,223505,A98,2026-03-13
15073,4283,1,225125,K86,2026-06-27
15074,2828,1,225125,A98,2026-04-15
15075,4175,8,322230,A98,2026-03-01
15076,2736,2,225125,K86,2026-04-28
15077,3215,3,225125,A93,2026-02-27
15078,4265,7,223208,D83,2026-02-26
15079,2628,2,225125,A93,2026-05-29
15080,1066,1,225125,W78,2026-03-21
15081,2018,8,322230,A98,2026-01-01
15082,327,7,223208,D83,2026-04-30
15083,2644,9,322230,A98,2026-03-22
15084,3297,8,322230,A98,2026-01-23
15085,1299,4,223505,A98,2026-05-18
15086,2521,7,223208,D83,2026-05-03
15087,560,4,223505,K86,2026-04-08
15088,2706,5,223505,K86,2026-02-03
15089,901,1,225125,T90,2026-03-10
15090,1883,8,322230,A98,2026-04-27
15091,2757,7,223208,D83,2026-06-09
15092,323,2,225125,K86,2026-01-17
15093,4471,3,225125,A93,2026-05-01
15094,2270,1,225125,W78,2026-05-05
15095,4323,8,322230,A98,2026-04-20
15096,4110,2,225125,A93,2026-02-09
15097,4070,7,223208,D83,2026-03-10
15098,547,3,225125,A98,2026-02-07
15099,2389,6,223208,D83,2026-05-15
15100,1142,6,223208,D83,2026-06-14
15101,2378,1,225125,K86,2026-06-12
15102,3193,5,223505,T90,2026-02-16
15103,3751,1,225125,A98,2026-04-18
15104,2865,2,225125,A98,2026-03-08
15105,2392,6,223208,D83,2026-04-10
15106,1026,3,225125,A98,2026-01-21
15107,1478,2,225125,A98,2026-02-23
15108,3174,9,322230,A98,2026-01-05
15109,4801,2,225125,W78,2026-06-15
15110,597,1,225125,A98,2026-03-01
15111,1703,1,225125,K86,2026-04-26
15112,2861,2,225125,A98,2026-02-15
15113,400,2,225125,K86,2026-04-15
15114,2098,2,225125,K86,2026-04-13
15115,2335,7,223208,D83,2026-06-25
15116,2843,5,223505,W78,2026-06-05
15117,1527,2,225125,K86,2026-05-20
15118,516,5,223505,T90,2026-03-02
15119,4164,2,225125,X86,2026-02-18
15120,3207,2,225125,A98,2026-05-07
15121,3368,9,322230,A98,2026-02-01
15122,1852,6,223208,D83,2026-05-18
15123,1088,8,322230,A98,2026-02-06
15124,2725,3,225125,K86,2026-06-19
15125,4509,7,223208,D83,2026-05-30
15126,4803,1,225125,A98,2026-01-29
15127,2397,2,225125,A93,2026-01-06
15128,3276,1,225125,A98,2026-01-07
15129,2845,4,223505,T90,2026-01-23
15130,826,9,322230,A98,2026-05-07
15131,1415,3,225125,K86,2026-06-05
15132,1757,3,225125,X86,2026-05-19
15133,3266,4,223505,A98,2026-04-08
15134,1979,1,225125,W78,2026-01-21
15135,152,3,225125,A93,2026-04-21
15136,3379,1,225125,A93,2026-04-16
15137,259,2,225125,K86,2026-04-14
15138,2655,6,223208,D83,2026-05-22
15139,3462,1,225125,X86,2026-06-28
15140,1633,7,223208,D83,2026-05-13
15141,775,4,223505,A93,2026-01-14
15142,2199,2,225125,A98,2026-06-28
15143,3800,6,223208,D83,2026-04-27
15144,4860,9,322230,A98,2026-01-23
15145,1473,2,225125,W78,2026-04-29
15146,2929,2,225125,A98,2026-04-08
15147,4995,2,225125,A98,2026-01-26
15148,114,8,322230,A98,2026-04-26
15149,1034,7,223208,D83,2026-06-05
15150,1141,2,225125,K86,2026-01-10
15151,718,2,225125,W78,2026-06-16
15152,4588,8,322230,A98,2026-03-14
15153,56,1,225125,W78,2026-03-02
15154,2647,7,223208,D83,2026-06-21
15155,1797,3,225125,A98,2026-01-24
15156,232,1,225125,A98,2026-03-10
15157,1902,1,225125,A93,2026-04-10
15158,2918,4,223505,A93,2026-03-25
15159,2044,2,225125,X86,2026-01-31
15160,4462,1,225125,X86,2026-06-10
15161,2542,2,225125,T90,2026-04-06
15162,3527,6,223208,D83,2026-06-18
15163,4382,9,322230,A98,2026-02-18
15164,300,1,225125,A98,2026-02-18
15165,1142,2,225125,A93,2026-06-27
15166,4845,8,322230,A98,2026-02-04
15167,4744,2,225125,K86,2026-03-12
15168,4100,8,322230,A98,2026-06-17
15169,3273,8,322230,A98,2026-05-17
15170,1497,1,225125,A93,2026-05-30
15171,682,2,225125,K86,2026-05-27
15172,730,1,225125,K86,2026-06-22
15173,3132,8,322230,A98,2026-05-10
15174,197,6,223208,D83,2026-04-17
15175,1486,6,223208,D83,2026-06-12
15176,4157,3,225125,K86,2026-05-31
15177,781,1,225125,A98,2026-04-27
15178,2841,9,322230,A98,2026-06-15
15179,1516,6,223208,D83,2026-02-26
15180,2786,3,225125,X86,2026-04-19
15181,2918,1,225125,T90,2026-03-21
15182,2551,3,225125,X86,2026-01-06
15183,665,2,225125,X86,2026-01-30
15184,2991,9,322230,A98,2026-02-26
15185,3493,1,225125,T90,2026-03-01
15186,3709,1,225125,A98,2026-05-10
15187,2375,6,223208,D83,2026-05-13
15188,4965,9,322230,A98,2026-03-22
15189,3394,1,225125,A93,2026-06-28
15190,2680,5,223505,W78,2026-05-25
15191,1418,7,223208,D83,2026-05-28
15192,2003,8,322230,A98,2026-03-19
15193,326,7,223208,D83,2026-01-06
15194,4082,2,225125,A98,2026-02-04
15195,4413,7,223208,D83,2026-05-23
15196,2239,2,225125,A98,2026-04-13
15197,4602,8,322230,A98,2026-04-03
15198,3215,4,223505,A98,2026-01-07
15199,1060,5,223505,K86,2026-01-22
15200,4868,7,223208,D83,2026-06-01
15201,1981,1,225125,A93,2026-06-12
15202,1811,9,322230,A98,2026-05-15
15203,2410,1,225125,A98,2026-01-23
15204,2759,9,322230,A98,2026-01-27
15205,835,6,223208,D83,2026-01-28
15206,3167,1,225125,A98,2026-05-20
15207,238,4,223505,A98,2026-01-04
15208,666,3,225125,K86,2026-05-28
15209,2678,6,223208,D83,2026-03-20
15210,2958,1,225125,W78,2026-03-30
15211,529,1,225125,A93,2026-03-22
15212,1418,5,223505,W78,2026-01-08
15213,4615,3,225125,T90,2026-03-27
15214,3683,3,225125,A98,2026-02-15
15215,663,1,225125,A98,2026-05-02
15216,1619,3,225125,A93,2026-04-06
15217,2745,8,322230,A98,2026-06-26
15218,3337,1,225125,W78,2026-05-19
15219,632,4,223505,A93,2026-01-04
15220,4446,5,223505,A98,2026-03-13
15221,642,2,225125,A98,2026-04-05
15222,1885,2,225125,K86,2026-05-07
15223,2798,7,223208,D83,2026-05-31
15224,1033,8,322230,A98,2026-06-15
15225,365,7,223208,D83,2026-05-15
15226,3456,7,223208,D83,2026-03-07
15227,302,1,225125,K86,2026-02-12
15228,4403,2,225125,A93,2026-06-17
15229,2165,5,223505,T90,2026-03-08
15230,4182,8,322230,A98,2026-04-10
15231,2160,2,225125,A98,2026-03-25
15232,1695,7,223208,D83,2026-06-03
15233,1493,7,223208,D83,2026-05-02
15234,3590,7,223208,D83,2026-03-06
15235,3008,2,225125,A98,2026-05-30
15236,4954,5,223505,K86,2026-05-10
15237,2265,2,225125,A98,2026-03-15
15238,264,5,223505,W78,2026-03-21
15239,2784,1,225125,A98,2026-03-27
15240,2107,9,322230,A98,2026-01-31
15241,2506,1,225125,A98,2026-01-07
15242,3821,6,223208,D83,2026-06-27
15243,1957,8,322230,A98,2026-02-09
15244,2373,5,223505,T90,2026-01-13
15245,757,2,225125,A98,2026-03-14
15246,3920,5,223505,T90,2026-06-18
15247,1682,9,322230,A98,2026-01-19
15248,3150,6,223208,D83,2026-05-23
15249,4944,3,225125,T90,2026-06-12
15250,2063,1,225125,X86,2026-06-25
15251,4164,7,223208,D83,2026-02-27
15252,277,2,225125,A98,2026-02-28
15253,4074,6,223208,D83,2026-01-24
15254,3872,1,225125,A98,2026-04-09
15255,3332,1,225125,W78,2026-05-10
15256,1581,3,225125,K86,2026-06-04
15257,4989,2,225125,K86,2026-04-02
15258,137,3,225125,W78,2026-05-19
15259,1174,1,225125,T90,2026-01-23
15260,1300,8,322230,A98,2026-03-10
15261,2161,8,322230,A98,2026-01-30
15262,1182,5,223505,A98,2026-01-09
15263,2622,2,225125,W78,2026-01-11
15264,1726,8,322230,A98,2026-05-06
15265,1701,9,322230,A98,2026-05-28
15266,4479,2,225125,K86,2026-01-08
15267,4403,7,223208,D83,2026-06-22
15268,788,4,223505,A98,2026-01-07
15269,4633,1,225125,A98,2026-03-01
15270,4859,4,223505,K86,2026-02-09
15271,579,1,225125,A93,2026-03-16
15272,3984,8,322230,A98,2026-03-05
15273,770,7,223208,D83,2026-04-18
15274,371,6,223208,D83,2026-03-05
15275,3866,6,223208,D83,2026-03-07
15276,1573,8,322230,A98,2026-05-09
15277,833,5,223505,A98,2026-04-17
15278,3411,1,225125,K86,2026-02-17
15279,842,7,223208,D83,2026-06-13
15280,2943,2,225125,A93,2026-02-04
15281,1242,8,322230,A98,2026-05-30
15282,2156,2,225125,A98,2026-04-13
15283,4413,2,225125,X86,2026-01-30
15284,3796,1,225125,A98,2026-02-05
15285,4193,2,225125,X86,2026-04-30
15286,4671,2,225125,W78,2026-06-09
15287,4523,1,225125,A98,2026-06-13
15288,3900,1,225125,W78,2026-01-27
15289,2718,2,225125,A98,2026-02-18
15290,3283,3,225125,K86,2026-01-07
15291,394,1,225125,W78,2026-03-22
15292,516,9,322230,A98,2026-02-12
15293,1275,2,225125,A98,2026-01-28
15294,3810,3,225125,A93,2026-05-01
15295,3416,1,225125,K86,2026-04-25
15296,4403,4,223505,A93,2026-01-28
15297,3769,2,225125,K86,2026-06-17
15298,3658,5,223505,K86,2026-02-11
15299,2973,7,223208,D83,2026-02-13
15300,3762,2,225125,X86,2026-06-23
15301,559,7,223208,D83,2026-05-26
15302,2000,3,225125,W78,2026-01-07
15303,270,4,223505,K86,2026-06-22
15304,4114,2,225125,W78,2026-02-28
15305,836,4,223505,X86,2026-01-27
15306,4827,1,225125,A98,2026-03-09
15307,607,8,322230,A98,2026-01-08
15308,288,8,322230,A98,2026-02-03
15309,3731,1,225125,A98,2026-01-09
15310,1889,3,225125,K86,2026-04-24
15311,1821,9,322230,A98,2026-04-25
15312,4751,1,225125,T90,2026-01-22
15313,1377,2,225125,A98,2026-02-25
15314,4046,1,225125,A98,2026-03-24
15315,1343,1,225125,A98,2026-06-25
15316,3996,3,225125,T90,2026-01-14
15317,309,1,225125,A93,2026-02-25
15318,4210,7,223208,D83,2026-04-03
15319,4970,9,322230,A98,2026-04-10
15320,2392,2,225125,K86,2026-05-22
15321,2807,4,223505,K86,2026-05-13
15322,1609,2,225125,A98,2026-04-02
15323,4939,1,225125,A93,2026-02-18
15324,3503,7,223208,D83,2026-01-10
15325,2483,4,223505,A98,2026-02-19
15326,4217,1,225125,A98,2026-06-16
15327,1117,3,225125,A98,2026-04-13
15328,3943,9,322230,A98,2026-02-13
15329,1786,4,223505,W78,2026-01-06
15330,1206,8,322230,A98,2026-06-09
15331,3043,5,223505,K86,2026-06-27
15332,3405,2,225125,K86,2026-05-06
15333,2214,3,225125,T90,2026-04-20
15334,3122,2,225125,X86,2026-05-26
15335,1636,5,223505,W78,2026-05-24
15336,2542,1,225125,A93,2026-02-09
15337,1213,4,223505,X86,2026-01-15
15338,4124,3,225125,A98,2026-02-06
15339,2560,3,225125,K86,2026-04-03
15340,3727,4,223505,A98,2026-05-28
15341,1100,2,225125,A93,2026-01-11
15342,405,1,225125,K86,2026-02-13
15343,782,6,223208,D83,2026-03-13
15344,4225,2,225125,A98,2026-06-03
15345,1914,4,223505,A93,2026-05-12
15346,4416,1,225125,X86,2026-02-20
15347,3134,2,225125,A93,2026-02-20
15348,2308,2,225125,X86,2026-04-13
15349,777,2,225125,A93,2026-06-04
15350,3017,3,225125,T90,2026-05-23
15351,2393,8,322230,A98,2026-03-30
15352,4517,6,223208,D83,2026-02-13
15353,3409,1,225125,K86,2026-05-21
15354,4561,2,225125,K86,2026-01-22
15355,3773,4,223505,X86,2026-05-23
15356,2740,9,322230,A98,2026-03-23
15357,2060,8,322230,A98,2026-01-04
15358,1736,4,223505,X86,2026-06-12
15359,283,5,223505,A98,2026-04-24
15360,2308,9,322230,A98,2026-02-04
15361,2958,9,322230,A98,2026-02-10
15362,4043,4,223505,A98,2026-06-06
15363,2168,3,225125,A93,2026-04-24
15364,1994,2,225125,K86,2026-04-20
15365,1625,1,225125,A98,2026-01-20
15366,3103,4,223505,K86,2026-06-08
15367,1617,2,225125,A98,2026-05-24
15368,2679,8,322230,A98,2026-05-09
15369,4406,7,223208,D83,2026-03-11
15370,951,1,225125,A98,2026-06-29
15371,3842,2,225125,K86,2026-06-06
15372,599,2,225125,A98,2026-03-09
15373,4069,1,225125,T90,2026-06-23
15374,4861,9,322230,A98,2026-06-17
15375,2139,1,225125,X86,2026-04-18
15376,3547,2,225125,X86,2026-05-19
15377,550,2,225125,X86,2026-02-19
15378,2986,3,225125,W78,2026-04-03
15379,4455,2,225125,A98,2026-03-10
15380,4145,1,225125,T90,2026-03-16
15381,3016,6,223208,D83,2026-05-06
15382,3728,7,223208,D83,2026-03-30
15383,2103,1,225125,W78,2026-01-23
15384,4634,8,322230,A98,2026-02-11
15385,2360,9,322230,A98,2026-02-04
15386,230,1,225125,W78,2026-04-16
15387,3682,2,225125,A98,2026-02-27
15388,255,5,223505,A93,2026-03-19
15389,1167,8,322230,A98,2026-01-23
15390,504,8,322230,A98,2026-01-05
15391,2322,1,225125,A98,2026-03-30
15392,1713,1,225125,W78,2026-01-18
15393,1387,8,322230,A98,2026-03-19
15394,4827,8,322230,A98,2026-06-10
15395,996,8,322230,A98,2026-05-04
15396,4801,4,223505,A93,2026-02-15
15397,2639,2,225125,A98,2026-04-29
15398,1796,2,225125,A93,2026-02-11
15399,68,4,223505,K86,2026-06-14
15400,4027,9,322230,A98,2026-01-29
15401,4877,5,223505,A98,2026-01-16
15402,3046,9,322230,A98,2026-05-31
15403,3886,1,225125,A98,2026-02-11
15404,1562,5,223505,X86,2026-04-23
15405,5,3,225125,X86,2026-06-11
15406,855,7,223208,D83,2026-02-19
15407,3474,2,225125,K86,2026-06-14
15408,1294,6,223208,D83,2026-02-06
15409,2845,8,322230,A98,2026-05-26
15410,2820,1,225125,X86,2026-05-09
15411,3618,1,225125,K86,2026-04-07
15412,25,1,225125,A98,2026-01-17
15413,315,6,223208,D83,2026-05-27
15414,701,8,322230,A98,2026-02-03
15415,4463,1,225125,K86,2026-04-12
15416,3942,6,223208,D83,2026-04-18
15417,101,7,223208,D83,2026-03-31
15418,3030,7,223208,D83,2026-05-06
15419,2920,4,223505,A98,2026-04-28
15420,3996,2,225125,A98,2026-01-07
15421,3691,8,322230,A98,2026-03-30
15422,2736,6,223208,D83,2026-01-11
15423,3255,5,223505,W78,2026-02-17
15424,3580,6,223208,D83,2026-06-02
15425,1858,2,225125,X86,2026-01-02
15426,1810,2,225125,W78,2026-04-30
15427,4768,1,225125,K86,2026-03-29
15428,347,1,225125,K86,2026-01-02
15429,1603,3,225125,K86,2026-06-28
15430,2461,1,225125,A98,2026-02-03
15431,660,4,223505,A98,2026-06-08
15432,3589,5,223505,A93,2026-04-06
15433,222,4,223505,A98,2026-03-31
15434,45,7,223208,D83,2026-01-22
15435,773,1,225125,A98,2026-01-17
15436,724,3,225125,A98,2026-02-22
15437,618,3,225125,A98,2026-04-23
15438,2999,1,225125,A98,2026-06-08
15439,2916,6,223208,D83,2026-03-12
15440,3189,6,223208,D83,2026-05-27
15441,4334,2,225125,A93,2026-03-28
15442,4403,2,225125,A98,2026-06-27
15443,3457,6,223208,D83,2026-01-03
15444,4796,2,225125,A98,2026-03-13
15445,2425,3,225125,T90,2026-02-22
15446,365,3,225125,K86,2026-06-05
15447,2547,9,322230,A98,2026-03-05
15448,1474,8,322230,A98,2026-05-10
15449,2520,7,223208,D83,2026-04-28
15450,3240,5,223505,X86,2026-01-22
15451,4992,9,322230,A98,2026-03-11
15452,2198,1,225125,T90,2026-05-28
15453,4057,6,223208,D83,2026-01-23
15454,1845,9,322230,A98,2026-04-20
15455,4239,1,225125,A98,2026-01-19
15456,545,5,223505,A98,2026-01-01
15457,3840,1,225125,X86,2026-02-08
15458,1452,1,225125,W78,2026-02-25
15459,2134,1,225125,A93,2026-02-16
15460,4171,7,223208,D83,2026-06-07
15461,3185,1,225125,K86,2026-01-25
15462,4610,8,322230,A98,2026-02-05
15463,1541,3,225125,X86,2026-04-04
15464,1640,9,322230,A98,2026-05-20
15465,4546,2,225125,K86,2026-06-26
15466,2665,1,225125,A98,2026-02-15
15467,113,7,223208,D83,2026-01-10
15468,3419,9,322230,A98,2026-02-22
15469,1179,4,223505,A98,2026-01-22
15470,1698,5,223505,A98,2026-01-20
15471,3642,2,225125,A98,2026-01-18
15472,3956,8,322230,A98,2026-05-08
15473,3425,3,225125,T90,2026-05-24
15474,1774,8,322230,A98,2026-06-01
15475,2041,3,225125,A98,2026-03-18
15476,166,8,322230,A98,2026-02-03
15477,643,4,223505,K86,2026-02-10
15478,4356,9,322230,A98,2026-05-10
15479,655,2,225125,A93,2026-06-26
15480,2072,6,223208,D83,2026-01-21
15481,1791,2,225125,K86,2026-03-14
15482,1491,5,223505,T90,2026-04-05
15483,1992,3,225125,A98,2026-06-14
15484,1214,1,225125,A98,2026-03-14
15485,4997,1,225125,K86,2026-03-14
15486,2595,2,225125,A98,2026-04-25
15487,2571,2,225125,K86,2026-03-28
15488,4654,6,223208,D83,2026-05-10
15489,2225,5,223505,A98,2026-01-05
15490,2270,7,223208,D83,2026-03-27
15491,657,2,225125,A98,2026-01-23
15492,4308,3,225125,A93,2026-01-18
15493,1594,3,225125,T90,2026-02-11
15494,361,2,225125,A98,2026-03-03
15495,1727,6,223208,D83,2026-06-02
15496,4292,6,223208,D83,2026-05-11
15497,3277,3,225125,K86,2026-02-25
15498,3881,1,225125,A98,2026-06-04
15499,307,5,223505,T90,2026-02-26
15500,427,7,223208,D83,2026-03-26
15501,468,6,223208,D83,2026-05-15
15502,2660,7,223208,D83,2026-02-10
15503,3688,8,322230,A98,2026-02-01
15504,549,2,225125,A98,2026-01-07
15505,1654,8,322230,A98,2026-04-29
15506,1286,1,225125,X86,2026-01-23
15507,3225,2,225125,A98,2026-05-02
15508,4976,6,223208,D83,2026-05-21
15509,4597,4,223505,T90,2026-05-17
15510,1889,3,225125,W78,2026-06-20
15511,61,1,225125,X86,2026-04-13
15512,4427,1,225125,A98,2026-06-27
15513,4390,2,225125,T90,2026-04-16
15514,1419,2,225125,K86,2026-05-11
15515,3391,5,223505,K86,2026-04-13
15516,4092,2,225125,A98,2026-02-05
15517,1790,3,225125,X86,2026-02-10
15518,1831,3,225125,A93,2026-02-10
15519,3221,4,223505,A98,2026-04-17
15520,2383,9,322230,A98,2026-06-22
15521,1320,6,223208,D83,2026-04-23
15522,3190,5,223505,X86,2026-01-13
15523,1812,9,322230,A98,2026-06-26
15524,2655,9,322230,A98,2026-06-06
15525,1620,8,322230,A98,2026-06-01
15526,1384,3,225125,A98,2026-03-20
15527,3513,2,225125,A98,2026-02-15
15528,4012,1,225125,T90,2026-03-12
15529,4535,2,225125,A93,2026-06-06
15530,787,8,322230,A98,2026-03-28
15531,4881,5,223505,W78,2026-01-31
15532,3736,3,225125,A98,2026-03-23
15533,1483,4,223505,A98,2026-05-04
15534,238,2,225125,K86,2026-01-29
15535,572,1,225125,T90,2026-04-06
15536,2805,6,223208,D83,2026-03-04
15537,2251,4,223505,A93,2026-05-17
15538,143,1,225125,W78,2026-01-23
15539,2955,7,223208,D83,2026-03-16
15540,1877,1,225125,K86,2026-04-22
15541,3676,1,225125,A98,2026-05-17
15542,2286,5,223505,A98,2026-02-08
15543,4190,6,223208,D83,2026-01-12
15544,1951,4,223505,W78,2026-06-23
15545,994,9,322230,A98,2026-04-03
15546,2812,9,322230,A98,2026-05-03
15547,729,3,225125,A98,2026-04-22
15548,2887,5,223505,A93,2026-04-24
15549,946,6,223208,D83,2026-06-09
15550,4106,8,322230,A98,2026-01-28
15551,3170,3,225125,T90,2026-04-22
15552,1860,6,223208,D83,2026-05-05
15553,1897,7,223208,D83,2026-04-09
15554,382,9,322230,A98,2026-03-04
15555,2620,6,223208,D83,2026-04-17
15556,3193,7,223208,D83,2026-01-04
15557,3462,2,225125,K86,2026-03-10
15558,4459,4,223505,X86,2026-01-01
15559,4157,1,225125,X86,2026-03-23
15560,416,4,223505,A98,2026-04-11
15561,2325,4,223505,X86,2026-01-26
15562,678,1,225125,A93,2026-01-22
15563,4983,1,225125,A98,2026-01-14
15564,3085,3,225125,K86,2026-05-14
15565,1505,2,225125,X86,2026-03-23
15566,3540,9,322230,A98,2026-05-03
15567,3452,5,223505,A98,2026-05-27
15568,3681,3,225125,A93,2026-03-14
15569,1707,2,225125,K86,2026-04-21
15570,3783,1,225125,T90,2026-02-20
15571,3056,8,322230,A98,2026-01-01
15572,480,9,322230,A98,2026-05-03
15573,3845,2,225125,A98,2026-02-13
15574,4255,4,223505,A93,2026-02-11
15575,1331,1,225125,K86,2026-05-09
15576,818,6,223208,D83,2026-04-01
15577,2305,7,223208,D83,2026-05-07
15578,4746,7,223208,D83,2026-01-29
15579,4515,8,322230,A98,2026-05-20
15580,3461,2,225125,A98,2026-03-03
15581,1438,9,322230,A98,2026-04-16
15582,573,9,322230,A98,2026-01-05
15583,3103,1,225125,T90,2026-03-30
15584,3859,4,223505,K86,2026-05-03
15585,4463,2,225125,T90,2026-01-08
15586,2384,2,225125,W78,2026-02-04
15587,4261,9,322230,A98,2026-03-23
15588,3036,2,225125,K86,2026-02-28
15589,1695,7,223208,D83,2026-03-18
15590,2715,6,223208,D83,2026-05-27
15591,803,1,225125,A98,2026-04-10
15592,3294,4,223505,A98,2026-02-25
15593,1138,6,223208,D83,2026-03-26
15594,3027,7,223208,D83,2026-01-11
15595,2903,7,223208,D83,2026-03-07
15596,4623,9,322230,A98,2026-05-02
15597,3902,1,225125,T90,2026-02-05
15598,3656,2,225125,A98,2026-04-08
15599,1035,8,322230,A98,2026-03-21
15600,3346,9,322230,A98,2026-03-23
15601,3151,1,225125,K86,2026-03-17
15602,268,4,223505,A98,2026-05-20
15603,2281,6,223208,D83,2026-03-28
15604,2349,9,322230,A98,2026-04-08
15605,1743,2,225125,K86,2026-01-17
15606,3121,1,225125,A98,2026-04-20
15607,536,2,225125,A98,2026-05-23
15608,4533,3,225125,A98,2026-05-20
15609,1438,2,225125,X86,2026-01-14
15610,4863,2,225125,K86,2026-02-06
15611,3265,3,225125,X86,2026-06-20
15612,3262,9,322230,A98,2026-05-06
15613,2550,9,322230,A98,2026-06-21
15614,1643,4,223505,K86,2026-02-15
15615,948,8,322230,A98,2026-03-28
15616,2728,8,322230,A98,2026-06-07
15617,391,4,223505,K86,2026-02-11
15618,571,7,223208,D83,2026-05-26
15619,2677,2,225125,A98,2026-05-14
15620,665,8,322230,A98,2026-01-26
15621,2812,9,322230,A98,2026-05-15
15622,132,9,322230,A98,2026-06-10
15623,1336,2,225125,A98,2026-05-09
15624,4722,5,223505,K86,2026-05-01
15625,4151,2,225125,A98,2026-05-03
15626,2830,7,223208,D83,2026-04-07
15627,2697,8,322230,A98,2026-04-24
15628,4404,7,223208,D83,2026-03-14
15629,4375,2,225125,A93,2026-05-12
15630,2242,3,225125,A93,2026-01-20
15631,4307,2,225125,A98,2026-02-14
15632,4750,3,225125,T90,2026-01-05
15633,4789,7,223208,D83,2026-06-21
15634,4285,5,223505,A98,2026-05-11
15635,1019,2,225125,T90,2026-05-14
15636,2910,2,225125,K86,2026-01-08
15637,3112,3,225125,K86,2026-01-24
15638,3522,3,225125,A98,2026-02-14
15639,2957,3,225125,K86,2026-05-02
15640,4940,1,225125,X86,2026-05-06
15641,2846,4,223505,A93,2026-04-19
15642,4979,8,322230,A98,2026-03-27
15643,4818,8,322230,A98,2026-03-19
15644,2203,3,225125,A93,2026-01-24
15645,2353,7,223208,D83,2026-04-03
15646,4369,2,225125,K86,2026-02-06
15647,42,8,322230,A98,2026-01-29
15648,1017,1,225125,A93,2026-01-02
15649,1306,3,225125,A93,2026-06-15
15650,588,6,223208,D83,2026-05-26
15651,2471,7,223208,D83,2026-06-24
15652,1221,6,223208,D83,2026-03-04
15653,737,7,223208,D83,2026-02-27
15654,1191,4,223505,X86,2026-06-28
15655,3013,8,322230,A98,2026-01-15
15656,3189,2,225125,T90,2026-05-20
15657,2231,1,225125,X86,2026-05-06
15658,3193,5,223505,A98,2026-05-20
15659,3676,2,225125,K86,2026-02-24
15660,3056,2,225125,K86,2026-02-10
15661,2572,1,225125,A98,2026-06-22
15662,2665,2,225125,A98,2026-01-27
15663,3595,1,225125,A98,2026-06-24
15664,4529,7,223208,D83,2026-06-26
15665,3030,6,223208,D83,2026-03-14
15666,4588,9,322230,A98,2026-02-25
15667,4910,5,223505,A98,2026-01-14
15668,1999,9,322230,A98,2026-06-07
15669,4839,1,225125,W78,2026-06-09
15670,424,8,322230,A98,2026-05-18
15671,2933,1,225125,T90,2026-03-31
15672,1530,2,225125,K86,2026-02-22
15673,4145,4,223505,A98,2026-01-31
15674,4324,3,225125,T90,2026-06-17
15675,128,6,223208,D83,2026-02-21
15676,3740,2,225125,A93,2026-06-13
15677,44,2,225125,A98,2026-02-28
15678,3988,5,223505,W78,2026-05-20
15679,606,4,223505,T90,2026-03-10
15680,1811,6,223208,D83,2026-04-26
15681,1333,6,223208,D83,2026-04-28
15682,2670,2,225125,A98,2026-04-10
15683,3570,6,223208,D83,2026-02-12
15684,682,2,225125,W78,2026-01-23
15685,1178,9,322230,A98,2026-01-03
15686,4336,2,225125,K86,2026-04-16
15687,1923,1,225125,T90,2026-06-17
15688,2807,7,223208,D83,2026-06-19
15689,3208,7,223208,D83,2026-05-22
15690,4572,1,225125,K86,2026-04-12
15691,4869,6,223208,D83,2026-04-08
15692,2894,7,223208,D83,2026-01-16
15693,2801,8,322230,A98,2026-05-10
15694,3055,8,322230,A98,2026-06-22
15695,3843,8,322230,A98,2026-05-05
15696,2991,3,225125,A98,2026-02-27
15697,4413,1,225125,A98,2026-01-30
15698,2001,6,223208,D83,2026-06-07
15699,1362,1,225125,W78,2026-03-24
15700,448,4,223505,A98,2026-01-13
15701,2864,1,225125,A98,2026-02-25
15702,2339,7,223208,D83,2026-05-14
15703,2672,1,225125,T90,2026-04-06
15704,4171,9,322230,A98,2026-04-15
15705,3938,3,225125,K86,2026-06-14
15706,1000,2,225125,K86,2026-06-28
15707,3715,6,223208,D83,2026-05-18
15708,3239,9,322230,A98,2026-05-19
15709,3884,9,322230,A98,2026-01-27
15710,814,6,223208,D83,2026-06-03
15711,2071,3,225125,X86,2026-01-29
15712,2679,8,322230,A98,2026-01-09
15713,3332,6,223208,D83,2026-03-15
15714,4282,5,223505,K86,2026-02-22
15715,3125,1,225125,K86,2026-04-18
15716,434,9,322230,A98,2026-05-01
15717,803,1,225125,T90,2026-05-24
15718,4394,7,223208,D83,2026-01-08
15719,3884,7,223208,D83,2026-02-27
15720,414,8,322230,A98,2026-05-29
15721,2486,2,225125,K86,2026-02-19
15722,2269,2,225125,A93,2026-06-29
15723,4689,1,225125,X86,2026-02-01
15724,3075,1,225125,K86,2026-05-23
15725,2289,1,225125,A93,2026-04-30
15726,1308,2,225125,A98,2026-04-11
15727,910,9,322230,A98,2026-01-26
15728,1702,1,225125,A98,2026-06-26
15729,2883,8,322230,A98,2026-02-12
15730,3552,1,225125,K86,2026-02-16
15731,4754,5,223505,W78,2026-05-19
15732,2111,6,223208,D83,2026-04-21
15733,1688,5,223505,K86,2026-02-06
15734,3050,2,225125,A98,2026-01-25
15735,2396,2,225125,W78,2026-03-27
15736,3204,7,223208,D83,2026-05-17
15737,2983,5,223505,T90,2026-06-11
15738,1797,6,223208,D83,2026-01-20
15739,3760,4,223505,A98,2026-03-28
15740,3989,5,223505,A98,2026-01-28
15741,1799,9,322230,A98,2026-03-13
15742,2563,2,225125,X86,2026-05-21
15743,965,2,225125,W78,2026-04-12
15744,3981,9,322230,A98,2026-05-20
15745,4557,5,223505,X86,2026-06-06
15746,3070,1,225125,A98,2026-04-08
15747,202,2,225125,W78,2026-02-27
15748,2889,2,225125,A98,2026-02-28
15749,3674,5,223505,K86,2026-05-06
15750,963,1,225125,X86,2026-01-16
15751,1361,1,225125,K86,2026-02-22
15752,3687,7,223208,D83,2026-01-25
15753,3219,2,225125,A98,2026-03-12
15754,689,2,225125,K86,2026-05-08
15755,4767,3,225125,W78,2026-01-10
15756,2471,2,225125,W78,2026-01-30
15757,3242,2,225125,A98,2026-04-17
15758,4556,1,225125,T90,2026-04-06
15759,736,3,225125,A98,2026-04-14
15760,3290,6,223208,D83,2026-06-03
15761,4740,7,223208,D83,2026-06-19
15762,4343,9,322230,A98,2026-04-11
15763,2257,9,322230,A98,2026-01-21
15764,1930,3,225125,K86,2026-04-11
15765,4771,3,225125,A98,2026-03-26
15766,1973,8,322230,A98,2026-04-15
15767,776,1,225125,T90,2026-02-09
15768,4648,1,225125,K86,2026-01-29
15769,3863,4,223505,K86,2026-05-18
15770,3697,1,225125,A98,2026-04-12
15771,2194,1,225125,A98,2026-02-19
15772,1929,2,225125,W78,2026-03-08
15773,4065,1,225125,K86,2026-05-11
15774,833,1,225125,W78,2026-05-04
15775,1655,3,225125,K86,2026-03-18
15776,4120,1,225125,K86,2026-04-09
15777,2297,6,223208,D83,2026-06-09
15778,412,1,225125,K86,2026-06-23
15779,3425,1,225125,A98,2026-06-03
15780,1967,7,223208,D83,2026-05-28
15781,2106,7,223208,D83,2026-05-19
15782,3232,2,225125,T90,2026-01-27
15783,926,5,223505,X86,2026-03-29
15784,4095,3,225125,K86,2026-01-31
15785,1465,1,225125,A98,2026-01-01
15786,1365,6,223208,D83,2026-05-12
15787,1152,2,225125,T90,2026-02-01
15788,4573,2,225125,K86,2026-01-04
15789,3776,8,322230,A98,2026-04-10
15790,22,2,225125,A98,2026-03-27
15791,563,7,223208,D83,2026-03-22
15792,1969,1,225125,A98,2026-03-21
15793,3557,2,225125,X86,2026-04-23
15794,4804,6,223208,D83,2026-04-26
15795,325,1,225125,A98,2026-03-04
15796,4741,6,223208,D83,2026-01-24
15797,3684,4,223505,K86,2026-04-29
15798,763,8,322230,A98,2026-01-31
15799,2619,8,322230,A98,2026-06-05
15800,4630,3,225125,A98,2026-05-31
15801,3465,4,223505,K86,2026-02-20
15802,1324,7,223208,D83,2026-04-08
15803,1803,3,225125,K86,2026-02-22
15804,4972,4,223505,A98,2026-02-17
15805,3044,4,223505,A98,2026-02-01
15806,4572,7,223208,D83,2026-02-12
15807,1691,2,225125,X86,2026-01-22
15808,2172,7,223208,D83,2026-02-25
15809,646,2,225125,A98,2026-06-21
15810,271,7,223208,D83,2026-02-09
15811,4364,5,223505,K86,2026-01-09
15812,63,1,225125,X86,2026-06-07
15813,1363,3,225125,A98,2026-01-25
15814,4704,3,225125,A93,2026-04-01
15815,2627,1,225125,X86,2026-03-14
15816,4188,3,225125,X86,2026-01-12
15817,1191,2,225125,A93,2026-02-04
15818,4320,2,225125,X86,2026-05-18
15819,2827,7,223208,D83,2026-02-21
15820,599,1,225125,A98,2026-04-01
15821,685,8,322230,A98,2026-04-08
15822,395,1,225125,W78,2026-03-27
15823,4347,1,225125,T90,2026-05-28
15824,3066,3,225125,A98,2026-03-15
15825,3758,6,223208,D83,2026-06-18
15826,3422,1,225125,X86,2026-06-19
15827,104,1,225125,K86,2026-02-28
15828,4866,8,322230,A98,2026-03-22
15829,610,1,225125,X86,2026-01-24
15830,3985,5,223505,A98,2026-04-05
15831,1794,4,223505,A98,2026-04-27
15832,4143,4,223505,T90,2026-01-16
15833,4251,5,223505,K86,2026-05-07
15834,1773,2,225125,A98,2026-04-29
15835,141,8,322230,A98,2026-03-11
15836,3548,2,225125,W78,2026-04-26
15837,850,8,322230,A98,2026-06-20
15838,875,8,322230,A98,2026-06-01
15839,1704,1,225125,X86,2026-04-28
15840,1310,9,322230,A98,2026-04-21
15841,627,2,225125,A98,2026-03-11
15842,2465,2,225125,K86,2026-01-26
15843,1841,1,225125,K86,2026-06-04
15844,2034,9,322230,A98,2026-03-22
15845,3390,9,322230,A98,2026-04-13
15846,3045,4,223505,X86,2026-06-18
15847,638,6,223208,D83,2026-06-10
15848,2631,2,225125,X86,2026-04-23
15849,3944,2,225125,X86,2026-03-09
15850,3944,1,225125,W78,2026-03-18
15851,4760,6,223208,D83,2026-05-12
15852,3746,4,223505,T90,2026-05-13
15853,4126,2,225125,T90,2026-02-05
15854,4407,2,225125,A93,2026-03-07
15855,1779,3,225125,A93,2026-03-15
15856,4019,4,223505,A98,2026-04-02
15857,1464,5,223505,W78,2026-04-23
15858,2132,7,223208,D83,2026-02-03
15859,2653,9,322230,A98,2026-04-13
15860,4249,1,225125,K86,2026-04-09
15861,425,7,223208,D83,2026-04-23
15862,4714,8,322230,A98,2026-03-05
15863,2159,2,225125,A93,2026-01-20
15864,3765,4,223505,K86,2026-02-16
15865,2243,5,223505,A98,2026-04-27
15866,1538,9,322230,A98,2026-05-02
15867,3540,9,322230,A98,2026-05-27
15868,882,3,225125,A98,2026-02-11
15869,2592,4,223505,W78,2026-04-30
15870,3485,4,223505,K86,2026-06-14
15871,2289,1,225125,K86,2026-03-29
15872,3014,2,225125,K86,2026-02-09
15873,3833,5,223505,K86,2026-03-28
15874,4207,5,223505,A98,2026-04-20
15875,3329,2,225125,A98,2026-01-04
15876,1834,4,223505,W78,2026-05-04
15877,45,4,223505,A93,2026-03-31
15878,218,5,223505,A98,2026-05-12
15879,177,2,225125,A98,2026-03-06
15880,3982,7,223208,D83,2026-04-07
15881,1031,6,223208,D83,2026-01-17
15882,4138,1,225125,T90,2026-06-03
15883,2307,1,225125,A98,2026-02-19
15884,4002,7,223208,D83,2026-01-26
15885,134,5,223505,A98,2026-01-09
15886,493,7,223208,D83,2026-01-19
15887,3390,6,223208,D83,2026-01-14
15888,3190,4,223505,A93,2026-01-30
15889,2478,1,225125,X86,2026-06-08
15890,3620,8,322230,A98,2026-03-15
15891,4956,4,223505,A93,2026-06-23
15892,632,7,223208,D83,2026-05-18
15893,1683,7,223208,D83,2026-04-23
15894,4375,5,223505,X86,2026-03-18
15895,4046,1,225125,A98,2026-04-22
15896,1439,9,322230,A98,2026-02-04
15897,3461,9,322230,A98,2026-05-17
15898,1679,1,225125,A98,2026-03-16
15899,309,3,225125,A98,2026-05-24
15900,4044,4,223505,K86,2026-02-06
15901,1805,1,225125,X86,2026-03-24
15902,66,8,322230,A98,2026-04-18
15903,581,3,225125,A93,2026-04-08
15904,2548,1,225125,X86,2026-01-27
15905,501,3,225125,A93,2026-04-26
15906,1477,6,223208,D83,2026-04-20
15907,920,8,322230,A98,2026-01-05
15908,4436,3,225125,W78,2026-02-20
15909,4302,2,225125,K86,2026-02-19
15910,593,7,223208,D83,2026-05-13
15911,122,2,225125,A98,2026-02-02
15912,1708,1,225125,K86,2026-05-10
15913,2964,7,223208,D83,2026-05-27
15914,4970,2,225125,A98,2026-02-19
15915,3792,1,225125,K86,2026-03-07
15916,1022,4,223505,K86,2026-01-27
15917,499,6,223208,D83,2026-02-06
15918,2019,6,223208,D83,2026-02-10
15919,3163,7,223208,D83,2026-03-19
15920,544,5,223505,A98,2026-05-03
15921,59,9,322230,A98,2026-02-01
15922,1961,4,223505,A93,2026-01-19
15923,4836,2,225125,A93,2026-03-02
15924,4034,7,223208,D83,2026-06-06
15925,2925,6,223208,D83,2026-06-16
15926,3074,9,322230,A98,2026-04-24
15927,1117,6,223208,D83,2026-04-17
15928,4588,5,223505,W78,2026-04-17
15929,2091,7,223208,D83,2026-05-09
15930,3001,7,223208,D83,2026-06-17
15931,537,2,225125,A98,2026-05-19
15932,748,8,322230,A98,2026-02-21
15933,2153,1,225125,A98,2026-06-28
15934,3687,2,225125,T90,2026-05-15
15935,664,5,223505,K86,2026-03-02
15936,1931,6,223208,D83,2026-03-30
15937,2318,7,223208,D83,2026-03-01
15938,4754,9,322230,A98,2026-06-23
15939,1319,8,322230,A98,2026-06-01
15940,1668,2,225125,X86,2026-04-10
15941,4393,2,225125,A98,2026-01-05
15942,1737,5,223505,W78,2026-03-05
15943,419,4,223505,K86,2026-03-07
15944,4831,1,225125,A98,2026-03-15
15945,2324,3,225125,T90,2026-02-23
15946,865,8,322230,A98,2026-05-16
15947,3487,8,322230,A98,2026-01-13
15948,1409,5,223505,W78,2026-03-05
15949,3211,6,223208,D83,2026-05-07
15950,1931,4,223505,A93,2026-01-06
15951,2093,3,225125,A93,2026-06-10
15952,1586,9,322230,A98,2026-04-02
15953,1497,1,225125,A98,2026-05-21
15954,2830,2,225125,K86,2026-01-06
15955,320,2,225125,K86,2026-06-12
15956,3712,1,225125,T90,2026-05-12
15957,1010,3,225125,K86,2026-04-30
15958,4159,3,225125,W78,2026-06-25
15959,4962,1,225125,W78,2026-03-07
15960,877,1,225125,W78,2026-04-17
15961,1062,4,223505,X86,2026-05-28
15962,2424,1,225125,K86,2026-06-18
15963,407,2,225125,A98,2026-01-21
15964,2675,1,225125,T90,2026-03-08
15965,3933,1,225125,T90,2026-02-07
15966,1558,1,225125,A98,2026-04-15
15967,3978,2,225125,X86,2026-02-14
15968,1537,1,225125,K86,2026-04-11
15969,4368,6,223208,D83,2026-04-26
15970,289,9,322230,A98,2026-02-13
15971,4547,7,223208,D83,2026-03-20
15972,4420,1,225125,A98,2026-05-25
15973,3105,7,223208,D83,2026-03-02
15974,1063,6,223208,D83,2026-05-10
15975,1476,5,223505,X86,2026-04-23
15976,4419,9,322230,A98,2026-05-24
15977,2958,6,223208,D83,2026-06-15
15978,3199,2,225125,W78,2026-01-30
15979,1561,1,225125,X86,2026-06-07
15980,3293,2,225125,W78,2026-02-04
15981,3716,3,225125,K86,2026-06-17
15982,584,8,322230,A98,2026-03-04
15983,2270,2,225125,W78,2026-05-13
15984,701,8,322230,A98,2026-06-05
15985,738,3,225125,A98,2026-01-11
15986,1883,1,225125,A98,2026-03-15
15987,2409,9,322230,A98,2026-05-31
15988,1805,8,322230,A98,2026-06-08
15989,2164,1,225125,A98,2026-06-06
15990,4379,3,225125,X86,2026-05-05
15991,2197,2,225125,K86,2026-02-08
15992,3495,6,223208,D83,2026-06-03
15993,3239,9,322230,A98,2026-06-04
15994,2751,5,223505,X86,2026-03-05
15995,2976,5,223505,W78,2026-06-24
15996,3203,8,322230,A98,2026-03-16
15997,4960,5,223505,A98,2026-04-19
15998,1804,1,225125,K86,2026-03-04
15999,2219,6,223208,D83,2026-02-23
16000,4914,2,225125,A98,2026-01-19
16001,3174,1,225125,T90,2026-05-17
16002,1225,7,223208,D83,2026-05-22
16003,375,3,225125,X86,2026-02-14
16004,2766,5,223505,T90,2026-03-12
16005,4776,5,223505,W78,2026-03-11
16006,2499,2,225125,A98,2026-04-26
16007,3184,9,322230,A98,2026-06-24
16008,956,8,322230,A98,2026-01-02
16009,2338,3,225125,X86,2026-06-03
16010,3496,3,225125,A98,2026-03-17
16011,4917,9,322230,A98,2026-06-17
16012,2225,3,225125,K86,2026-04-18
16013,4171,6,223208,D83,2026-02-26
16014,4851,1,225125,K86,2026-04-06
16015,3883,5,223505,X86,2026-05-20
16016,2069,6,223208,D83,2026-04-29
16017,2102,1,225125,A93,2026-01-24
16018,1319,9,322230,A98,2026-05-22
16019,4054,6,223208,D83,2026-06-06
16020,1481,7,223208,D83,2026-06-26
16021,3504,9,322230,A98,2026-02-12
16022,1118,2,225125,A98,2026-02-23
16023,1672,7,223208,D83,2026-05-13
16024,610,3,225125,W78,2026-01-16
16025,4275,9,322230,A98,2026-02-11
16026,3418,2,225125,X86,2026-02-17
16027,3513,3,225125,A98,2026-02-10
16028,4282,2,225125,K86,2026-04-30
16029,2682,6,223208,D83,2026-01-29
16030,4175,3,225125,A98,2026-06-09
16031,2584,3,225125,A98,2026-05-05
16032,2730,5,223505,K86,2026-04-07
16033,3151,7,223208,D83,2026-05-02
16034,974,2,225125,A98,2026-06-26
16035,1473,1,225125,A98,2026-04-02
16036,190,9,322230,A98,2026-04-09
16037,4892,4,223505,A98,2026-03-29
16038,4956,2,225125,T90,2026-01-19
16039,3686,7,223208,D83,2026-03-13
16040,1308,2,225125,A93,2026-01-22
16041,2747,7,223208,D83,2026-04-18
16042,946,2,225125,K86,2026-05-23
16043,504,1,225125,A98,2026-05-23
16044,3414,6,223208,D83,2026-06-26
16045,3232,7,223208,D83,2026-05-20
16046,4906,9,322230,A98,2026-03-17
16047,3973,8,322230,A98,2026-05-11
16048,3048,2,225125,K86,2026-02-12
16049,983,9,322230,A98,2026-03-28
16050,892,1,225125,T90,2026-01-03
16051,3229,1,225125,W78,2026-01-06
16052,3207,5,223505,T90,2026-05-29
16053,1491,1,225125,A98,2026-02-22
16054,1460,3,225125,K86,2026-05-30
16055,2305,1,225125,K86,2026-03-21
16056,2740,7,223208,D83,2026-02-04
16057,4998,3,225125,A93,2026-02-01
16058,4757,4,223505,K86,2026-03-05
16059,1962,4,223505,X86,2026-05-14
16060,931,9,322230,A98,2026-04-28
16061,2249,8,322230,A98,2026-06-14
16062,1236,8,322230,A98,2026-01-27
16063,4821,8,322230,A98,2026-04-09
16064,2848,9,322230,A98,2026-02-26
16065,4174,3,225125,A98,2026-03-27
16066,1664,7,223208,D83,2026-05-01
16067,3840,9,322230,A98,2026-04-16
16068,2876,1,225125,X86,2026-02-19
16069,3179,8,322230,A98,2026-06-04
16070,70,3,225125,K86,2026-02-09
16071,3356,1,225125,A98,2026-05-10
16072,2895,6,223208,D83,2026-04-01
16073,1948,1,225125,A98,2026-02-15
16074,1811,3,225125,A98,2026-01-18
16075,807,2,225125,A98,2026-03-08
16076,4593,9,322230,A98,2026-05-01
16077,240,9,322230,A98,2026-01-24
16078,3443,2,225125,K86,2026-06-02
16079,1369,7,223208,D83,2026-05-16
16080,249,8,322230,A98,2026-04-18
16081,2197,8,322230,A98,2026-05-23
16082,2040,3,225125,W78,2026-02-11
16083,4073,4,223505,A98,2026-02-18
16084,3973,6,223208,D83,2026-05-13
16085,2009,4,223505,X86,2026-03-02
16086,4565,1,225125,T90,2026-05-08
16087,746,5,223505,A98,2026-02-09
16088,4461,2,225125,A98,2026-03-16
16089,1488,3,225125,X86,2026-01-11
16090,3910,8,322230,A98,2026-02-12
16091,2214,5,223505,K86,2026-02-09
16092,2673,5,223505,K86,2026-03-28
16093,12,1,225125,X86,2026-05-08
16094,3384,1,225125,A93,2026-06-17
16095,4620,1,225125,A98,2026-02-14
16096,413,5,223505,A98,2026-05-16
16097,2628,2,225125,T90,2026-03-13
16098,1551,1,225125,A98,2026-02-02
16099,4035,7,223208,D83,2026-06-12
16100,2430,3,225125,W78,2026-06-27
16101,4441,5,223505,K86,2026-01-23
16102,1574,1,225125,A98,2026-04-28
16103,3595,5,223505,A98,2026-03-02
16104,516,4,223505,A98,2026-05-16
16105,714,9,322230,A98,2026-05-31
16106,1218,2,225125,K86,2026-06-22
16107,3387,1,225125,K86,2026-04-06
16108,702,6,223208,D83,2026-03-03
16109,4542,2,225125,A98,2026-06-04
16110,2427,1,225125,A98,2026-03-07
16111,18,8,322230,A98,2026-03-26
16112,4701,1,225125,A93,2026-02-26
16113,2668,7,223208,D83,2026-05-21
16114,4423,6,223208,D83,2026-01-23
16115,1217,9,322230,A98,2026-01-14
16116,159,9,322230,A98,2026-05-05
16117,477,1,225125,W78,2026-03-04
16118,4088,8,322230,A98,2026-05-02
16119,4963,1,225125,W78,2026-03-22
16120,2434,8,322230,A98,2026-01-13
16121,3190,1,225125,K86,2026-02-10
16122,410,5,223505,A98,2026-05-02
16123,217,8,322230,A98,2026-02-20
16124,1366,1,225125,X86,2026-03-20
16125,4289,1,225125,A98,2026-06-02
16126,256,8,322230,A98,2026-06-09
16127,3456,3,225125,W78,2026-01-19
16128,710,1,225125,T90,2026-02-11
16129,110,8,322230,A98,2026-03-10
16130,2346,3,225125,X86,2026-04-01
16131,953,9,322230,A98,2026-03-13
16132,1362,1,225125,A98,2026-06-12
16133,4417,6,223208,D83,2026-02-08
16134,1596,5,223505,A93,2026-03-03
16135,2306,8,322230,A98,2026-01-10
16136,1805,2,225125,K86,2026-01-18
16137,1151,8,322230,A98,2026-03-09
16138,639,3,225125,A98,2026-04-20
16139,3557,5,223505,T90,2026-05-14
16140,4593,5,223505,X86,2026-05-12
16141,1038,4,223505,K86,2026-06-25
16142,3239,1,225125,W78,2026-06-21
16143,581,4,223505,T90,2026-01-14
16144,1099,5,223505,K86,2026-06-18
16145,8,2,225125,W78,2026-04-29
16146,3383,1,225125,T90,2026-06-13
16147,3262,4,223505,A98,2026-04-24
16148,31,4,223505,A98,2026-01-29
16149,4806,6,223208,D83,2026-03-01
16150,2981,2,225125,X86,2026-03-02
16151,593,8,322230,A98,2026-05-11
16152,3207,2,225125,X86,2026-05-04
16153,2058,7,223208,D83,2026-02-27
16154,4841,4,223505,W78,2026-05-30
16155,4140,2,225125,K86,2026-02-26
16156,4283,3,225125,K86,2026-06-21
16157,692,6,223208,D83,2026-04-18
16158,1366,9,322230,A98,2026-06-29
16159,1830,8,322230,A98,2026-01-26
16160,4307,7,223208,D83,2026-02-09
16161,3241,5,223505,K86,2026-04-21
16162,4533,7,223208,D83,2026-02-12
16163,2219,2,225125,A98,2026-03-12
16164,1631,3,225125,K86,2026-01-20
16165,2132,9,322230,A98,2026-05-30
16166,4599,7,223208,D83,2026-02-10
16167,646,2,225125,A98,2026-05-28
16168,3517,1,225125,A93,2026-04-14
16169,1662,5,223505,A98,2026-06-07
16170,47,8,322230,A98,2026-06-26
16171,4154,4,223505,K86,2026-03-14
16172,3792,5,223505,A98,2026-05-10
16173,4476,5,223505,W78,2026-02-09
16174,4140,8,322230,A98,2026-03-29
16175,4136,7,223208,D83,2026-02-03
16176,2806,5,223505,A93,2026-02-01
16177,1858,5,223505,X86,2026-03-18
16178,1818,3,225125,A93,2026-06-19
16179,4163,1,225125,A93,2026-01-13
16180,472,9,322230,A98,2026-02-14
16181,2495,8,322230,A98,2026-05-10
16182,764,1,225125,T90,2026-02-25
16183,3794,4,223505,K86,2026-06-09
16184,1866,2,225125,A98,2026-06-11
16185,3289,9,322230,A98,2026-06-18
16186,3407,9,322230,A98,2026-01-14
16187,3661,4,223505,A98,2026-03-12
16188,2908,4,223505,K86,2026-03-23
16189,2619,3,225125,A98,2026-05-14
16190,3718,1,225125,T90,2026-04-23
16191,4137,1,225125,K86,2026-04-24
16192,3045,1,225125,A93,2026-01-06
16193,3097,9,322230,A98,2026-04-10
16194,3493,4,223505,A98,2026-02-22
16195,2476,3,225125,A93,2026-05-06
16196,4999,4,223505,K86,2026-02-01
16197,2493,6,223208,D83,2026-05-04
16198,451,5,223505,K86,2026-03-01
16199,1839,4,223505,A93,2026-03-27
16200,3735,2,225125,A93,2026-04-26
16201,2130,4,223505,K86,2026-01-31
16202,1869,2,225125,T90,2026-04-17
16203,1063,1,225125,A98,2026-03-02
16204,3926,6,223208,D83,2026-02-14
16205,1615,1,225125,K86,2026-04-26
16206,3538,2,225125,W78,2026-04-07
16207,2356,8,322230,A98,2026-01-14
16208,1127,3,225125,X86,2026-02-23
16209,2760,8,322230,A98,2026-02-22
16210,1196,4,223505,A98,2026-05-09
16211,2279,4,223505,X86,2026-06-04
16212,226,4,223505,T90,2026-05-13
16213,2442,9,322230,A98,2026-04-05
16214,4027,2,225125,A98,2026-03-05
16215,2588,2,225125,T90,2026-03-18
16216,3179,1,225125,A93,2026-05-29
16217,408,2,225125,A98,2026-02-23
16218,4155,5,223505,K86,2026-01-26
16219,3682,6,223208,D83,2026-01-07
16220,1234,1,225125,W78,2026-05-09
16221,3442,2,225125,A93,2026-04-15
16222,3647,1,225125,A98,2026-04-23
16223,932,7,223208,D83,2026-03-15
16224,1553,1,225125,W78,2026-02-17
16225,768,6,223208,D83,2026-01-17
16226,4534,1,225125,X86,2026-05-09
16227,4528,9,322230,A98,2026-04-10
16228,3816,1,225125,A98,2026-05-23
16229,1119,9,322230,A98,2026-03-18
16230,2504,8,322230,A98,2026-01-26
16231,1095,1,225125,T90,2026-03-31
16232,1517,2,225125,X86,2026-02-01
16233,2062,3,225125,T90,2026-03-26
16234,4210,8,322230,A98,2026-05-07
16235,2173,2,225125,K86,2026-02-09
16236,2630,2,225125,A98,2026-04-22
16237,4471,7,223208,D83,2026-02-22
16238,632,3,225125,W78,2026-06-01
16239,1998,7,223208,D83,2026-02-22
16240,4865,1,225125,A98,2026-06-18
16241,3084,5,223505,A98,2026-03-31
16242,2996,8,322230,A98,2026-03-28
16243,2461,8,322230,A98,2026-04-21
16244,3266,2,225125,K86,2026-01-07
16245,2251,2,225125,T90,2026-06-02
16246,4207,2,225125,T90,2026-03-08
16247,1379,1,225125,A98,2026-02-14
16248,885,4,223505,A98,2026-02-06
16249,4318,2,225125,A98,2026-02-01
16250,2185,8,322230,A98,2026-05-17
16251,2095,2,225125,T90,2026-04-16
16252,706,7,223208,D83,2026-06-23
16253,98,1,225125,K86,2026-01-14
16254,816,5,223505,K86,2026-03-12
16255,2228,1,225125,K86,2026-01-09
16256,1437,3,225125,A93,2026-02-10
16257,3122,7,223208,D83,2026-01-11
16258,2249,5,223505,A98,2026-02-08
16259,1860,7,223208,D83,2026-06-15
16260,2018,1,225125,K86,2026-06-05
16261,1531,4,223505,K86,2026-01-08
16262,2482,1,225125,K86,2026-05-31
16263,2964,2,225125,T90,2026-03-12
16264,873,8,322230,A98,2026-04-09
16265,1225,8,322230,A98,2026-04-21
16266,1325,4,223505,X86,2026-02-27
16267,4353,2,225125,W78,2026-06-24
16268,738,1,225125,A98,2026-06-22
16269,3908,9,322230,A98,2026-06-14
16270,3511,9,322230,A98,2026-03-02
16271,798,9,322230,A98,2026-05-30
16272,3095,2,225125,A98,2026-01-11
16273,2514,8,322230,A98,2026-03-05
16274,4585,4,223505,A93,2026-05-12
16275,4520,3,225125,K86,2026-02-24
16276,4402,3,225125,X86,2026-05-17
16277,4079,4,223505,A98,2026-03-15
16278,1430,7,223208,D83,2026-05-22
16279,2477,7,223208,D83,2026-06-26
16280,2158,3,225125,A93,2026-05-16
16281,4735,7,223208,D83,2026-05-07
16282,3265,1,225125,W78,2026-01-21
16283,3911,3,225125,K86,2026-01-25
16284,4180,9,322230,A98,2026-06-18
16285,1085,4,223505,K86,2026-02-22
16286,1636,9,322230,A98,2026-05-05
16287,2067,1,225125,X86,2026-02-22
16288,785,1,225125,A98,2026-01-13
16289,1682,2,225125,A93,2026-06-27
16290,4785,1,225125,W78,2026-01-10
16291,1621,8,322230,A98,2026-05-03
16292,786,8,322230,A98,2026-02-04
16293,1669,5,223505,A98,2026-06-15
16294,353,3,225125,K86,2026-02-06
16295,1078,1,225125,T90,2026-02-06
16296,1217,3,225125,W78,2026-04-20
16297,873,2,225125,K86,2026-01-01
16298,1778,4,223505,A98,2026-06-18
16299,658,2,225125,X86,2026-05-20
16300,4921,8,322230,A98,2026-03-28
16301,1134,9,322230,A98,2026-01-19
16302,2654,2,225125,A93,2026-04-24
16303,720,7,223208,D83,2026-02-10
16304,2221,9,322230,A98,2026-04-24
16305,4178,4,223505,K86,2026-06-26
16306,4767,6,223208,D83,2026-02-10
16307,1780,4,223505,K86,2026-01-25
16308,983,2,225125,A98,2026-02-24
16309,780,7,223208,D83,2026-05-05
16310,4887,3,225125,A93,2026-04-05
16311,1346,4,223505,A98,2026-02-05
16312,799,2,225125,W78,2026-04-06
16313,1420,6,223208,D83,2026-01-17
16314,511,1,225125,A98,2026-01-01
16315,3647,6,223208,D83,2026-04-23
16316,4552,1,225125,A98,2026-04-23
16317,2584,9,322230,A98,2026-04-14
16318,2642,6,223208,D83,2026-03-12
16319,4575,2,225125,T90,2026-04-18
16320,1029,8,322230,A98,2026-05-23
16321,4990,6,223208,D83,2026-06-28
16322,274,4,223505,A98,2026-04-09
16323,1114,2,225125,A98,2026-04-16
16324,3756,2,225125,A98,2026-01-31
16325,4931,1,225125,K86,2026-04-08
16326,3873,7,223208,D83,2026-06-09
16327,2856,6,223208,D83,2026-06-21
16328,3242,4,223505,W78,2026-05-17
16329,1936,6,223208,D83,2026-06-16
16330,597,5,223505,W78,2026-04-05
16331,4417,7,223208,D83,2026-05-30
16332,4302,6,223208,D83,2026-03-18
16333,4706,1,225125,A98,2026-04-07
16334,375,2,225125,A98,2026-01-08
16335,3756,4,223505,T90,2026-06-29
16336,815,4,223505,T90,2026-04-03
16337,1681,4,223505,K86,2026-03-04
16338,4384,1,225125,A93,2026-03-31
16339,1670,1,225125,A98,2026-06-04
16340,1637,2,225125,T90,2026-03-29
16341,4275,2,225125,X86,2026-04-03
16342,2807,6,223208,D83,2026-06-12
16343,437,9,322230,A98,2026-06-20
16344,3486,1,225125,X86,2026-04-25
16345,1029,2,225125,A98,2026-01-07
16346,4189,1,225125,K86,2026-06-12
16347,3303,1,225125,W78,2026-02-07
16348,4216,7,223208,D83,2026-05-16
16349,3199,8,322230,A98,2026-01-01
16350,41,1,225125,A98,2026-03-06
16351,385,7,223208,D83,2026-06-07
16352,138,4,223505,A98,2026-03-24
16353,405,6,223208,D83,2026-06-15
16354,473,2,225125,A93,2026-02-21
16355,3257,1,225125,W78,2026-06-24
16356,2318,9,322230,A98,2026-01-08
16357,1924,6,223208,D83,2026-05-01
16358,758,2,225125,A98,2026-01-06
16359,4173,1,225125,K86,2026-06-12
16360,1709,1,225125,K86,2026-04-03
16361,504,1,225125,A98,2026-01-17
16362,624,1,225125,K86,2026-03-15
16363,2905,1,225125,X86,2026-04-04
16364,1781,1,225125,A98,2026-05-23
16365,992,2,225125,A98,2026-02-12
16366,729,7,223208,D83,2026-03-31
16367,4087,1,225125,T90,2026-06-11
16368,1817,5,223505,A98,2026-05-10
16369,1892,1,225125,A98,2026-06-03
16370,4021,5,223505,A98,2026-02-04
16371,1171,7,223208,D83,2026-04-21
16372,2383,2,225125,T90,2026-05-18
16373,771,1,225125,A98,2026-06-24
16374,2,1,225125,T90,2026-06-16
16375,2983,6,223208,D83,2026-05-18
16376,2387,8,322230,A98,2026-06-21
16377,2083,7,223208,D83,2026-02-02
16378,4920,2,225125,A98,2026-01-18
16379,1002,7,223208,D83,2026-01-11
16380,1465,6,223208,D83,2026-02-06
16381,651,2,225125,K86,2026-04-07
16382,232,4,223505,A93,2026-02-22
16383,3480,8,322230,A98,2026-02-24
16384,4244,7,223208,D83,2026-06-09
16385,2440,8,322230,A98,2026-01-13
16386,2665,8,322230,A98,2026-03-02
16387,602,6,223208,D83,2026-01-24
16388,1723,6,223208,D83,2026-04-01
16389,4458,3,225125,A98,2026-01-03
16390,4450,5,223505,A98,2026-03-12
16391,1597,3,225125,A98,2026-01-15
16392,3270,3,225125,X86,2026-05-21
16393,3164,9,322230,A98,2026-06-12
16394,3995,1,225125,X86,2026-02-11
16395,1314,1,225125,A98,2026-02-08
16396,1581,2,225125,X86,2026-05-25
16397,4400,2,225125,X86,2026-06-29
16398,2557,2,225125,A98,2026-03-30
16399,1998,8,322230,A98,2026-05-09
16400,2031,7,223208,D83,2026-04-03
16401,4204,5,223505,K86,2026-01-18
16402,4778,7,223208,D83,2026-05-25
16403,2530,4,223505,K86,2026-04-12
16404,3138,1,225125,K86,2026-05-04
16405,4006,1,225125,A98,2026-05-06
16406,4867,1,225125,W78,2026-01-02
16407,1404,8,322230,A98,2026-02-07
16408,2716,2,225125,A98,2026-05-31
16409,3295,3,225125,K86,2026-04-01
16410,3743,1,225125,A98,2026-05-08
16411,845,1,225125,W78,2026-03-20
16412,2145,5,223505,X86,2026-04-25
16413,4761,5,223505,A98,2026-02-01
16414,969,9,322230,A98,2026-02-02
16415,2908,9,322230,A98,2026-06-25
16416,3569,4,223505,K86,2026-04-20
16417,844,9,322230,A98,2026-03-15
16418,2812,9,322230,A98,2026-01-18
16419,1443,3,225125,K86,2026-02-12
16420,226,3,225125,A93,2026-04-18
16421,1880,7,223208,D83,2026-02-01
16422,189,2,225125,K86,2026-01-10
16423,399,6,223208,D83,2026-04-13
16424,3144,9,322230,A98,2026-02-16
16425,901,9,322230,A98,2026-03-17
16426,3047,1,225125,A98,2026-04-16
16427,2134,3,225125,T90,2026-04-26
16428,2125,7,223208,D83,2026-02-02
16429,3743,9,322230,A98,2026-01-20
16430,228,3,225125,K86,2026-03-07
16431,2586,5,223505,A98,2026-02-01
16432,1681,7,223208,D83,2026-01-28
16433,1063,5,223505,T90,2026-02-17
16434,384,5,223505,A98,2026-04-23
16435,605,2,225125,W78,2026-06-16
16436,3308,5,223505,K86,2026-02-10
16437,2815,8,322230,A98,2026-02-12
16438,636,2,225125,X86,2026-06-12
16439,783,3,225125,A98,2026-02-26
16440,2850,5,223505,T90,2026-06-22
16441,743,8,322230,A98,2026-05-06
16442,1657,9,322230,A98,2026-04-15
16443,4077,9,322230,A98,2026-02-08
16444,214,4,223505,A98,2026-04-24
16445,4824,1,225125,X86,2026-06-10
16446,827,2,225125,W78,2026-05-05
16447,3856,2,225125,K86,2026-06-21
16448,1404,1,225125,W78,2026-06-26
16449,1133,8,322230,A98,2026-04-03
16450,796,8,322230,A98,2026-05-18
16451,3961,6,223208,D83,2026-04-13
16452,1914,7,223208,D83,2026-04-05
16453,2622,2,225125,A98,2026-02-02
16454,4822,1,225125,A98,2026-04-13
16455,4085,6,223208,D83,2026-01-29
16456,4075,6,223208,D83,2026-05-28
16457,2759,9,322230,A98,2026-01-31
16458,3516,1,225125,A98,2026-02-22
16459,4529,4,223505,A93,2026-04-08
16460,3016,8,322230,A98,2026-03-19
16461,2838,7,223208,D83,2026-06-16
16462,1718,2,225125,T90,2026-02-15
16463,1233,7,223208,D83,2026-03-27
16464,1775,2,225125,W78,2026-01-24
16465,3654,9,322230,A98,2026-04-06
16466,2377,6,223208,D83,2026-01-13
16467,3792,8,322230,A98,2026-02-09
16468,4641,4,223505,K86,2026-06-22
16469,4325,4,223505,W78,2026-05-09
16470,577,9,322230,A98,2026-06-03
16471,4258,5,223505,W78,2026-05-28
16472,4395,2,225125,X86,2026-06-02
16473,1447,5,223505,A98,2026-04-28
16474,311,3,225125,A98,2026-05-14
16475,2935,2,225125,A93,2026-05-31
16476,4609,8,322230,A98,2026-04-04
16477,2009,3,225125,W78,2026-03-04
16478,3372,1,225125,A93,2026-01-05
16479,1199,5,223505,K86,2026-01-18
16480,220,7,223208,D83,2026-05-18
16481,4326,1,225125,K86,2026-06-18
16482,909,8,322230,A98,2026-06-09
16483,3984,1,225125,X86,2026-03-17
16484,4493,7,223208,D83,2026-05-08
16485,529,2,225125,X86,2026-06-02
16486,1781,6,223208,D83,2026-03-12
16487,2478,9,322230,A98,2026-02-05
16488,2543,7,223208,D83,2026-01-12
16489,3774,4,223505,W78,2026-06-22
16490,957,2,225125,A98,2026-03-24
16491,3729,2,225125,A98,2026-01-01
16492,966,3,225125,A98,2026-03-23
16493,1523,3,225125,A93,2026-05-10
16494,2175,3,225125,A98,2026-06-23
16495,658,1,225125,T90,2026-03-06
16496,2474,6,223208,D83,2026-03-30
16497,3492,6,223208,D83,2026-02-01
16498,436,3,225125,W78,2026-04-16
16499,4327,8,322230,A98,2026-01-04
16500,4517,1,225125,K86,2026-01-18
16501,1926,2,225125,A98,2026-03-13
16502,3129,7,223208,D83,2026-01-27
16503,3927,9,322230,A98,2026-04-22
16504,1026,2,225125,W78,2026-06-16
16505,1662,5,223505,A98,2026-01-07
16506,2509,1,225125,A98,2026-01-06
16507,794,9,322230,A98,2026-04-10
16508,2183,2,225125,W78,2026-04-27
16509,3554,4,223505,T90,2026-03-23
16510,2952,2,225125,W78,2026-01-12
16511,2709,1,225125,A93,2026-03-11
16512,4995,9,322230,A98,2026-01-24
16513,906,3,225125,T90,2026-04-17
16514,4621,1,225125,K86,2026-01-06
16515,1560,9,322230,A98,2026-05-04
16516,4084,1,225125,X86,2026-03-17
16517,2904,5,223505,K86,2026-06-15
16518,1580,4,223505,X86,2026-04-04
16519,3050,5,223505,X86,2026-03-12
16520,65,5,223505,W78,2026-05-28
16521,4152,3,225125,W78,2026-04-02
16522,3940,7,223208,D83,2026-06-26
16523,2895,2,225125,A98,2026-06-19
16524,514,5,223505,A98,2026-05-01
16525,2303,1,225125,T90,2026-01-28
16526,1849,7,223208,D83,2026-02-16
16527,4602,1,225125,A93,2026-04-19
16528,4834,9,322230,A98,2026-03-01
16529,2201,5,223505,T90,2026-06-24
16530,3079,1,225125,K86,2026-02-16
16531,2676,1,225125,A98,2026-05-09
16532,80,2,225125,X86,2026-04-12
16533,381,3,225125,A93,2026-01-13
16534,1706,6,223208,D83,2026-03-11
16535,4325,5,223505,A98,2026-01-23
16536,4157,1,225125,K86,2026-01-28
16537,4478,1,225125,K86,2026-01-01
16538,2983,7,223208,D83,2026-06-03
16539,3465,1,225125,K86,2026-06-02
16540,1164,3,225125,T90,2026-05-02
16541,4186,1,225125,W78,2026-06-09
16542,1666,3,225125,K86,2026-05-11
16543,4131,7,223208,D83,2026-05-18
16544,4209,3,225125,X86,2026-04-17
16545,2670,2,225125,A98,2026-05-27
16546,4517,6,223208,D83,2026-04-15
16547,4273,1,225125,K86,2026-06-29
16548,844,4,223505,A98,2026-05-09
16549,4400,2,225125,A93,2026-03-03
16550,3309,2,225125,K86,2026-05-14
16551,1497,5,223505,A93,2026-03-29
16552,3517,4,223505,A93,2026-06-15
16553,4049,9,322230,A98,2026-06-23
16554,4701,4,223505,A98,2026-01-07
16555,3786,1,225125,T90,2026-02-07
16556,2708,2,225125,A98,2026-06-08
16557,1122,8,322230,A98,2026-04-13
16558,4869,4,223505,A98,2026-02-02
16559,3298,6,223208,D83,2026-02-17
16560,1487,6,223208,D83,2026-02-26
16561,4818,6,223208,D83,2026-03-11
16562,4160,2,225125,T90,2026-03-12
16563,4245,8,322230,A98,2026-01-23
16564,4438,3,225125,K86,2026-06-10
16565,4753,7,223208,D83,2026-05-14
16566,2225,5,223505,X86,2026-05-08
16567,3584,8,322230,A98,2026-01-25
16568,2627,6,223208,D83,2026-03-07
16569,4994,1,225125,W78,2026-03-19
16570,1847,1,225125,K86,2026-05-29
16571,4693,3,225125,A98,2026-03-06
16572,4971,1,225125,A98,2026-06-05
16573,668,4,223505,T90,2026-06-18
16574,734,1,225125,K86,2026-01-24
16575,2813,4,223505,T90,2026-06-23
16576,2683,2,225125,A98,2026-06-08
16577,1633,5,223505,A98,2026-01-03
16578,585,1,225125,A98,2026-03-08
16579,4885,2,225125,A93,2026-06-18
16580,2020,7,223208,D83,2026-05-07
16581,343,2,225125,X86,2026-05-01
16582,3349,2,225125,X86,2026-02-23
16583,953,5,223505,A98,2026-03-05
16584,4863,2,225125,K86,2026-06-08
16585,2716,7,223208,D83,2026-04-02
16586,2317,5,223505,A98,2026-01-19
16587,3978,7,223208,D83,2026-04-12
16588,3567,7,223208,D83,2026-06-08
16589,744,5,223505,K86,2026-01-26
16590,1584,3,225125,A98,2026-03-08
16591,538,9,322230,A98,2026-03-25
16592,385,2,225125,K86,2026-02-12
16593,2628,3,225125,A93,2026-06-25
16594,1897,6,223208,D83,2026-06-28
16595,1031,6,223208,D83,2026-04-13
16596,1539,4,223505,W78,2026-06-21
16597,3679,1,225125,K86,2026-04-08
16598,3488,4,223505,T90,2026-04-28
16599,1780,2,225125,X86,2026-06-15
16600,782,4,223505,K86,2026-05-16
16601,3844,2,225125,K86,2026-06-28
16602,4848,9,322230,A98,2026-06-26
16603,90,3,225125,K86,2026-06-26
16604,570,8,322230,A98,2026-05-28
16605,4425,6,223208,D83,2026-05-23
16606,3379,2,225125,K86,2026-04-12
16607,1736,5,223505,W78,2026-03-30
16608,4234,5,223505,A93,2026-03-25
16609,1052,3,225125,W78,2026-03-20
16610,4458,3,225125,W78,2026-02-18
16611,1784,1,225125,W78,2026-01-15
16612,3615,5,223505,A98,2026-04-11
16613,4935,9,322230,A98,2026-03-26
16614,4863,6,223208,D83,2026-06-06
16615,1553,7,223208,D83,2026-04-27
16616,2805,8,322230,A98,2026-03-19
16617,4788,5,223505,X86,2026-05-19
16618,2106,4,223505,T90,2026-06-18
16619,3528,2,225125,X86,2026-03-12
16620,4750,5,223505,A93,2026-05-25
16621,3636,1,225125,A98,2026-01-04
16622,2968,5,223505,A98,2026-06-14
16623,4757,1,225125,A98,2026-01-13
16624,2041,7,223208,D83,2026-02-09
16625,4189,2,225125,W78,2026-06-21
16626,573,2,225125,K86,2026-02-28
16627,3101,7,223208,D83,2026-05-08
16628,760,1,225125,T90,2026-02-22
16629,4043,1,225125,T90,2026-06-12
16630,930,6,223208,D83,2026-01-13
16631,712,4,223505,X86,2026-05-25
16632,2730,3,225125,W78,2026-01-18
16633,2639,4,223505,A98,2026-05-29
16634,688,1,225125,A98,2026-04-03
16635,4700,9,322230,A98,2026-04-29
16636,3903,6,223208,D83,2026-04-21
16637,1856,3,225125,T90,2026-04-13
16638,2206,2,225125,K86,2026-01-24
16639,2171,2,225125,A93,2026-06-11
16640,3348,7,223208,D83,2026-01-06
16641,1324,2,225125,A93,2026-05-26
16642,2575,2,225125,K86,2026-03-13
16643,213,7,223208,D83,2026-06-20
16644,2172,2,225125,A93,2026-05-12
16645,3174,2,225125,A98,2026-06-19
16646,411,7,223208,D83,2026-02-19
16647,1686,1,225125,A98,2026-02-09
16648,1327,6,223208,D83,2026-05-16
16649,589,6,223208,D83,2026-06-24
16650,897,8,322230,A98,2026-05-16
16651,3603,2,225125,K86,2026-04-28
16652,3936,1,225125,K86,2026-03-23
16653,279,8,322230,A98,2026-05-04
16654,119,1,225125,A93,2026-02-28
16655,2350,7,223208,D83,2026-02-26
16656,425,2,225125,A98,2026-04-18
16657,1608,8,322230,A98,2026-06-18
16658,4306,1,225125,A98,2026-01-01
16659,3977,8,322230,A98,2026-03-28
16660,4606,2,225125,X86,2026-06-22
16661,3669,2,225125,A98,2026-01-23
16662,4410,4,223505,T90,2026-02-17
16663,1315,2,225125,W78,2026-02-04
16664,493,6,223208,D83,2026-01-25
16665,2407,1,225125,A93,2026-03-03
16666,1962,1,225125,A98,2026-04-01
16667,3109,3,225125,A98,2026-02-06
16668,3039,7,223208,D83,2026-05-28
16669,4698,5,223505,K86,2026-05-25
16670,3878,2,225125,A98,2026-02-24
16671,2750,1,225125,A98,2026-04-24
16672,179,4,223505,A98,2026-01-14
16673,3246,4,223505,T90,2026-02-02
16674,4206,2,225125,K86,2026-03-17
16675,1787,7,223208,D83,2026-03-06
16676,1311,3,225125,K86,2026-01-04
16677,4073,3,225125,A93,2026-05-17
16678,2845,3,225125,A98,2026-02-22
16679,1590,1,225125,X86,2026-06-29
16680,4815,3,225125,A98,2026-05-17
16681,3398,1,225125,K86,2026-03-03
16682,2049,1,225125,A93,2026-06-27
16683,2593,3,225125,A98,2026-04-18
16684,1896,9,322230,A98,2026-01-23
16685,1471,4,223505,K86,2026-01-08
16686,1164,2,225125,A98,2026-03-22
16687,4071,2,225125,A98,2026-02-13
16688,2928,6,223208,D83,2026-02-05
16689,2151,2,225125,W78,2026-03-10
16690,2108,3,225125,K86,2026-04-08
16691,3816,7,223208,D83,2026-03-14
16692,2411,4,223505,A98,2026-01-06
16693,1651,7,223208,D83,2026-05-31
16694,4635,6,223208,D83,2026-04-08
16695,1341,2,225125,T90,2026-01-26
16696,214,1,225125,T90,2026-01-30
16697,838,1,225125,W78,2026-04-11
16698,2839,2,225125,T90,2026-05-26
16699,579,8,322230,A98,2026-05-17
16700,3254,1,225125,W78,2026-02-12
16701,4578,1,225125,W78,2026-06-22
16702,940,2,225125,X86,2026-01-28
16703,289,8,322230,A98,2026-04-16
16704,3637,7,223208,D83,2026-06-25
16705,4607,2,225125,X86,2026-02-09
16706,3017,2,225125,K86,2026-02-27
16707,984,1,225125,A98,2026-01-21
16708,4930,9,322230,A98,2026-01-16
16709,3370,2,225125,W78,2026-03-05
16710,1627,7,223208,D83,2026-06-14
16711,557,8,322230,A98,2026-03-08
16712,2302,5,223505,A98,2026-01-12
16713,3307,7,223208,D83,2026-05-09
16714,4436,8,322230,A98,2026-01-01
16715,4494,9,322230,A98,2026-03-25
16716,4506,3,225125,A98,2026-01-21
16717,2405,1,225125,A98,2026-02-16
16718,1565,8,322230,A98,2026-02-01
16719,423,1,225125,W78,2026-06-26
16720,3256,7,223208,D83,2026-04-03
16721,2386,2,225125,K86,2026-02-02
16722,2316,5,223505,A98,2026-06-02
16723,2303,2,225125,A98,2026-05-27
16724,2400,4,223505,K86,2026-06-22
16725,1007,2,225125,A93,2026-05-27
16726,27,8,322230,A98,2026-02-24
16727,63,2,225125,T90,2026-02-11
16728,4046,2,225125,A93,2026-02-14
16729,832,1,225125,A98,2026-02-12
16730,1583,1,225125,T90,2026-03-17
16731,4284,2,225125,A98,2026-01-23
16732,2492,8,322230,A98,2026-02-08
16733,4956,5,223505,T90,2026-01-05
16734,1227,1,225125,K86,2026-04-13
16735,2627,6,223208,D83,2026-06-21
16736,2328,1,225125,K86,2026-04-23
16737,1469,1,225125,K86,2026-01-02
16738,1727,4,223505,A98,2026-05-17
16739,1433,2,225125,A98,2026-06-13
16740,1911,5,223505,W78,2026-03-18
16741,567,3,225125,K86,2026-01-12
16742,501,2,225125,A98,2026-04-05
16743,1618,9,322230,A98,2026-05-24
16744,1842,2,225125,A98,2026-02-16
16745,1829,6,223208,D83,2026-04-14
16746,3689,7,223208,D83,2026-02-21
16747,4387,6,223208,D83,2026-05-23
16748,2957,2,225125,K86,2026-04-27
16749,2262,4,223505,K86,2026-03-29
16750,1916,1,225125,K86,2026-06-11
16751,80,8,322230,A98,2026-01-01
16752,694,1,225125,K86,2026-03-27
16753,746,2,225125,A98,2026-06-17
16754,4603,9,322230,A98,2026-02-18
16755,1232,9,322230,A98,2026-05-31
16756,1625,7,223208,D83,2026-03-11
16757,1404,1,225125,A98,2026-04-19
16758,1927,3,225125,A98,2026-06-16
16759,67,5,223505,A98,2026-02-25
16760,746,8,322230,A98,2026-02-01
16761,2691,5,223505,A93,2026-06-17
16762,1269,4,223505,A98,2026-01-29
16763,768,1,225125,W78,2026-02-03
16764,4981,1,225125,W78,2026-05-03
16765,3089,1,225125,A93,2026-03-30
16766,2691,4,223505,A98,2026-04-25
16767,4613,7,223208,D83,2026-06-27
16768,1568,3,225125,A98,2026-05-13
16769,3328,3,225125,K86,2026-03-10
16770,978,4,223505,A98,2026-06-23
16771,1005,4,223505,K86,2026-05-08
16772,3487,2,225125,A93,2026-02-07
16773,192,9,322230,A98,2026-02-20
16774,2174,9,322230,A98,2026-03-06
16775,3024,9,322230,A98,2026-05-21
16776,3280,7,223208,D83,2026-02-19
16777,4717,1,225125,T90,2026-02-02
16778,3951,9,322230,A98,2026-04-08
16779,1509,4,223505,A98,2026-01-17
16780,4935,7,223208,D83,2026-06-08
16781,4526,4,223505,T90,2026-05-10
16782,327,2,225125,A93,2026-04-08
16783,1139,4,223505,A93,2026-03-03
16784,4688,4,223505,K86,2026-06-08
16785,2575,3,225125,W78,2026-04-24
16786,911,5,223505,A98,2026-01-28
16787,628,8,322230,A98,2026-03-19
16788,3969,1,225125,K86,2026-03-30
16789,4260,8,322230,A98,2026-04-05
16790,1285,1,225125,A98,2026-04-18
16791,1443,9,322230,A98,2026-06-28
16792,506,1,225125,A98,2026-01-24
16793,4337,8,322230,A98,2026-01-29
16794,270,2,225125,A98,2026-04-30
16795,154,2,225125,A98,2026-03-25
16796,1447,1,225125,A93,2026-03-12
16797,4094,4,223505,A98,2026-01-10
16798,1113,1,225125,T90,2026-02-27
16799,67,3,225125,W78,2026-06-10
16800,2718,1,225125,A98,2026-06-19
16801,1657,1,225125,W78,2026-03-31
16802,4281,4,223505,A98,2026-03-29
16803,3945,7,223208,D83,2026-04-12
16804,2796,3,225125,A98,2026-03-29
16805,2224,1,225125,A98,2026-04-10
16806,3582,5,223505,A98,2026-06-18
16807,923,2,225125,A98,2026-05-02
16808,4096,7,223208,D83,2026-04-11
16809,2214,8,322230,A98,2026-01-27
16810,2002,7,223208,D83,2026-01-31
16811,4474,5,223505,W78,2026-04-05
16812,2276,1,225125,K86,2026-02-20
16813,4445,6,223208,D83,2026-03-04
16814,1659,6,223208,D83,2026-02-06
16815,1050,3,225125,A93,2026-01-18
16816,3963,7,223208,D83,2026-02-07
16817,238,2,225125,A98,2026-03-01
16818,1846,2,225125,A98,2026-06-26
16819,3282,7,223208,D83,2026-05-08
16820,1590,1,225125,W78,2026-02-07
16821,349,3,225125,A98,2026-05-19
16822,281,7,223208,D83,2026-03-22
16823,683,4,223505,W78,2026-04-15
16824,1180,8,322230,A98,2026-05-13
16825,3909,7,223208,D83,2026-03-15
16826,875,8,322230,A98,2026-04-09
16827,35,4,223505,W78,2026-06-14
16828,4325,1,225125,A93,2026-05-06
16829,304,9,322230,A98,2026-04-24
16830,993,6,223208,D83,2026-04-01
16831,3874,2,225125,A98,2026-01-08
16832,3769,9,322230,A98,2026-06-05
16833,2114,5,223505,A98,2026-01-05
16834,417,2,225125,K86,2026-06-29
16835,2870,2,225125,X86,2026-03-16
16836,4755,2,225125,W78,2026-04-29
16837,32,3,225125,K86,2026-05-03
16838,1236,9,322230,A98,2026-05-14
16839,4541,9,322230,A98,2026-02-05
16840,1895,5,223505,A98,2026-04-22
16841,937,9,322230,A98,2026-02-08
16842,4642,5,223505,A93,2026-05-12
16843,4497,1,225125,K86,2026-03-12
16844,4470,9,322230,A98,2026-02-17
16845,577,9,322230,A98,2026-03-27
16846,866,6,223208,D83,2026-06-08
16847,4046,2,225125,W78,2026-03-12
16848,1141,7,223208,D83,2026-04-23
16849,4787,9,322230,A98,2026-05-31
16850,1250,6,223208,D83,2026-01-30
16851,3666,3,225125,T90,2026-03-02
16852,1988,2,225125,X86,2026-05-16
16853,426,2,225125,W78,2026-05-16
16854,4827,1,225125,T90,2026-03-27
16855,1706,5,223505,X86,2026-05-29
16856,1649,7,223208,D83,2026-06-19
16857,429,8,322230,A98,2026-06-28
16858,546,8,322230,A98,2026-06-03
16859,3824,7,223208,D83,2026-03-01
16860,2195,4,223505,K86,2026-01-24
16861,1113,1,225125,K86,2026-02-13
16862,2102,1,225125,A93,2026-05-15
16863,1937,2,225125,T90,2026-01-04
16864,1698,9,322230,A98,2026-06-25
16865,1997,8,322230,A98,2026-02-24
16866,3419,8,322230,A98,2026-02-23
16867,4988,8,322230,A98,2026-04-16
16868,1190,4,223505,X86,2026-04-27
16869,1366,8,322230,A98,2026-04-21
16870,4332,4,223505,A98,2026-05-24
16871,1543,1,225125,W78,2026-02-19
16872,3159,1,225125,A98,2026-05-02
16873,1269,4,223505,W78,2026-01-01
16874,2743,9,322230,A98,2026-06-08
16875,1036,3,225125,K86,2026-03-02
16876,4864,7,223208,D83,2026-04-11
16877,505,2,225125,A98,2026-04-23
16878,351,6,223208,D83,2026-03-08
16879,233,3,225125,T90,2026-06-04
16880,3836,1,225125,X86,2026-04-27
16881,724,3,225125,K86,2026-03-11
16882,3252,1,225125,T90,2026-01-28
16883,2983,8,322230,A98,2026-01-14
16884,1766,5,223505,T90,2026-02-28
16885,1192,2,225125,A98,2026-01-28
16886,2663,7,223208,D83,2026-02-12
16887,2998,4,223505,X86,2026-03-26
16888,617,3,225125,A98,2026-04-30
16889,29,3,225125,A98,2026-05-05
16890,681,8,322230,A98,2026-03-22
16891,4672,4,223505,K86,2026-03-15
16892,2880,9,322230,A98,2026-03-10
16893,2167,1,225125,A98,2026-01-06
16894,4867,3,225125,K86,2026-01-22
16895,4121,9,322230,A98,2026-04-22
16896,4464,1,225125,A93,2026-02-26
16897,2032,2,225125,A98,2026-01-12
16898,409,6,223208,D83,2026-04-15
16899,712,9,322230,A98,2026-05-26
16900,568,8,322230,A98,2026-06-18
16901,3927,2,225125,A98,2026-05-24
16902,569,5,223505,A98,2026-03-05
16903,3955,4,223505,A98,2026-02-26
16904,426,2,225125,A98,2026-03-16
16905,2424,9,322230,A98,2026-04-26
16906,1513,2,225125,A98,2026-02-08
16907,3912,1,225125,K86,2026-02-04
16908,2690,6,223208,D83,2026-03-27
16909,4454,1,225125,A93,2026-05-20
16910,4371,5,223505,K86,2026-02-21
16911,2134,2,225125,A98,2026-02-06
16912,3902,7,223208,D83,2026-06-26
16913,617,8,322230,A98,2026-01-08
16914,2354,1,225125,T90,2026-05-17
16915,4661,8,322230,A98,2026-03-27
16916,1370,1,225125,W78,2026-02-15
16917,607,1,225125,A98,2026-05-30
16918,448,1,225125,T90,2026-02-12
16919,4714,9,322230,A98,2026-06-04
16920,4168,7,223208,D83,2026-03-08
16921,2838,2,225125,T90,2026-04-23
16922,4117,5,223505,W78,2026-05-20
16923,4609,1,225125,A98,2026-05-13
16924,682,2,225125,T90,2026-04-01
16925,2123,1,225125,A93,2026-05-26
16926,1637,1,225125,K86,2026-03-14
16927,1036,7,223208,D83,2026-02-05
16928,2707,5,223505,K86,2026-02-05
16929,4490,7,223208,D83,2026-06-13
16930,885,4,223505,X86,2026-05-25
16931,795,2,225125,A93,2026-02-14
16932,3302,6,223208,D83,2026-03-20
16933,2367,3,225125,X86,2026-04-10
16934,344,2,225125,K86,2026-03-28
16935,1855,3,225125,A98,2026-06-04
16936,4570,7,223208,D83,2026-05-26
16937,3912,2,225125,A93,2026-01-26
16938,4203,2,225125,K86,2026-02-08
16939,4483,7,223208,D83,2026-02-01
16940,57,4,223505,A98,2026-01-23
16941,834,7,223208,D83,2026-02-22
16942,4062,5,223505,A98,2026-06-12
16943,2352,1,225125,A93,2026-06-20
16944,2020,2,225125,K86,2026-05-06
16945,4388,2,225125,W78,2026-02-27
16946,868,2,225125,X86,2026-03-13
16947,4020,1,225125,K86,2026-03-16
16948,702,1,225125,A98,2026-02-15
16949,4100,9,322230,A98,2026-04-27
16950,3393,5,223505,K86,2026-06-13
16951,546,4,223505,W78,2026-06-24
16952,4401,8,322230,A98,2026-03-24
16953,3282,7,223208,D83,2026-03-24
16954,384,1,225125,T90,2026-01-29
16955,1150,5,223505,A98,2026-03-23
16956,2607,2,225125,K86,2026-01-10
16957,4771,3,225125,A98,2026-05-24
16958,4751,9,322230,A98,2026-06-22
16959,4568,6,223208,D83,2026-01-19
16960,4252,1,225125,A93,2026-01-13
16961,4292,8,322230,A98,2026-01-29
16962,849,1,225125,X86,2026-01-21
16963,2256,1,225125,A93,2026-03-22
16964,4986,3,225125,K86,2026-01-29
16965,2918,5,223505,T90,2026-04-09
16966,3352,2,225125,W78,2026-01-11
16967,412,1,225125,A98,2026-05-26
16968,4330,2,225125,X86,2026-04-01
16969,4490,9,322230,A98,2026-04-22
16970,1202,3,225125,A98,2026-05-15
16971,2902,2,225125,A98,2026-01-30
16972,2064,1,225125,K86,2026-01-19
16973,4157,5,223505,K86,2026-02-20
16974,3455,3,225125,K86,2026-02-09
16975,3623,5,223505,K86,2026-02-06
16976,2199,2,225125,K86,2026-06-27
16977,3723,9,322230,A98,2026-06-02
16978,4648,4,223505,K86,2026-03-18
16979,4343,7,223208,D83,2026-01-13
16980,2129,2,225125,W78,2026-01-08
16981,3531,4,223505,X86,2026-05-22
16982,144,7,223208,D83,2026-05-18
16983,1404,1,225125,A93,2026-05-14
16984,1373,2,225125,K86,2026-02-24
16985,2414,3,225125,A93,2026-01-28
16986,2468,5,223505,K86,2026-03-10
16987,4567,5,223505,T90,2026-03-22
16988,3968,7,223208,D83,2026-02-13
16989,3947,2,225125,W78,2026-02-22
16990,4239,1,225125,K86,2026-02-27
16991,3354,1,225125,A98,2026-05-28
16992,2998,5,223505,K86,2026-03-11
16993,164,4,223505,K86,2026-05-08
16994,908,4,223505,A98,2026-01-22
16995,1838,8,322230,A98,2026-04-14
16996,3198,4,223505,A98,2026-04-28
16997,3208,1,225125,K86,2026-04-25
16998,1669,8,322230,A98,2026-06-13
16999,1234,9,322230,A98,2026-04-25
17000,2709,4,223505,K86,2026-02-17
17001,3677,2,225125,A98,2026-01-06
17002,4682,1,225125,A98,2026-01-30
17003,3951,3,225125,K86,2026-06-22
17004,4157,6,223208,D83,2026-05-01
17005,4866,6,223208,D83,2026-04-16
17006,353,7,223208,D83,2026-02-22
17007,4608,2,225125,T90,2026-06-02
17008,4414,7,223208,D83,2026-02-12
17009,384,7,223208,D83,2026-03-27
17010,3300,7,223208,D83,2026-04-10
17011,4328,9,322230,A98,2026-04-25
17012,2665,9,322230,A98,2026-06-14
17013,4367,9,322230,A98,2026-05-08
17014,3463,8,322230,A98,2026-01-23
17015,741,4,223505,A98,2026-02-28
17016,927,1,225125,A98,2026-01-21
17017,3682,4,223505,X86,2026-01-24
17018,196,7,223208,D83,2026-04-15
17019,939,4,223505,A93,2026-04-27
17020,2070,9,322230,A98,2026-05-16
17021,1427,1,225125,W78,2026-05-04
17022,1020,6,223208,D83,2026-01-14
17023,3433,1,225125,K86,2026-02-14
17024,4522,5,223505,K86,2026-06-05
17025,3294,1,225125,A93,2026-02-18
17026,3347,1,225125,W78,2026-03-26
17027,1595,4,223505,A98,2026-04-09
17028,3497,8,322230,A98,2026-06-25
17029,2361,3,225125,A98,2026-02-16
17030,1249,8,322230,A98,2026-02-15
17031,819,9,322230,A98,2026-01-20
17032,2615,4,223505,A98,2026-05-12
17033,1125,2,225125,A98,2026-05-30
17034,4609,1,225125,A98,2026-06-07
17035,4244,5,223505,A93,2026-05-07
17036,4283,5,223505,A98,2026-02-08
17037,1601,1,225125,A98,2026-02-06
17038,1797,1,225125,W78,2026-04-13
17039,2391,6,223208,D83,2026-04-13
17040,1639,1,225125,A98,2026-05-31
17041,4006,6,223208,D83,2026-03-09
17042,994,8,322230,A98,2026-05-14
17043,903,1,225125,A98,2026-04-03
17044,65,2,225125,A98,2026-03-08
17045,4702,7,223208,D83,2026-05-30
17046,679,5,223505,X86,2026-04-27
17047,4855,1,225125,W78,2026-06-22
17048,4668,4,223505,T90,2026-06-05
17049,973,1,225125,T90,2026-05-09
17050,3230,7,223208,D83,2026-06-04
17051,1160,1,225125,A98,2026-01-21
17052,992,6,223208,D83,2026-02-18
17053,3298,7,223208,D83,2026-06-27
17054,107,1,225125,A93,2026-06-19
17055,4542,4,223505,K86,2026-02-16
17056,4140,2,225125,K86,2026-04-11
17057,4826,7,223208,D83,2026-05-22
17058,4392,9,322230,A98,2026-05-16
17059,3746,4,223505,A98,2026-03-16
17060,4329,9,322230,A98,2026-01-16
17061,1719,1,225125,A98,2026-05-03
17062,3267,2,225125,K86,2026-01-28
17063,2704,7,223208,D83,2026-04-15
17064,1014,5,223505,A93,2026-06-06
17065,798,1,225125,A98,2026-04-03
17066,3123,8,322230,A98,2026-05-22
17067,4520,9,322230,A98,2026-04-24
17068,2073,2,225125,K86,2026-04-05
17069,3414,5,223505,A98,2026-04-11
17070,766,1,225125,A98,2026-02-15
17071,1548,4,223505,A98,2026-01-10
17072,3481,4,223505,A93,2026-04-21
17073,3374,3,225125,T90,2026-04-09
17074,1991,5,223505,K86,2026-03-24
17075,141,2,225125,A98,2026-05-18
17076,1919,2,225125,A98,2026-04-01
17077,2001,9,322230,A98,2026-02-20
17078,4563,2,225125,X86,2026-03-11
17079,1586,6,223208,D83,2026-04-08
17080,4704,2,225125,K86,2026-03-30
17081,1260,1,225125,W78,2026-03-26
17082,3192,3,225125,A98,2026-02-08
17083,3443,9,322230,A98,2026-01-04
17084,4923,9,322230,A98,2026-03-12
17085,2916,7,223208,D83,2026-05-12
17086,2294,3,225125,A98,2026-01-06
17087,3839,7,223208,D83,2026-02-12
17088,4980,6,223208,D83,2026-01-20
17089,3811,1,225125,A98,2026-04-13
17090,2113,5,223505,A98,2026-05-03
17091,1485,5,223505,T90,2026-03-24
17092,2738,1,225125,X86,2026-02-15
17093,469,2,225125,A93,2026-04-07
17094,3265,7,223208,D83,2026-03-10
17095,3639,9,322230,A98,2026-05-06
17096,4622,9,322230,A98,2026-03-29
17097,4128,9,322230,A98,2026-02-17
17098,2461,3,225125,A93,2026-03-06
17099,2797,4,223505,T90,2026-03-03
17100,4386,7,223208,D83,2026-02-05
17101,2237,2,225125,A98,2026-04-25
17102,1291,1,225125,K86,2026-06-16
17103,3597,1,225125,A98,2026-06-28
17104,959,4,223505,A98,2026-01-08
17105,610,2,225125,A98,2026-01-29
17106,2051,3,225125,K86,2026-01-23
17107,3745,1,225125,A98,2026-03-18
17108,2266,3,225125,A98,2026-02-28
17109,1581,2,225125,A98,2026-05-02
17110,3283,7,223208,D83,2026-03-25
17111,2871,4,223505,W78,2026-02-18
17112,2781,7,223208,D83,2026-04-30
17113,2520,2,225125,A98,2026-06-21
17114,997,2,225125,K86,2026-04-06
17115,1669,5,223505,T90,2026-05-28
17116,475,6,223208,D83,2026-04-09
17117,135,2,225125,K86,2026-04-20
17118,1631,1,225125,K86,2026-02-04
17119,2172,6,223208,D83,2026-02-04
17120,4430,7,223208,D83,2026-02-09
17121,423,4,223505,A93,2026-06-07
17122,2287,6,223208,D83,2026-04-01
17123,183,4,223505,A98,2026-06-11
17124,5000,2,225125,T90,2026-06-22
17125,107,8,322230,A98,2026-05-02
17126,445,2,225125,A98,2026-06-08
17127,70,2,225125,K86,2026-04-18
17128,1642,4,223505,T90,2026-01-16
17129,221,4,223505,A98,2026-05-30
17130,2765,1,225125,K86,2026-06-26
17131,3438,2,225125,K86,2026-01-25
17132,3042,1,225125,A93,2026-04-25
17133,35,2,225125,A98,2026-04-20
17134,86,2,225125,K86,2026-01-26
17135,2349,9,322230,A98,2026-06-28
17136,3269,7,223208,D83,2026-05-26
17137,4529,3,225125,A93,2026-02-19
17138,36,5,223505,A98,2026-04-05
17139,2374,1,225125,K86,2026-04-11
17140,190,4,223505,T90,2026-05-05
17141,3888,4,223505,A98,2026-05-11
17142,2612,9,322230,A98,2026-06-20
17143,3771,2,225125,K86,2026-05-01
17144,2797,1,225125,A98,2026-03-21
17145,430,2,225125,T90,2026-02-07
17146,2864,2,225125,X86,2026-01-05
17147,408,5,223505,K86,2026-05-11
17148,3728,8,322230,A98,2026-02-24
17149,4101,2,225125,K86,2026-01-22
17150,2049,6,223208,D83,2026-05-13
17151,1423,6,223208,D83,2026-04-27
17152,4448,1,225125,T90,2026-03-13
17153,1061,3,225125,X86,2026-01-10
17154,1801,9,322230,A98,2026-02-23
17155,2125,2,225125,K86,2026-01-31
17156,1281,4,223505,X86,2026-06-14
17157,3683,5,223505,X86,2026-05-03
17158,4697,5,223505,A98,2026-01-26
17159,1190,4,223505,A98,2026-03-25
17160,2335,3,225125,K86,2026-03-21
17161,4736,2,225125,A98,2026-02-27
17162,1838,2,225125,A98,2026-05-18
17163,137,2,225125,W78,2026-02-11
17164,1947,2,225125,A98,2026-04-11
17165,4070,3,225125,W78,2026-02-17
17166,714,2,225125,A93,2026-04-19
17167,3133,6,223208,D83,2026-01-18
17168,1228,3,225125,W78,2026-02-13
17169,3541,1,225125,X86,2026-02-10
17170,1322,1,225125,A93,2026-06-13
17171,3034,9,322230,A98,2026-06-03
17172,4998,7,223208,D83,2026-03-10
17173,1531,3,225125,K86,2026-02-05
17174,1322,1,225125,K86,2026-01-12
17175,4770,2,225125,A98,2026-06-13
17176,2376,5,223505,A98,2026-02-08
17177,2976,9,322230,A98,2026-04-07
17178,1949,8,322230,A98,2026-06-05
17179,3611,2,225125,K86,2026-01-27
17180,1401,3,225125,A93,2026-05-15
17181,2113,7,223208,D83,2026-06-02
17182,3083,2,225125,K86,2026-02-25
17183,3418,6,223208,D83,2026-01-19
17184,3996,1,225125,X86,2026-05-10
17185,1148,5,223505,A98,2026-05-01
17186,2181,6,223208,D83,2026-04-07
17187,1048,4,223505,A98,2026-03-11
17188,4250,2,225125,K86,2026-04-22
17189,4529,2,225125,A98,2026-01-16
17190,1272,1,225125,K86,2026-01-04
17191,2907,1,225125,A98,2026-03-29
17192,3738,2,225125,K86,2026-04-23
17193,4035,3,225125,A98,2026-02-08
17194,970,7,223208,D83,2026-03-02
17195,2323,9,322230,A98,2026-03-28
17196,4957,8,322230,A98,2026-04-23
17197,715,3,225125,X86,2026-06-29
17198,3593,3,225125,W78,2026-01-04
17199,357,8,322230,A98,2026-06-10
17200,2790,3,225125,A93,2026-02-20
17201,3916,7,223208,D83,2026-03-16
17202,1337,2,225125,A93,2026-03-01
17203,2992,2,225125,K86,2026-05-11
17204,3814,2,225125,T90,2026-06-05
17205,2186,7,223208,D83,2026-06-27
17206,1038,8,322230,A98,2026-05-11
17207,1600,4,223505,K86,2026-01-10
17208,378,2,225125,W78,2026-02-09
17209,2077,2,225125,K86,2026-02-25
17210,3872,2,225125,K86,2026-05-16
17211,2892,1,225125,X86,2026-03-07
17212,3838,5,223505,A98,2026-04-26
17213,4700,4,223505,K86,2026-05-01
17214,3786,7,223208,D83,2026-06-28
17215,2252,7,223208,D83,2026-06-20
17216,1290,4,223505,T90,2026-03-08
17217,3170,7,223208,D83,2026-05-05
17218,2288,1,225125,A98,2026-05-19
17219,1673,4,223505,K86,2026-04-04
17220,4703,5,223505,A93,2026-03-09
17221,692,2,225125,T90,2026-02-27
17222,4847,5,223505,T90,2026-06-25
17223,439,8,322230,A98,2026-01-20
17224,1956,3,225125,W78,2026-01-18
17225,3143,8,322230,A98,2026-03-22
17226,3010,7,223208,D83,2026-05-24
17227,4076,9,322230,A98,2026-03-20
17228,4275,1,225125,K86,2026-01-27
17229,3072,9,322230,A98,2026-06-26
17230,2425,2,225125,A93,2026-01-05
17231,425,2,225125,A93,2026-05-04
17232,3820,2,225125,X86,2026-06-22
17233,602,2,225125,K86,2026-03-31
17234,4420,8,322230,A98,2026-06-02
17235,2939,5,223505,K86,2026-06-13
17236,646,2,225125,K86,2026-01-23
17237,288,6,223208,D83,2026-05-26
17238,2487,2,225125,X86,2026-04-24
17239,4030,9,322230,A98,2026-01-31
17240,4774,9,322230,A98,2026-01-16
17241,3753,7,223208,D83,2026-04-24
17242,3894,6,223208,D83,2026-03-08
17243,1604,4,223505,W78,2026-01-23
17244,218,7,223208,D83,2026-05-23
17245,3073,1,225125,A98,2026-01-15
17246,4979,6,223208,D83,2026-02-01
17247,1397,5,223505,K86,2026-06-13
17248,1493,1,225125,W78,2026-05-25
17249,1823,4,223505,A98,2026-04-30
17250,2136,9,322230,A98,2026-03-08
17251,3287,4,223505,K86,2026-05-23
17252,765,6,223208,D83,2026-01-04
17253,3963,2,225125,X86,2026-05-07
17254,308,4,223505,K86,2026-01-04
17255,12,4,223505,W78,2026-03-28
17256,4610,1,225125,K86,2026-05-13
17257,1519,6,223208,D83,2026-04-06
17258,219,1,225125,W78,2026-05-04
17259,4306,2,225125,A98,2026-03-31
17260,1987,5,223505,A98,2026-05-23
17261,2120,2,225125,A93,2026-03-08
17262,3723,4,223505,A98,2026-02-24
17263,127,6,223208,D83,2026-04-03
17264,2482,2,225125,K86,2026-06-08
17265,2472,5,223505,A93,2026-05-31
17266,3966,1,225125,K86,2026-04-07
17267,909,2,225125,T90,2026-03-20
17268,2203,9,322230,A98,2026-02-21
17269,225,8,322230,A98,2026-05-07
17270,4549,4,223505,A98,2026-02-03
17271,2326,1,225125,T90,2026-02-14
17272,407,2,225125,K86,2026-06-22
17273,1314,4,223505,A98,2026-01-09
17274,4831,6,223208,D83,2026-03-31
17275,1137,8,322230,A98,2026-01-20
17276,2011,2,225125,A98,2026-01-05
17277,891,5,223505,X86,2026-03-16
17278,4987,1,225125,A98,2026-02-02
17279,3250,7,223208,D83,2026-01-23
17280,1046,5,223505,X86,2026-06-23
17281,4326,8,322230,A98,2026-04-20
17282,2699,8,322230,A98,2026-02-06
17283,54,3,225125,A98,2026-06-25
17284,4137,2,225125,A98,2026-05-21
17285,3014,1,225125,A93,2026-05-01
17286,409,2,225125,W78,2026-06-11
17287,4607,7,223208,D83,2026-04-23
17288,3872,1,225125,A93,2026-01-15
17289,278,3,225125,K86,2026-02-20
17290,2807,6,223208,D83,2026-05-11
17291,976,4,223505,A93,2026-04-16
17292,1736,3,225125,A98,2026-02-27
17293,1510,4,223505,X86,2026-06-16
17294,2481,8,322230,A98,2026-04-24
17295,3979,1,225125,A98,2026-03-20
17296,1131,9,322230,A98,2026-03-30
17297,1079,9,322230,A98,2026-02-01
17298,2241,5,223505,K86,2026-02-06
17299,2937,1,225125,T90,2026-03-04
17300,1087,6,223208,D83,2026-06-25
17301,2914,4,223505,K86,2026-01-14
17302,4548,1,225125,W78,2026-03-14
17303,4798,4,223505,X86,2026-06-03
17304,3160,8,322230,A98,2026-01-26
17305,2023,9,322230,A98,2026-05-28
17306,3045,3,225125,A98,2026-04-21
17307,4755,2,225125,A93,2026-02-05
17308,1233,4,223505,K86,2026-03-03
17309,63,1,225125,K86,2026-02-05
17310,1334,1,225125,A93,2026-03-19
17311,3422,4,223505,A93,2026-01-24
17312,23,1,225125,A98,2026-02-07
17313,3762,6,223208,D83,2026-03-09
17314,3087,1,225125,W78,2026-06-16
17315,1592,8,322230,A98,2026-01-07
17316,3570,7,223208,D83,2026-05-14
17317,2401,1,225125,K86,2026-02-09
17318,62,7,223208,D83,2026-03-20
17319,1741,2,225125,T90,2026-06-07
17320,4464,7,223208,D83,2026-04-04
17321,2138,1,225125,A98,2026-02-27
17322,1093,4,223505,A93,2026-05-24
17323,415,4,223505,A98,2026-05-26
17324,83,2,225125,X86,2026-01-21
17325,1579,3,225125,T90,2026-03-07
17326,2479,2,225125,A93,2026-02-21
17327,266,2,225125,A93,2026-03-06
17328,1900,2,225125,A98,2026-03-10
17329,420,3,225125,A98,2026-01-01
17330,1976,5,223505,K86,2026-01-29
17331,1726,1,225125,X86,2026-02-21
17332,1319,8,322230,A98,2026-03-04
17333,2515,3,225125,A93,2026-04-15
17334,1234,8,322230,A98,2026-01-25
17335,2960,5,223505,A98,2026-06-12
17336,3868,3,225125,A98,2026-04-09
17337,2266,8,322230,A98,2026-03-01
17338,110,5,223505,A98,2026-05-18
17339,59,4,223505,W78,2026-05-13
17340,144,1,225125,X86,2026-02-19
17341,943,9,322230,A98,2026-01-13
17342,4809,3,225125,A98,2026-01-01
17343,4653,3,225125,W78,2026-02-17
17344,3707,9,322230,A98,2026-04-06
17345,3742,3,225125,W78,2026-04-03
17346,4790,7,223208,D83,2026-02-18
17347,289,8,322230,A98,2026-06-25
17348,3260,9,322230,A98,2026-02-22
17349,1511,4,223505,A98,2026-05-01
17350,4460,5,223505,A98,2026-03-16
17351,3129,9,322230,A98,2026-03-13
17352,2562,4,223505,A98,2026-06-27
17353,3302,1,225125,A98,2026-06-19
17354,2666,2,225125,A93,2026-04-14
17355,1885,6,223208,D83,2026-05-12
17356,4062,2,225125,A93,2026-03-11
17357,4412,1,225125,A98,2026-05-30
17358,3468,9,322230,A98,2026-05-10
17359,1834,2,225125,T90,2026-06-09
17360,1519,5,223505,A98,2026-06-14
17361,4177,4,223505,K86,2026-05-24
17362,1600,7,223208,D83,2026-06-07
17363,503,3,225125,A98,2026-01-19
17364,1144,1,225125,A93,2026-04-04
17365,1919,8,322230,A98,2026-03-21
17366,2426,2,225125,A93,2026-05-12
17367,4105,3,225125,X86,2026-01-23
17368,1186,7,223208,D83,2026-01-08
17369,3865,5,223505,K86,2026-05-25
17370,3190,6,223208,D83,2026-06-19
17371,4468,2,225125,W78,2026-03-25
17372,2726,5,223505,A98,2026-05-31
17373,4113,1,225125,A98,2026-03-27
17374,2565,7,223208,D83,2026-01-19
17375,3865,1,225125,A98,2026-03-30
17376,550,7,223208,D83,2026-06-17
17377,4591,2,225125,A98,2026-01-05
17378,1404,8,322230,A98,2026-03-10
17379,4274,5,223505,W78,2026-02-14
17380,4887,8,322230,A98,2026-03-13
17381,4619,2,225125,A98,2026-06-04
17382,3285,4,223505,X86,2026-06-25
17383,3782,2,225125,A98,2026-04-01
17384,4860,1,225125,A93,2026-03-10
17385,3107,9,322230,A98,2026-04-12
17386,1242,2,225125,A98,2026-01-24
17387,1470,2,225125,K86,2026-05-11
17388,3019,1,225125,A98,2026-01-15
17389,2954,6,223208,D83,2026-06-22
17390,1238,5,223505,K86,2026-04-30
17391,3836,5,223505,A98,2026-02-17
17392,4852,2,225125,A98,2026-03-20
17393,1755,8,322230,A98,2026-04-10
17394,3227,5,223505,X86,2026-05-10
17395,2333,9,322230,A98,2026-03-23
17396,4699,2,225125,K86,2026-04-23
17397,2219,1,225125,K86,2026-01-20
17398,1055,2,225125,K86,2026-04-19
17399,1106,1,225125,W78,2026-02-10
17400,2371,2,225125,K86,2026-05-03
17401,1673,3,225125,K86,2026-03-26
17402,4841,4,223505,K86,2026-04-26
17403,2177,6,223208,D83,2026-06-06
17404,4271,9,322230,A98,2026-03-13
17405,3533,1,225125,X86,2026-05-24
17406,4818,1,225125,T90,2026-02-24
17407,1680,1,225125,A98,2026-04-21
17408,1849,6,223208,D83,2026-02-01
17409,130,9,322230,A98,2026-02-22
17410,576,8,322230,A98,2026-02-28
17411,4319,1,225125,T90,2026-06-14
17412,3967,1,225125,X86,2026-01-22
17413,2100,5,223505,K86,2026-05-05
17414,3069,7,223208,D83,2026-03-17
17415,4482,1,225125,K86,2026-04-18
17416,1926,3,225125,A93,2026-06-20
17417,3950,2,225125,W78,2026-01-09
17418,4552,2,225125,X86,2026-05-09
17419,2088,3,225125,T90,2026-04-14
17420,1405,7,223208,D83,2026-01-17
17421,828,8,322230,A98,2026-01-12
17422,349,2,225125,W78,2026-03-17
17423,4922,3,225125,A98,2026-05-29
17424,174,5,223505,K86,2026-06-18
17425,253,9,322230,A98,2026-03-06
17426,4925,9,322230,A98,2026-05-29
17427,4674,4,223505,K86,2026-06-18
17428,1771,1,225125,A93,2026-03-07
17429,2163,6,223208,D83,2026-03-05
17430,4195,3,225125,A98,2026-01-10
17431,1007,2,225125,K86,2026-05-26
17432,2208,2,225125,W78,2026-06-28
17433,4577,4,223505,A98,2026-04-18
17434,710,2,225125,K86,2026-03-28
17435,3755,1,225125,A98,2026-03-31
17436,2450,1,225125,A98,2026-04-24
17437,1779,8,322230,A98,2026-03-21
17438,3688,1,225125,K86,2026-06-08
17439,1217,1,225125,X86,2026-03-26
17440,340,2,225125,X86,2026-02-26
17441,4216,1,225125,X86,2026-06-14
17442,489,9,322230,A98,2026-06-27
17443,4894,6,223208,D83,2026-05-24
17444,780,4,223505,A98,2026-02-03
17445,2894,8,322230,A98,2026-05-11
17446,1915,5,223505,A98,2026-04-13
17447,1277,8,322230,A98,2026-05-25
17448,633,9,322230,A98,2026-01-06
17449,1463,2,225125,A98,2026-01-21
17450,2038,9,322230,A98,2026-03-19
17451,4413,7,223208,D83,2026-02-12
17452,880,1,225125,A98,2026-06-26
17453,2316,3,225125,X86,2026-06-01
17454,4080,5,223505,T90,2026-06-24
17455,41,1,225125,T90,2026-03-24
17456,1161,9,322230,A98,2026-03-02
17457,1955,1,225125,X86,2026-05-19
17458,3460,4,223505,A98,2026-05-02
17459,2324,9,322230,A98,2026-05-06
17460,2783,3,225125,X86,2026-05-29
17461,3974,3,225125,T90,2026-01-14
17462,946,1,225125,A98,2026-05-19
17463,2089,8,322230,A98,2026-04-21
17464,873,7,223208,D83,2026-05-05
17465,3265,1,225125,W78,2026-03-25
17466,546,6,223208,D83,2026-01-17
17467,467,7,223208,D83,2026-01-08
17468,1279,9,322230,A98,2026-06-16
17469,4297,5,223505,A93,2026-06-02
17470,2888,8,322230,A98,2026-04-04
17471,3832,1,225125,A98,2026-06-18
17472,1414,8,322230,A98,2026-04-24
17473,764,1,225125,A98,2026-04-30
17474,3133,9,322230,A98,2026-04-29
17475,2181,9,322230,A98,2026-06-28
17476,1683,7,223208,D83,2026-03-06
17477,1777,2,225125,A98,2026-02-10
17478,3916,1,225125,X86,2026-06-11
17479,2057,9,322230,A98,2026-01-16
17480,2899,1,225125,K86,2026-02-23
17481,1072,9,322230,A98,2026-01-31
17482,4053,6,223208,D83,2026-05-16
17483,738,6,223208,D83,2026-06-25
17484,4291,8,322230,A98,2026-01-13
17485,4567,7,223208,D83,2026-02-10
17486,1822,4,223505,T90,2026-04-09
17487,1122,4,223505,A93,2026-02-20
17488,1398,7,223208,D83,2026-04-27
17489,938,6,223208,D83,2026-02-07
17490,286,1,225125,T90,2026-02-21
17491,3175,2,225125,X86,2026-04-09
17492,2880,4,223505,K86,2026-02-02
17493,17,4,223505,A98,2026-02-10
17494,176,2,225125,K86,2026-03-16
17495,2779,7,223208,D83,2026-03-11
17496,1179,1,225125,K86,2026-04-05
17497,4125,9,322230,A98,2026-03-01
17498,1433,3,225125,A98,2026-04-05
17499,1475,1,225125,T90,2026-05-08
17500,3911,5,223505,K86,2026-02-26
17501,1623,1,225125,A98,2026-03-31
17502,4074,5,223505,W78,2026-06-01
17503,1542,1,225125,K86,2026-06-23
17504,4152,3,225125,K86,2026-02-26
17505,4597,3,225125,W78,2026-04-05
17506,2698,2,225125,X86,2026-05-13
17507,1184,9,322230,A98,2026-04-25
17508,2805,1,225125,X86,2026-04-25
17509,4114,2,225125,A98,2026-02-07
17510,3045,2,225125,K86,2026-04-07
17511,3438,7,223208,D83,2026-01-05
17512,1596,1,225125,A98,2026-01-27
17513,897,2,225125,T90,2026-03-26
17514,2831,7,223208,D83,2026-04-12
17515,666,2,225125,W78,2026-06-11
17516,285,7,223208,D83,2026-03-10
17517,4489,3,225125,A98,2026-04-23
17518,4956,2,225125,A93,2026-01-12
17519,2423,1,225125,K86,2026-04-07
17520,2915,3,225125,T90,2026-01-31
17521,941,9,322230,A98,2026-03-23
17522,1841,2,225125,W78,2026-03-05
17523,4597,5,223505,A98,2026-05-27
17524,1917,3,225125,T90,2026-03-18
17525,4149,5,223505,K86,2026-06-12
17526,3962,3,225125,T90,2026-05-08
17527,3250,4,223505,A98,2026-06-22
17528,3269,1,225125,T90,2026-03-02
17529,3766,1,225125,T90,2026-06-04
17530,1676,4,223505,K86,2026-04-14
17531,2840,2,225125,A93,2026-06-28
17532,3219,1,225125,A98,2026-02-26
17533,3770,2,225125,X86,2026-04-18
17534,2662,4,223505,K86,2026-01-11
17535,360,3,225125,A98,2026-01-20
17536,3439,1,225125,A98,2026-04-22
17537,1925,1,225125,K86,2026-05-12
17538,2293,2,225125,K86,2026-05-08
17539,4367,7,223208,D83,2026-02-28
17540,66,9,322230,A98,2026-04-16
17541,1563,2,225125,A93,2026-02-11
17542,1015,4,223505,W78,2026-05-10
17543,1030,2,225125,A98,2026-01-09
17544,1826,1,225125,T90,2026-01-29
17545,2517,2,225125,A93,2026-03-26
17546,1399,1,225125,A93,2026-02-03
17547,535,5,223505,A98,2026-03-22
17548,3858,8,322230,A98,2026-01-06
17549,2224,2,225125,A98,2026-02-20
17550,1753,9,322230,A98,2026-06-29
17551,1680,7,223208,D83,2026-02-02
17552,563,6,223208,D83,2026-04-14
17553,2084,1,225125,W78,2026-03-10
17554,2781,3,225125,T90,2026-05-22
17555,2927,7,223208,D83,2026-05-08
17556,1889,1,225125,K86,2026-03-20
17557,155,6,223208,D83,2026-05-15
17558,676,3,225125,A98,2026-05-02
17559,3210,6,223208,D83,2026-04-06
17560,534,8,322230,A98,2026-04-28
17561,484,3,225125,W78,2026-04-06
17562,495,5,223505,K86,2026-01-13
17563,2079,2,225125,A98,2026-06-18
17564,522,1,225125,A98,2026-05-09
17565,3652,4,223505,A93,2026-02-05
17566,61,6,223208,D83,2026-03-19
17567,819,6,223208,D83,2026-03-11
17568,2147,2,225125,A98,2026-02-08
17569,4801,2,225125,W78,2026-06-07
17570,3889,1,225125,A98,2026-05-12
17571,277,5,223505,K86,2026-02-20
17572,167,2,225125,A98,2026-01-28
17573,1839,1,225125,A98,2026-04-13
17574,2215,2,225125,K86,2026-04-01
17575,1913,2,225125,K86,2026-03-19
17576,837,7,223208,D83,2026-02-25
17577,2546,7,223208,D83,2026-06-09
17578,170,3,225125,X86,2026-03-01
17579,3398,2,225125,W78,2026-04-11
17580,2965,3,225125,A98,2026-03-24
17581,3577,4,223505,X86,2026-03-07
17582,1953,6,223208,D83,2026-05-29
17583,1221,5,223505,A98,2026-04-27
17584,4530,5,223505,W78,2026-05-15
17585,3789,1,225125,A98,2026-05-06
17586,2750,3,225125,A93,2026-05-18
17587,4284,5,223505,A93,2026-06-16
17588,3194,9,322230,A98,2026-04-20
17589,2466,3,225125,K86,2026-04-19
17590,883,2,225125,W78,2026-04-08
17591,180,9,322230,A98,2026-03-08
17592,1629,3,225125,A98,2026-05-27
17593,1157,8,322230,A98,2026-05-07
17594,1398,9,322230,A98,2026-05-10
17595,379,2,225125,W78,2026-04-09
17596,4393,1,225125,K86,2026-01-31
17597,442,2,225125,T90,2026-05-10
17598,3883,7,223208,D83,2026-06-08
17599,4808,8,322230,A98,2026-03-08
17600,4121,7,223208,D83,2026-01-17
17601,3768,9,322230,A98,2026-06-16
17602,187,7,223208,D83,2026-05-14
17603,4897,9,322230,A98,2026-01-12
17604,2838,3,225125,X86,2026-06-28
17605,843,2,225125,A98,2026-03-18
17606,4949,1,225125,K86,2026-04-16
17607,1560,7,223208,D83,2026-06-01
17608,4295,5,223505,A93,2026-05-14
17609,4367,2,225125,A98,2026-04-04
17610,2980,3,225125,A98,2026-03-27
17611,2937,2,225125,W78,2026-03-15
17612,777,1,225125,A98,2026-04-16
17613,2313,1,225125,K86,2026-03-11
17614,2100,1,225125,T90,2026-04-04
17615,4369,4,223505,A98,2026-03-14
17616,248,6,223208,D83,2026-03-11
17617,3233,8,322230,A98,2026-06-26
17618,4014,5,223505,A93,2026-06-23
17619,3135,2,225125,X86,2026-03-18
17620,3285,5,223505,A93,2026-03-07
17621,1670,7,223208,D83,2026-06-14
17622,4074,4,223505,A98,2026-06-22
17623,3390,9,322230,A98,2026-05-06
17624,2839,6,223208,D83,2026-06-16
17625,3161,2,225125,A98,2026-06-06
17626,1302,3,225125,K86,2026-02-21
17627,244,3,225125,W78,2026-01-21
17628,2145,4,223505,W78,2026-01-05
17629,3238,4,223505,A98,2026-05-23
17630,2687,1,225125,T90,2026-05-02
17631,365,1,225125,W78,2026-06-11
17632,784,6,223208,D83,2026-01-03
17633,528,1,225125,T90,2026-03-31
17634,486,2,225125,T90,2026-04-17
17635,4487,1,225125,A98,2026-01-28
17636,1132,2,225125,A98,2026-03-29
17637,3097,3,225125,A93,2026-04-26
17638,4680,4,223505,T90,2026-01-09
17639,3963,6,223208,D83,2026-03-08
17640,3809,3,225125,A98,2026-06-28
17641,4872,2,225125,W78,2026-05-29
17642,4180,5,223505,A98,2026-01-26
17643,394,5,223505,T90,2026-05-16
17644,785,7,223208,D83,2026-05-16
17645,4567,9,322230,A98,2026-01-31
17646,4249,6,223208,D83,2026-04-23
17647,1277,2,225125,A98,2026-04-10
17648,1909,8,322230,A98,2026-01-20
17649,2183,2,225125,W78,2026-06-06
17650,4475,2,225125,X86,2026-03-11
17651,1631,5,223505,A98,2026-02-21
17652,1218,4,223505,W78,2026-05-23
17653,3580,8,322230,A98,2026-03-30
17654,4784,3,225125,A98,2026-05-22
17655,3584,5,223505,W78,2026-02-16
17656,699,2,225125,K86,2026-03-28
17657,1469,8,322230,A98,2026-06-02
17658,1068,2,225125,K86,2026-05-24
17659,4959,9,322230,A98,2026-06-18
17660,2938,2,225125,A98,2026-02-08
17661,4534,9,322230,A98,2026-02-20
17662,80,5,223505,A98,2026-01-02
17663,2318,2,225125,X86,2026-05-29
17664,1019,2,225125,W78,2026-02-09
17665,4281,1,225125,X86,2026-06-13
17666,1062,3,225125,A93,2026-01-26
17667,2211,2,225125,A98,2026-02-25
17668,3703,2,225125,W78,2026-03-31
17669,1172,2,225125,X86,2026-06-22
17670,4012,1,225125,A93,2026-03-04
17671,3318,8,322230,A98,2026-03-11
17672,890,5,223505,A98,2026-03-13
17673,1828,3,225125,A98,2026-03-23
17674,2575,1,225125,A98,2026-06-13
17675,1143,3,225125,A98,2026-03-06
17676,2697,8,322230,A98,2026-04-01
17677,4085,2,225125,A98,2026-05-03
17678,4796,3,225125,A98,2026-01-02
17679,1362,8,322230,A98,2026-03-30
17680,4529,1,225125,T90,2026-04-24
17681,3160,8,322230,A98,2026-03-15
17682,4661,2,225125,K86,2026-01-27
17683,3149,2,225125,K86,2026-06-22
17684,4218,1,225125,A98,2026-04-27
17685,170,2,225125,T90,2026-04-03
17686,2845,7,223208,D83,2026-04-15
17687,1807,1,225125,A98,2026-05-27
17688,3028,9,322230,A98,2026-02-13
17689,3956,2,225125,K86,2026-01-23
17690,1398,4,223505,K86,2026-06-14
17691,857,6,223208,D83,2026-05-09
17692,1702,2,225125,K86,2026-04-04
17693,1204,7,223208,D83,2026-02-05
17694,2396,8,322230,A98,2026-03-11
17695,1064,9,322230,A98,2026-06-23
17696,1481,3,225125,K86,2026-06-06
17697,714,6,223208,D83,2026-05-29
17698,897,7,223208,D83,2026-01-06
17699,2878,4,223505,T90,2026-06-04
17700,1826,8,322230,A98,2026-02-28
17701,775,1,225125,A98,2026-03-23
17702,3540,5,223505,A98,2026-05-30
17703,2816,9,322230,A98,2026-01-31
17704,4892,8,322230,A98,2026-02-13
17705,2707,9,322230,A98,2026-01-18
17706,3122,7,223208,D83,2026-02-07
17707,922,1,225125,A98,2026-01-19
17708,4633,6,223208,D83,2026-05-14
17709,3858,7,223208,D83,2026-03-14
17710,3347,5,223505,K86,2026-04-08
17711,2215,2,225125,A98,2026-05-23
17712,281,5,223505,K86,2026-06-23
17713,3176,2,225125,T90,2026-05-18
17714,336,5,223505,W78,2026-01-24
17715,1211,6,223208,D83,2026-03-15
17716,1748,7,223208,D83,2026-05-05
17717,4113,1,225125,W78,2026-01-08
17718,2612,4,223505,K86,2026-03-19
17719,201,7,223208,D83,2026-06-27
17720,4113,9,322230,A98,2026-02-25
17721,1920,8,322230,A98,2026-02-02
17722,634,2,225125,W78,2026-03-24
17723,2700,5,223505,W78,2026-04-23
17724,3922,8,322230,A98,2026-02-27
17725,41,1,225125,A98,2026-03-25
17726,3536,1,225125,A98,2026-05-12
17727,3076,4,223505,X86,2026-02-10
17728,1538,9,322230,A98,2026-06-04
17729,3255,8,322230,A98,2026-01-26
17730,4839,7,223208,D83,2026-05-07
17731,758,6,223208,D83,2026-02-05
17732,4537,4,223505,A93,2026-02-23
17733,1052,1,225125,K86,2026-04-28
17734,3428,7,223208,D83,2026-04-10
17735,3794,9,322230,A98,2026-04-07
17736,3523,9,322230,A98,2026-05-05
17737,3943,1,225125,X86,2026-03-12
17738,2430,6,223208,D83,2026-06-20
17739,149,6,223208,D83,2026-02-04
17740,1658,1,225125,A98,2026-03-22
17741,3007,9,322230,A98,2026-02-17
17742,3618,5,223505,K86,2026-02-12
17743,1765,4,223505,K86,2026-06-25
17744,4961,8,322230,A98,2026-05-19
17745,2648,3,225125,K86,2026-06-16
17746,3218,3,225125,W78,2026-05-17
17747,1927,7,223208,D83,2026-06-11
17748,2081,9,322230,A98,2026-06-01
17749,937,2,225125,A98,2026-04-04
17750,4993,7,223208,D83,2026-02-19
17751,4037,8,322230,A98,2026-02-04
17752,1036,6,223208,D83,2026-06-02
17753,4514,3,225125,A98,2026-05-23
17754,1351,8,322230,A98,2026-01-12
17755,3539,3,225125,A93,2026-02-26
17756,1299,2,225125,T90,2026-03-06
17757,1369,1,225125,A98,2026-01-18
17758,4960,3,225125,A98,2026-03-27
17759,2859,7,223208,D83,2026-04-27
17760,3141,4,223505,K86,2026-05-22
17761,519,9,322230,A98,2026-04-18
17762,2940,1,225125,K86,2026-06-24
17763,1926,2,225125,K86,2026-06-24
17764,3685,8,322230,A98,2026-04-25
17765,2778,4,223505,X86,2026-05-28
17766,920,4,223505,A98,2026-03-23
17767,946,2,225125,T90,2026-05-16
17768,4124,1,225125,A98,2026-03-31
17769,1240,5,223505,K86,2026-01-11
17770,1680,1,225125,A98,2026-05-16
17771,1271,1,225125,W78,2026-05-10
17772,3722,2,225125,A98,2026-05-30
17773,3134,7,223208,D83,2026-04-20
17774,3985,5,223505,K86,2026-04-18
17775,1817,9,322230,A98,2026-05-23
17776,4546,7,223208,D83,2026-05-26
17777,873,2,225125,X86,2026-04-09
17778,4145,2,225125,W78,2026-02-28
17779,502,9,322230,A98,2026-02-19
17780,468,8,322230,A98,2026-05-09
17781,2340,7,223208,D83,2026-01-30
17782,4156,2,225125,K86,2026-03-21
17783,4165,1,225125,A98,2026-02-04
17784,1893,6,223208,D83,2026-06-27
17785,214,1,225125,K86,2026-05-25
17786,3108,9,322230,A98,2026-05-29
17787,2899,8,322230,A98,2026-01-24
17788,2450,1,225125,X86,2026-03-18
17789,4159,7,223208,D83,2026-04-23
17790,4729,2,225125,T90,2026-05-07
17791,2261,1,225125,A98,2026-05-06
17792,2313,1,225125,T90,2026-01-05
17793,1502,2,225125,A93,2026-03-02
17794,2290,1,225125,A98,2026-04-22
17795,3689,8,322230,A98,2026-03-06
17796,4045,5,223505,A93,2026-04-17
17797,787,2,225125,X86,2026-05-05
17798,488,5,223505,T90,2026-06-15
17799,4528,8,322230,A98,2026-06-01
17800,1619,9,322230,A98,2026-03-19
17801,1468,1,225125,K86,2026-03-27
17802,835,9,322230,A98,2026-05-28
17803,3038,9,322230,A98,2026-05-28
17804,4377,6,223208,D83,2026-01-12
17805,1166,1,225125,W78,2026-04-04
17806,877,2,225125,A93,2026-01-16
17807,1198,3,225125,A98,2026-03-06
17808,4261,1,225125,A98,2026-06-29
17809,2150,8,322230,A98,2026-01-07
17810,4614,8,322230,A98,2026-01-18
17811,2013,3,225125,A98,2026-03-19
17812,1481,9,322230,A98,2026-01-23
17813,4329,6,223208,D83,2026-05-14
17814,4345,7,223208,D83,2026-02-10
17815,1318,9,322230,A98,2026-05-13
17816,4561,5,223505,W78,2026-05-20
17817,3039,4,223505,W78,2026-01-15
17818,3297,3,225125,X86,2026-01-29
17819,4533,2,225125,A98,2026-06-10
17820,117,9,322230,A98,2026-01-23
17821,4676,4,223505,K86,2026-03-08
17822,4738,7,223208,D83,2026-04-18
17823,4517,5,223505,A93,2026-02-11
17824,4284,1,225125,A98,2026-03-08
17825,2797,3,225125,T90,2026-03-21
17826,4170,1,225125,K86,2026-04-24
17827,4560,3,225125,A98,2026-03-29
17828,1683,1,225125,K86,2026-05-19
17829,3399,1,225125,K86,2026-05-01
17830,3013,4,223505,K86,2026-03-30
17831,3483,3,225125,A98,2026-02-15
17832,2385,5,223505,W78,2026-06-28
17833,435,6,223208,D83,2026-04-30
17834,1748,3,225125,A98,2026-03-20
17835,1502,1,225125,K86,2026-02-28
17836,3214,6,223208,D83,2026-06-22
17837,168,8,322230,A98,2026-04-04
17838,2256,9,322230,A98,2026-05-13
17839,3009,9,322230,A98,2026-02-12
17840,2087,7,223208,D83,2026-06-14
17841,1709,5,223505,A98,2026-03-21
17842,2147,9,322230,A98,2026-06-08
17843,4422,5,223505,K86,2026-03-16
17844,4154,6,223208,D83,2026-02-22
17845,1054,1,225125,K86,2026-06-13
17846,1404,6,223208,D83,2026-05-16
17847,1738,3,225125,A98,2026-02-24
17848,4159,8,322230,A98,2026-05-30
17849,1138,4,223505,A98,2026-03-22
17850,942,2,225125,X86,2026-03-06
17851,3080,8,322230,A98,2026-03-21
17852,4699,4,223505,K86,2026-05-16
17853,155,3,225125,W78,2026-02-01
17854,990,4,223505,A98,2026-06-02
17855,4368,7,223208,D83,2026-04-20
17856,2530,7,223208,D83,2026-04-10
17857,3085,2,225125,A93,2026-05-27
17858,371,9,322230,A98,2026-03-25
17859,4989,8,322230,A98,2026-04-09
17860,2597,8,322230,A98,2026-05-16
17861,4841,7,223208,D83,2026-06-10
17862,3459,4,223505,A98,2026-06-15
17863,4452,4,223505,A98,2026-06-24
17864,2883,9,322230,A98,2026-05-17
17865,3342,2,225125,X86,2026-03-07
17866,3148,9,322230,A98,2026-04-14
17867,2042,7,223208,D83,2026-02-21
17868,675,8,322230,A98,2026-02-20
17869,366,2,225125,W78,2026-05-02
17870,1614,4,223505,A98,2026-02-12
17871,286,6,223208,D83,2026-03-10
17872,3855,2,225125,X86,2026-06-13
17873,815,2,225125,K86,2026-04-16
17874,1278,3,225125,W78,2026-01-27
17875,2903,2,225125,T90,2026-04-28
17876,1033,7,223208,D83,2026-04-16
17877,4838,7,223208,D83,2026-05-15
17878,78,7,223208,D83,2026-04-09
17879,509,5,223505,W78,2026-01-30
17880,1679,2,225125,X86,2026-03-09
17881,1255,2,225125,A98,2026-05-02
17882,3285,3,225125,A98,2026-05-23
17883,3889,1,225125,W78,2026-03-01
17884,3843,9,322230,A98,2026-06-14
17885,29,1,225125,A98,2026-06-07
17886,2147,1,225125,A98,2026-05-31
17887,4679,5,223505,W78,2026-06-07
17888,1320,3,225125,W78,2026-01-20
17889,3904,8,322230,A98,2026-02-14
17890,2973,2,225125,W78,2026-04-15
17891,1462,8,322230,A98,2026-04-14
17892,980,2,225125,A93,2026-02-28
17893,3218,1,225125,A98,2026-04-24
17894,3893,8,322230,A98,2026-03-24
17895,2566,8,322230,A98,2026-05-13
17896,2958,5,223505,W78,2026-01-30
17897,1437,3,225125,X86,2026-05-04
17898,3434,2,225125,A98,2026-04-26
17899,2996,8,322230,A98,2026-02-27
17900,5,7,223208,D83,2026-06-22
17901,1469,3,225125,A98,2026-03-22
17902,4999,1,225125,X86,2026-01-01
17903,1267,1,225125,T90,2026-04-11
17904,3549,6,223208,D83,2026-04-23
17905,300,8,322230,A98,2026-03-31
17906,2158,8,322230,A98,2026-02-28
17907,1303,5,223505,T90,2026-05-24
17908,1143,2,225125,A98,2026-03-08
17909,543,6,223208,D83,2026-04-27
17910,2445,6,223208,D83,2026-02-01
17911,615,8,322230,A98,2026-01-05
17912,1701,2,225125,A98,2026-01-11
17913,533,5,223505,K86,2026-03-18
17914,1054,4,223505,A98,2026-02-09
17915,4694,7,223208,D83,2026-04-05
17916,2301,6,223208,D83,2026-05-21
17917,2134,2,225125,K86,2026-05-27
17918,2017,4,223505,A98,2026-06-02
17919,4795,8,322230,A98,2026-01-22
17920,3296,6,223208,D83,2026-03-18
17921,4555,1,225125,A98,2026-03-03
17922,4040,4,223505,W78,2026-02-26
17923,4929,2,225125,A98,2026-03-01
17924,390,2,225125,A98,2026-05-22
17925,1055,1,225125,T90,2026-02-26
17926,3159,2,225125,X86,2026-01-05
17927,3360,9,322230,A98,2026-04-12
17928,1540,2,225125,T90,2026-02-26
17929,1356,4,223505,K86,2026-06-16
17930,1320,7,223208,D83,2026-05-12
17931,1927,7,223208,D83,2026-03-12
17932,2611,3,225125,K86,2026-02-04
17933,1034,1,225125,W78,2026-03-25
17934,4199,2,225125,A98,2026-06-12
17935,2007,7,223208,D83,2026-05-06
17936,997,2,225125,T90,2026-05-05
17937,3016,2,225125,K86,2026-02-17
17938,75,6,223208,D83,2026-02-28
17939,3988,2,225125,T90,2026-02-17
17940,4372,1,225125,A98,2026-02-05
17941,475,3,225125,W78,2026-05-24
17942,2518,5,223505,A98,2026-05-12
17943,2862,1,225125,A98,2026-01-18
17944,276,5,223505,A98,2026-04-07
17945,3373,2,225125,K86,2026-04-25
17946,917,6,223208,D83,2026-05-16
17947,4594,4,223505,K86,2026-06-26
17948,1742,4,223505,A98,2026-01-22
17949,1359,2,225125,A98,2026-01-07
17950,3971,3,225125,A98,2026-01-31
17951,1659,1,225125,A98,2026-06-24
17952,4715,9,322230,A98,2026-01-20
17953,2788,8,322230,A98,2026-05-12
17954,317,1,225125,K86,2026-04-03
17955,4832,5,223505,W78,2026-02-10
17956,3751,1,225125,X86,2026-04-10
17957,4232,2,225125,A98,2026-03-05
17958,1938,1,225125,A98,2026-02-17
17959,3176,1,225125,T90,2026-06-05
17960,4051,1,225125,W78,2026-05-10
17961,3379,1,225125,A98,2026-06-27
17962,2695,9,322230,A98,2026-03-15
17963,2126,2,225125,A98,2026-05-04
17964,4936,2,225125,K86,2026-04-14
17965,2583,3,225125,A98,2026-05-11
17966,473,1,225125,W78,2026-01-06
17967,4431,8,322230,A98,2026-01-20
17968,2013,7,223208,D83,2026-04-02
17969,4312,7,223208,D83,2026-01-22
17970,1546,8,322230,A98,2026-06-07
17971,1967,3,225125,T90,2026-04-15
17972,1367,9,322230,A98,2026-04-24
17973,4958,3,225125,A98,2026-01-27
17974,4347,8,322230,A98,2026-01-15
17975,4085,9,322230,A98,2026-02-23
17976,835,1,225125,A98,2026-05-24
17977,1263,2,225125,W78,2026-04-19
17978,2785,3,225125,A98,2026-05-13
17979,1810,5,223505,A98,2026-05-30
17980,4493,8,322230,A98,2026-06-13
17981,2767,1,225125,A98,2026-02-12
17982,1400,2,225125,K86,2026-03-30
17983,1656,9,322230,A98,2026-01-13
17984,873,8,322230,A98,2026-06-29
17985,1385,4,223505,X86,2026-04-24
17986,2842,1,225125,A98,2026-02-05
17987,2288,2,225125,A93,2026-01-09
17988,3350,5,223505,T90,2026-06-26
17989,2761,3,225125,W78,2026-02-15
17990,1249,9,322230,A98,2026-04-22
17991,147,2,225125,A98,2026-03-23
17992,4014,3,225125,X86,2026-03-06
17993,3230,2,225125,W78,2026-05-17
17994,814,4,223505,K86,2026-01-20
17995,2333,1,225125,K86,2026-06-11
17996,590,2,225125,W78,2026-03-13
17997,192,5,223505,A98,2026-04-26
17998,1407,3,225125,A98,2026-04-13
17999,293,6,223208,D83,2026-02-09
18000,1676,9,322230,A98,2026-03-21
18001,265,5,223505,K86,2026-03-19
18002,568,6,223208,D83,2026-01-09
18003,3828,1,225125,T90,2026-01-04
18004,4442,1,225125,A98,2026-03-18
18005,2131,7,223208,D83,2026-03-31
18006,4109,1,225125,A93,2026-02-21
18007,2351,8,322230,A98,2026-03-10
18008,2573,2,225125,K86,2026-03-03
18009,4924,1,225125,A93,2026-04-08
18010,4095,9,322230,A98,2026-06-11
18011,127,5,223505,A98,2026-02-08
18012,1476,1,225125,K86,2026-03-26
18013,4995,4,223505,A98,2026-02-08
18014,2786,5,223505,K86,2026-04-17
18015,4693,9,322230,A98,2026-04-27
18016,2371,8,322230,A98,2026-05-11
18017,1556,1,225125,K86,2026-06-15
18018,597,2,225125,T90,2026-02-03
18019,420,3,225125,A98,2026-01-31
18020,1741,4,223505,A93,2026-02-09
18021,2917,7,223208,D83,2026-01-03
18022,3313,2,225125,A98,2026-06-13
18023,1744,8,322230,A98,2026-05-06
18024,3489,1,225125,T90,2026-02-16
18025,164,8,322230,A98,2026-02-25
18026,28,2,225125,T90,2026-06-16
18027,1049,7,223208,D83,2026-04-27
18028,4650,3,225125,X86,2026-01-28
18029,794,9,322230,A98,2026-03-15
18030,968,3,225125,T90,2026-05-13
18031,2427,6,223208,D83,2026-01-05
18032,4578,5,223505,A93,2026-01-09
18033,4922,6,223208,D83,2026-06-04
18034,183,1,225125,K86,2026-02-25
18035,2593,1,225125,T90,2026-06-02
18036,2432,2,225125,A93,2026-01-02
18037,115,3,225125,T90,2026-04-12
18038,3316,2,225125,K86,2026-03-31
18039,4706,8,322230,A98,2026-04-12
18040,1243,4,223505,A98,2026-02-12
18041,2705,2,225125,A98,2026-05-26
18042,2905,6,223208,D83,2026-06-20
18043,4261,2,225125,K86,2026-01-19
18044,4355,7,223208,D83,2026-05-07
18045,459,8,322230,A98,2026-01-04
18046,2006,1,225125,K86,2026-05-26
18047,4729,3,225125,K86,2026-05-20
18048,281,6,223208,D83,2026-02-21
18049,1442,1,225125,A93,2026-04-09
18050,4501,5,223505,A98,2026-06-18
18051,4188,2,225125,W78,2026-04-28
18052,2845,1,225125,T90,2026-05-02
18053,2495,1,225125,W78,2026-05-23
18054,451,2,225125,A98,2026-02-23
18055,3094,5,223505,X86,2026-03-15
18056,2459,7,223208,D83,2026-04-18
18057,3744,4,223505,A98,2026-01-30
18058,1491,9,322230,A98,2026-01-29
18059,805,3,225125,X86,2026-04-13
18060,2340,2,225125,A93,2026-02-20
18061,3903,8,322230,A98,2026-06-13
18062,3076,2,225125,K86,2026-04-18
18063,4870,4,223505,A98,2026-01-21
18064,1052,7,223208,D83,2026-02-27
18065,3256,8,322230,A98,2026-01-08
18066,1410,6,223208,D83,2026-04-16
18067,1369,8,322230,A98,2026-01-30
18068,4580,3,225125,X86,2026-01-20
18069,1557,2,225125,A98,2026-04-09
18070,4176,2,225125,A98,2026-02-14
18071,3711,7,223208,D83,2026-02-06
18072,3946,9,322230,A98,2026-02-07
18073,2581,8,322230,A98,2026-03-11
18074,4573,1,225125,A98,2026-03-31
18075,1302,3,225125,A93,2026-04-17
18076,4206,3,225125,X86,2026-04-13
18077,2424,1,225125,W78,2026-06-28
18078,1413,9,322230,A98,2026-04-11
18079,1715,7,223208,D83,2026-02-08
18080,774,6,223208,D83,2026-02-09
18081,2528,6,223208,D83,2026-05-02
18082,666,1,225125,T90,2026-05-20
18083,3567,7,223208,D83,2026-06-18
18084,2976,8,322230,A98,2026-04-27
18085,3631,2,225125,K86,2026-04-09
18086,1405,8,322230,A98,2026-01-04
18087,1049,9,322230,A98,2026-04-24
18088,4470,8,322230,A98,2026-06-06
18089,2916,4,223505,A98,2026-01-02
18090,4636,2,225125,T90,2026-03-17
18091,4010,4,223505,A98,2026-06-22
18092,3508,6,223208,D83,2026-06-22
18093,1421,6,223208,D83,2026-04-28
18094,229,1,225125,A98,2026-01-21
18095,1005,3,225125,X86,2026-05-06
18096,3347,9,322230,A98,2026-01-07
18097,11,1,225125,A93,2026-05-01
18098,705,7,223208,D83,2026-01-12
18099,2282,7,223208,D83,2026-03-17
18100,2527,9,322230,A98,2026-03-23
18101,880,3,225125,K86,2026-06-17
18102,321,2,225125,A98,2026-01-16
18103,1267,4,223505,A98,2026-03-20
18104,2641,6,223208,D83,2026-05-03
18105,1461,7,223208,D83,2026-03-23
18106,4204,6,223208,D83,2026-03-16
18107,1573,9,322230,A98,2026-05-19
18108,1648,6,223208,D83,2026-06-08
18109,1501,6,223208,D83,2026-05-12
18110,1594,2,225125,W78,2026-05-21
18111,4338,5,223505,A98,2026-04-29
18112,1998,4,223505,K86,2026-03-11
18113,3099,5,223505,A98,2026-03-14
18114,4992,1,225125,A98,2026-04-03
18115,377,5,223505,K86,2026-04-26
18116,4946,6,223208,D83,2026-06-27
18117,1420,1,225125,A98,2026-05-10
18118,4688,2,225125,X86,2026-06-08
18119,68,3,225125,A98,2026-01-24
18120,4005,4,223505,X86,2026-04-16
18121,52,2,225125,A98,2026-03-28
18122,2087,2,225125,W78,2026-05-11
18123,2266,5,223505,A93,2026-01-30
18124,4861,4,223505,A98,2026-05-13
18125,1023,2,225125,W78,2026-05-01
18126,4100,1,225125,A98,2026-06-19
18127,2135,1,225125,X86,2026-04-19
18128,4362,7,223208,D83,2026-05-21
18129,591,1,225125,A98,2026-05-01
18130,4393,2,225125,A93,2026-01-12
18131,2789,9,322230,A98,2026-03-25
18132,3578,9,322230,A98,2026-05-09
18133,3316,5,223505,K86,2026-03-22
18134,1829,2,225125,A98,2026-01-20
18135,4414,2,225125,A98,2026-02-10
18136,1551,2,225125,X86,2026-01-13
18137,1502,8,322230,A98,2026-03-30
18138,1912,1,225125,A93,2026-01-13
18139,792,1,225125,W78,2026-04-11
18140,1600,8,322230,A98,2026-03-11
18141,1529,8,322230,A98,2026-01-22
18142,2900,9,322230,A98,2026-03-13
18143,1741,1,225125,K86,2026-05-22
18144,3558,1,225125,W78,2026-06-14
18145,2168,7,223208,D83,2026-05-30
18146,1068,7,223208,D83,2026-02-11
18147,1283,1,225125,K86,2026-01-29
18148,191,3,225125,A93,2026-02-11
18149,3283,1,225125,K86,2026-02-06
18150,1057,2,225125,K86,2026-04-19
18151,2893,7,223208,D83,2026-03-05
18152,4548,4,223505,K86,2026-04-10
18153,3926,5,223505,A98,2026-01-18
18154,857,3,225125,W78,2026-03-31
18155,929,9,322230,A98,2026-01-25
18156,343,2,225125,K86,2026-05-18
18157,2063,1,225125,K86,2026-05-10
18158,1771,2,225125,A93,2026-02-10
18159,501,4,223505,W78,2026-05-15
18160,4699,1,225125,A98,2026-06-07
18161,2132,9,322230,A98,2026-01-30
18162,3530,4,223505,A98,2026-06-17
18163,48,7,223208,D83,2026-06-25
18164,4533,8,322230,A98,2026-02-06
18165,662,8,322230,A98,2026-04-30
18166,4924,5,223505,A98,2026-03-07
18167,299,1,225125,W78,2026-06-19
18168,970,3,225125,X86,2026-02-08
18169,430,8,322230,A98,2026-05-12
18170,378,7,223208,D83,2026-02-06
18171,3749,6,223208,D83,2026-05-29
18172,4998,2,225125,T90,2026-03-26
18173,1253,4,223505,A93,2026-03-12
18174,2361,6,223208,D83,2026-02-24
18175,3245,3,225125,A98,2026-03-19
18176,1366,2,225125,A98,2026-05-05
18177,2277,9,322230,A98,2026-02-07
18178,2915,2,225125,A93,2026-02-17
18179,2753,1,225125,A98,2026-06-22
18180,2285,8,322230,A98,2026-05-05
18181,4798,8,322230,A98,2026-06-29
18182,1333,2,225125,X86,2026-06-28
18183,2395,6,223208,D83,2026-06-26
18184,3272,5,223505,A98,2026-06-27
18185,3124,3,225125,A98,2026-02-19
18186,4523,2,225125,K86,2026-02-21
18187,2641,7,223208,D83,2026-05-02
18188,2076,4,223505,K86,2026-03-04
18189,999,7,223208,D83,2026-06-28
18190,1915,9,322230,A98,2026-04-23
18191,3043,1,225125,W78,2026-06-12
18192,1987,7,223208,D83,2026-03-07
18193,3188,1,225125,K86,2026-01-21
18194,3748,4,223505,X86,2026-01-18
18195,63,4,223505,K86,2026-06-20
18196,4339,1,225125,W78,2026-06-15
18197,737,4,223505,A98,2026-02-20
18198,3161,1,225125,K86,2026-04-09
18199,3876,5,223505,K86,2026-03-19
18200,1325,4,223505,K86,2026-04-03
18201,1987,9,322230,A98,2026-04-01
18202,1465,5,223505,A98,2026-02-24
18203,3831,2,225125,A98,2026-05-24
18204,530,1,225125,A98,2026-05-21
18205,4304,5,223505,T90,2026-02-04
18206,104,2,225125,A98,2026-03-29
18207,863,2,225125,A93,2026-03-07
18208,3806,3,225125,A93,2026-01-30
18209,1017,9,322230,A98,2026-06-01
18210,1486,6,223208,D83,2026-01-26
18211,493,1,225125,K86,2026-02-26
18212,4613,7,223208,D83,2026-05-22
18213,1928,4,223505,T90,2026-02-13
18214,909,2,225125,W78,2026-06-26
18215,879,6,223208,D83,2026-05-04
18216,2242,2,225125,A98,2026-01-07
18217,3169,8,322230,A98,2026-05-13
18218,2038,2,225125,K86,2026-03-15
18219,852,2,225125,K86,2026-04-14
18220,4698,1,225125,A98,2026-04-22
18221,2018,5,223505,X86,2026-02-16
18222,31,2,225125,A98,2026-02-21
18223,2873,1,225125,W78,2026-05-03
18224,2695,1,225125,A93,2026-03-15
18225,1220,8,322230,A98,2026-04-27
18226,3840,1,225125,A98,2026-01-21
18227,465,1,225125,K86,2026-03-03
18228,3382,5,223505,A98,2026-04-18
18229,4325,1,225125,A93,2026-06-25
18230,2846,2,225125,T90,2026-05-04
18231,3789,4,223505,K86,2026-06-14
18232,254,4,223505,K86,2026-01-02
18233,3894,9,322230,A98,2026-04-14
18234,792,2,225125,K86,2026-01-09
18235,4836,1,225125,A93,2026-06-27
18236,4816,3,225125,K86,2026-04-11
18237,2758,2,225125,K86,2026-05-03
18238,2737,6,223208,D83,2026-01-10
18239,725,7,223208,D83,2026-03-12
18240,840,6,223208,D83,2026-01-21
18241,3525,1,225125,W78,2026-06-06
18242,1404,8,322230,A98,2026-02-21
18243,3272,9,322230,A98,2026-06-12
18244,3009,2,225125,X86,2026-04-12
18245,4973,5,223505,K86,2026-01-27
18246,479,6,223208,D83,2026-04-14
18247,682,9,322230,A98,2026-05-20
18248,3082,9,322230,A98,2026-02-26
18249,2906,2,225125,X86,2026-06-24
18250,4849,6,223208,D83,2026-04-11
18251,224,6,223208,D83,2026-01-27
18252,2664,4,223505,W78,2026-06-04
18253,4519,3,225125,W78,2026-01-22
18254,4833,4,223505,A98,2026-04-14
18255,4088,4,223505,X86,2026-01-15
18256,780,5,223505,A98,2026-02-11
18257,4522,1,225125,K86,2026-06-13
18258,247,5,223505,T90,2026-01-18
18259,2085,9,322230,A98,2026-06-02
18260,3782,8,322230,A98,2026-01-10
18261,4603,1,225125,A93,2026-02-17
18262,1256,2,225125,A98,2026-04-10
18263,3671,9,322230,A98,2026-02-28
18264,4589,3,225125,A93,2026-05-24
18265,2852,5,223505,A93,2026-01-22
18266,1505,2,225125,X86,2026-01-17
18267,1831,9,322230,A98,2026-04-19
18268,4122,1,225125,K86,2026-05-30
18269,2570,1,225125,A93,2026-05-14
18270,1977,1,225125,K86,2026-05-16
18271,1076,9,322230,A98,2026-05-21
18272,3170,5,223505,A98,2026-02-20
18273,4782,5,223505,K86,2026-03-15
18274,1075,5,223505,A93,2026-06-24
18275,2323,9,322230,A98,2026-03-10
18276,771,1,225125,K86,2026-03-28
18277,1594,1,225125,K86,2026-03-09
18278,4947,5,223505,A93,2026-05-18
18279,1965,2,225125,A98,2026-02-07
18280,3632,8,322230,A98,2026-01-03
18281,3635,1,225125,K86,2026-01-29
18282,1231,2,225125,A98,2026-06-03
18283,3694,7,223208,D83,2026-05-29
18284,2072,1,225125,A98,2026-01-02
18285,339,5,223505,A98,2026-05-12
18286,4076,6,223208,D83,2026-01-23
18287,4408,3,225125,A98,2026-01-18
18288,2989,2,225125,K86,2026-03-04
18289,3298,4,223505,K86,2026-06-10
18290,3801,1,225125,A98,2026-03-12
18291,3374,1,225125,X86,2026-02-05
18292,531,2,225125,K86,2026-05-20
18293,3187,1,225125,A98,2026-06-16
18294,3829,2,225125,X86,2026-03-28
18295,2456,2,225125,A93,2026-06-02
18296,679,6,223208,D83,2026-06-20
18297,2963,7,223208,D83,2026-04-07
18298,4592,6,223208,D83,2026-06-24
18299,202,7,223208,D83,2026-04-02
18300,3964,2,225125,A98,2026-06-08
18301,2401,1,225125,A98,2026-04-23
18302,4393,9,322230,A98,2026-04-20
18303,1826,7,223208,D83,2026-03-16
18304,3728,4,223505,K86,2026-06-25
18305,44,6,223208,D83,2026-03-01
18306,2611,2,225125,T90,2026-06-02
18307,4790,9,322230,A98,2026-01-23
18308,2387,3,225125,A93,2026-02-10
18309,2060,1,225125,A98,2026-04-01
18310,2256,2,225125,T90,2026-05-02
18311,4523,1,225125,K86,2026-02-10
18312,4312,8,322230,A98,2026-06-15
18313,1878,1,225125,X86,2026-06-08
18314,2900,2,225125,K86,2026-01-17
18315,676,1,225125,T90,2026-02-19
18316,2840,6,223208,D83,2026-05-16
18317,3835,1,225125,T90,2026-06-29
18318,4913,9,322230,A98,2026-02-21
18319,3618,3,225125,K86,2026-03-22
18320,2504,7,223208,D83,2026-02-18
18321,1436,6,223208,D83,2026-05-08
18322,3403,8,322230,A98,2026-01-12
18323,3223,6,223208,D83,2026-02-16
18324,2578,7,223208,D83,2026-01-31
18325,4225,9,322230,A98,2026-05-25
18326,1986,1,225125,A98,2026-06-14
18327,273,1,225125,A98,2026-01-28
18328,4767,6,223208,D83,2026-05-13
18329,4905,2,225125,T90,2026-05-10
18330,593,1,225125,A98,2026-01-07
18331,2061,9,322230,A98,2026-05-08
18332,1509,1,225125,K86,2026-04-20
18333,3105,6,223208,D83,2026-02-12
18334,1966,1,225125,W78,2026-05-27
18335,1930,8,322230,A98,2026-05-17
18336,930,5,223505,K86,2026-05-01
18337,4235,2,225125,K86,2026-06-29
18338,631,3,225125,A93,2026-02-26
18339,4428,5,223505,A98,2026-05-13
18340,2607,3,225125,A98,2026-04-30
18341,4988,1,225125,W78,2026-01-21
18342,1641,3,225125,A98,2026-04-03
18343,2092,1,225125,A98,2026-06-04
18344,2688,2,225125,K86,2026-05-16
18345,2485,1,225125,A98,2026-01-18
18346,2780,3,225125,X86,2026-03-08
18347,3407,3,225125,A98,2026-03-05
18348,3318,1,225125,K86,2026-06-28
18349,623,5,223505,W78,2026-01-30
18350,2541,1,225125,K86,2026-02-18
18351,4538,2,225125,K86,2026-01-16
18352,2932,7,223208,D83,2026-03-28
18353,3489,5,223505,A93,2026-05-29
18354,1918,9,322230,A98,2026-05-27
18355,1300,7,223208,D83,2026-05-01
18356,3435,5,223505,K86,2026-06-02
18357,532,1,225125,A98,2026-04-24
18358,2254,9,322230,A98,2026-05-05
18359,3353,4,223505,T90,2026-02-26
18360,3949,2,225125,A93,2026-04-16
18361,3193,6,223208,D83,2026-05-05
18362,2333,1,225125,K86,2026-03-16
18363,3452,7,223208,D83,2026-06-05
18364,4237,8,322230,A98,2026-03-13
18365,2684,1,225125,T90,2026-06-27
18366,4795,1,225125,A93,2026-04-21
18367,2629,1,225125,A98,2026-05-18
18368,1250,4,223505,W78,2026-02-16
18369,1260,2,225125,X86,2026-01-13
18370,1752,7,223208,D83,2026-03-22
18371,4332,4,223505,A93,2026-04-29
18372,3056,6,223208,D83,2026-06-13
18373,3941,9,322230,A98,2026-02-03
18374,28,3,225125,A98,2026-05-26
18375,2840,2,225125,W78,2026-04-03
18376,136,1,225125,K86,2026-01-28
18377,4356,2,225125,A98,2026-01-24
18378,622,4,223505,K86,2026-02-13
18379,4378,1,225125,W78,2026-06-20
18380,1813,9,322230,A98,2026-06-16
18381,4555,2,225125,A93,2026-06-21
18382,3720,2,225125,A98,2026-01-28
18383,2395,9,322230,A98,2026-01-02
18384,843,3,225125,A93,2026-02-22
18385,2189,4,223505,K86,2026-03-13
18386,4103,1,225125,A98,2026-06-07
18387,4129,1,225125,T90,2026-06-24
18388,1079,5,223505,T90,2026-03-03
18389,4344,1,225125,X86,2026-01-29
18390,4677,6,223208,D83,2026-02-28
18391,4135,2,225125,X86,2026-04-13
18392,3307,9,322230,A98,2026-01-27
18393,4135,2,225125,A98,2026-02-09
18394,540,1,225125,W78,2026-04-16
18395,3664,2,225125,W78,2026-04-15
18396,1482,1,225125,K86,2026-01-10
18397,2171,8,322230,A98,2026-06-21
18398,1157,5,223505,A98,2026-05-18
18399,2578,1,225125,A98,2026-03-23
18400,1315,9,322230,A98,2026-03-29
18401,4032,9,322230,A98,2026-01-14
18402,1303,1,225125,K86,2026-02-15
18403,4393,9,322230,A98,2026-05-06
18404,385,6,223208,D83,2026-02-01
18405,3851,5,223505,K86,2026-04-21
18406,3772,9,322230,A98,2026-01-15
18407,4849,8,322230,A98,2026-04-12
18408,2280,2,225125,A98,2026-03-30
18409,687,1,225125,A93,2026-04-05
18410,2640,2,225125,X86,2026-02-27
18411,2443,6,223208,D83,2026-05-02
18412,2737,9,322230,A98,2026-03-04
18413,4635,2,225125,X86,2026-03-07
18414,3459,9,322230,A98,2026-02-12
18415,4768,2,225125,A98,2026-04-30
18416,3202,7,223208,D83,2026-05-25
18417,294,6,223208,D83,2026-01-19
18418,879,2,225125,W78,2026-03-12
18419,3573,7,223208,D83,2026-02-13
18420,1722,8,322230,A98,2026-01-10
18421,4767,8,322230,A98,2026-05-13
18422,4930,2,225125,K86,2026-06-23
18423,2355,2,225125,K86,2026-01-11
18424,981,5,223505,A93,2026-01-26
18425,318,6,223208,D83,2026-05-16
18426,1698,2,225125,A98,2026-05-01
18427,3077,5,223505,K86,2026-02-28
18428,1870,3,225125,K86,2026-01-18
18429,2787,1,225125,A93,2026-04-23
18430,2238,2,225125,X86,2026-04-26
18431,2521,6,223208,D83,2026-04-30
18432,2204,1,225125,A98,2026-02-10
18433,4941,5,223505,A93,2026-04-22
18434,3262,5,223505,A93,2026-01-30
18435,3413,1,225125,K86,2026-05-30
18436,4762,7,223208,D83,2026-03-30
18437,121,1,225125,X86,2026-03-04
18438,4312,9,322230,A98,2026-01-18
18439,10,9,322230,A98,2026-04-01
18440,1090,9,322230,A98,2026-04-04
18441,467,5,223505,W78,2026-01-23
18442,780,3,225125,T90,2026-03-22
18443,4487,2,225125,A98,2026-02-23
18444,2210,3,225125,W78,2026-06-11
18445,1112,3,225125,W78,2026-02-11
18446,2887,3,225125,A98,2026-02-12
18447,395,5,223505,K86,2026-05-20
18448,2353,1,225125,T90,2026-04-25
18449,1314,3,225125,X86,2026-06-26
18450,4054,5,223505,W78,2026-06-07
18451,3123,8,322230,A98,2026-01-04
18452,960,1,225125,A98,2026-05-01
18453,1971,5,223505,A93,2026-02-16
18454,1111,2,225125,W78,2026-05-09
18455,1279,5,223505,K86,2026-06-06
18456,64,1,225125,W78,2026-03-15
18457,3345,1,225125,W78,2026-05-02
18458,1361,5,223505,K86,2026-03-13
18459,2875,3,225125,X86,2026-04-24
18460,2147,9,322230,A98,2026-03-30
18461,3683,3,225125,T90,2026-06-24
18462,629,4,223505,A98,2026-05-19
18463,1524,4,223505,X86,2026-03-11
18464,755,8,322230,A98,2026-04-07
18465,4376,2,225125,A93,2026-03-14
18466,1819,5,223505,W78,2026-04-08
18467,723,1,225125,K86,2026-02-12
18468,4601,2,225125,A98,2026-01-03
18469,4815,5,223505,A93,2026-03-25
18470,4526,3,225125,T90,2026-05-08
18471,1784,9,322230,A98,2026-01-06
18472,2092,1,225125,K86,2026-01-02
18473,1991,5,223505,W78,2026-04-14
18474,385,8,322230,A98,2026-05-06
18475,231,5,223505,A93,2026-02-15
18476,3,6,223208,D83,2026-04-26
18477,3508,5,223505,X86,2026-01-24
18478,2751,4,223505,K86,2026-05-16
18479,2941,1,225125,A98,2026-02-15
18480,644,3,225125,A98,2026-06-08
18481,3867,7,223208,D83,2026-04-18
18482,3767,2,225125,W78,2026-02-01
18483,4631,2,225125,A93,2026-04-16
18484,2848,1,225125,A98,2026-02-10
18485,4701,1,225125,A93,2026-01-17
18486,4244,1,225125,W78,2026-05-26
18487,2939,6,223208,D83,2026-06-27
18488,634,5,223505,T90,2026-05-16
18489,3288,1,225125,T90,2026-04-30
18490,2495,3,225125,A98,2026-01-18
18491,969,6,223208,D83,2026-03-21
18492,9,1,225125,T90,2026-03-16
18493,3409,4,223505,A93,2026-03-23
18494,4923,1,225125,X86,2026-06-10
18495,1463,2,225125,X86,2026-03-09
18496,4758,2,225125,A98,2026-05-07
18497,4322,7,223208,D83,2026-02-05
18498,1672,5,223505,A93,2026-02-17
18499,1678,6,223208,D83,2026-03-14
18500,4946,6,223208,D83,2026-05-11
18501,2692,8,322230,A98,2026-05-12
18502,945,1,225125,X86,2026-03-23
18503,3696,2,225125,W78,2026-05-19
18504,3709,1,225125,K86,2026-04-11
18505,4542,8,322230,A98,2026-01-01
18506,3733,2,225125,A98,2026-01-08
18507,3471,2,225125,A98,2026-04-06
18508,2681,3,225125,W78,2026-01-20
18509,4382,5,223505,T90,2026-05-09
18510,4097,5,223505,T90,2026-01-19
18511,2609,4,223505,W78,2026-02-28
18512,731,4,223505,W78,2026-01-03
18513,3834,1,225125,K86,2026-05-01
18514,4557,9,322230,A98,2026-04-17
18515,2918,7,223208,D83,2026-03-26
18516,3009,3,225125,W78,2026-04-28
18517,3247,2,225125,X86,2026-06-08
18518,660,3,225125,T90,2026-03-22
18519,4264,7,223208,D83,2026-06-07
18520,950,7,223208,D83,2026-06-13
18521,2807,9,322230,A98,2026-04-21
18522,4505,3,225125,W78,2026-01-17
18523,2741,4,223505,T90,2026-01-09
18524,4343,5,223505,A93,2026-01-06
18525,330,9,322230,A98,2026-02-15
18526,3397,7,223208,D83,2026-01-22
18527,3626,3,225125,K86,2026-05-28
18528,1327,5,223505,T90,2026-01-30
18529,2646,2,225125,W78,2026-06-27
18530,965,2,225125,T90,2026-02-12
18531,1678,7,223208,D83,2026-06-24
18532,153,1,225125,K86,2026-05-10
18533,4984,1,225125,A98,2026-05-28
18534,1990,2,225125,W78,2026-04-23
18535,4942,2,225125,K86,2026-03-04
18536,1907,5,223505,W78,2026-05-31
18537,2970,8,322230,A98,2026-01-06
18538,3008,8,322230,A98,2026-06-09
18539,1492,2,225125,K86,2026-03-04
18540,3035,8,322230,A98,2026-02-10
18541,1933,7,223208,D83,2026-05-04
18542,3884,6,223208,D83,2026-03-20
18543,364,2,225125,K86,2026-05-20
18544,4342,2,225125,A93,2026-03-16
18545,4466,1,225125,X86,2026-01-05
18546,2462,1,225125,T90,2026-06-28
18547,2016,6,223208,D83,2026-02-10
18548,2513,4,223505,K86,2026-02-21
18549,2327,4,223505,A98,2026-04-23
18550,401,1,225125,K86,2026-04-27
18551,1836,1,225125,K86,2026-01-04
18552,300,2,225125,K86,2026-04-05
18553,433,2,225125,K86,2026-05-22
18554,1493,2,225125,A93,2026-03-25
18555,4379,7,223208,D83,2026-05-20
18556,1490,9,322230,A98,2026-01-11
18557,3898,4,223505,W78,2026-04-12
18558,147,4,223505,A98,2026-04-01
18559,4141,7,223208,D83,2026-06-07
18560,4430,2,225125,W78,2026-02-14
18561,3990,9,322230,A98,2026-04-15
18562,1674,2,225125,A98,2026-06-22
18563,580,2,225125,T90,2026-05-19
18564,3148,2,225125,A98,2026-05-21
18565,3004,1,225125,X86,2026-01-04
18566,1070,1,225125,A98,2026-04-03
18567,4635,7,223208,D83,2026-01-15
18568,1747,6,223208,D83,2026-05-05
18569,2558,1,225125,T90,2026-02-02
18570,4225,3,225125,K86,2026-04-28
18571,1160,1,225125,K86,2026-05-11
18572,3113,4,223505,A93,2026-01-01
18573,3048,9,322230,A98,2026-04-20
18574,1135,3,225125,A98,2026-01-28
18575,4175,2,225125,A98,2026-06-23
18576,1860,9,322230,A98,2026-06-10
18577,3363,7,223208,D83,2026-01-28
18578,2929,3,225125,A98,2026-01-01
18579,682,6,223208,D83,2026-01-11
18580,902,1,225125,A98,2026-01-10
18581,2011,1,225125,A98,2026-02-28
18582,4625,2,225125,X86,2026-02-28
18583,3051,4,223505,A93,2026-01-30
18584,4177,1,225125,K86,2026-05-23
18585,1140,7,223208,D83,2026-01-08
18586,1907,1,225125,K86,2026-05-13
18587,3528,1,225125,A98,2026-04-03
18588,4289,3,225125,T90,2026-04-11
18589,2810,2,225125,A98,2026-04-22
18590,4032,5,223505,A98,2026-03-02
18591,4215,2,225125,T90,2026-05-15
18592,4932,2,225125,T90,2026-06-08
18593,2218,1,225125,X86,2026-02-02
18594,3123,1,225125,A98,2026-03-10
18595,789,2,225125,T90,2026-01-14
18596,451,3,225125,A93,2026-06-11
18597,4100,2,225125,A98,2026-01-17
18598,3487,3,225125,A98,2026-03-13
18599,167,3,225125,A98,2026-06-03
18600,3459,8,322230,A98,2026-05-07
18601,4934,2,225125,T90,2026-05-12
18602,2152,9,322230,A98,2026-03-13
18603,916,2,225125,T90,2026-01-29
18604,2869,2,225125,A93,2026-02-09
18605,3484,2,225125,A98,2026-02-19
18606,3228,1,225125,K86,2026-01-17
18607,4157,8,322230,A98,2026-02-22
18608,32,5,223505,A98,2026-03-11
18609,4912,9,322230,A98,2026-04-17
18610,2091,5,223505,A93,2026-05-25
18611,2899,6,223208,D83,2026-01-04
18612,4474,1,225125,T90,2026-01-05
18613,3468,1,225125,K86,2026-03-11
18614,2702,1,225125,A93,2026-01-28
18615,470,1,225125,T90,2026-03-10
18616,3451,1,225125,X86,2026-01-13
18617,2965,4,223505,A98,2026-01-24
18618,443,7,223208,D83,2026-02-26
18619,1824,2,225125,A98,2026-02-21
18620,4532,9,322230,A98,2026-05-22
18621,4727,9,322230,A98,2026-03-28
18622,983,6,223208,D83,2026-03-04
18623,2029,4,223505,A98,2026-04-12
18624,4550,2,225125,K86,2026-04-10
18625,2510,5,223505,K86,2026-03-24
18626,3570,4,223505,K86,2026-06-09
18627,711,2,225125,A98,2026-01-15
18628,3660,1,225125,X86,2026-01-10
18629,4298,8,322230,A98,2026-02-18
18630,4743,9,322230,A98,2026-01-11
18631,4085,9,322230,A98,2026-06-02
18632,1867,1,225125,K86,2026-03-14
18633,176,1,225125,A93,2026-01-17
18634,1988,9,322230,A98,2026-06-20
18635,1168,1,225125,A98,2026-05-19
18636,2554,5,223505,A98,2026-02-16
18637,4413,6,223208,D83,2026-03-30
18638,1670,5,223505,K86,2026-02-18
18639,969,1,225125,T90,2026-01-28
18640,2090,8,322230,A98,2026-06-08
18641,4880,8,322230,A98,2026-03-18
18642,469,5,223505,A98,2026-02-13
18643,2880,5,223505,T90,2026-03-09
18644,1532,9,322230,A98,2026-04-11
18645,1054,2,225125,X86,2026-06-22
18646,4767,2,225125,K86,2026-03-18
18647,1513,1,225125,A93,2026-06-13
18648,4337,5,223505,K86,2026-06-17
18649,3212,4,223505,A98,2026-06-05
18650,1610,6,223208,D83,2026-02-14
18651,3255,8,322230,A98,2026-06-28
18652,3293,1,225125,T90,2026-01-25
18653,3110,9,322230,A98,2026-06-21
18654,3907,3,225125,A98,2026-02-15
18655,4771,8,322230,A98,2026-05-26
18656,3187,4,223505,A98,2026-05-18
18657,607,2,225125,A98,2026-05-11
18658,2651,6,223208,D83,2026-01-11
18659,1518,2,225125,K86,2026-04-18
18660,692,7,223208,D83,2026-06-01
18661,3859,3,225125,K86,2026-02-05
18662,4477,5,223505,A93,2026-01-13
18663,2144,5,223505,A98,2026-05-05
18664,4760,9,322230,A98,2026-04-30
18665,1697,2,225125,A98,2026-05-04
18666,2429,1,225125,A98,2026-01-15
18667,3901,2,225125,W78,2026-04-05
18668,740,4,223505,K86,2026-01-27
18669,264,1,225125,A93,2026-03-11
18670,2340,2,225125,X86,2026-06-04
18671,4120,4,223505,A98,2026-04-01
18672,2837,7,223208,D83,2026-05-16
18673,1680,9,322230,A98,2026-05-20
18674,2595,8,322230,A98,2026-04-29
18675,3643,7,223208,D83,2026-06-10
18676,1059,8,322230,A98,2026-04-03
18677,1331,6,223208,D83,2026-02-21
18678,3556,3,225125,K86,2026-06-26
18679,1367,9,322230,A98,2026-04-03
18680,2220,9,322230,A98,2026-05-03
18681,259,2,225125,W78,2026-01-19
18682,2602,2,225125,A98,2026-01-31
18683,3845,2,225125,A98,2026-04-15
18684,4086,9,322230,A98,2026-01-22
18685,4055,9,322230,A98,2026-06-04
18686,1200,6,223208,D83,2026-06-27
18687,2678,1,225125,A93,2026-01-09
18688,353,9,322230,A98,2026-03-28
18689,836,2,225125,A93,2026-02-14
18690,3220,1,225125,K86,2026-04-23
18691,3870,8,322230,A98,2026-04-14
18692,187,7,223208,D83,2026-04-27
18693,3099,9,322230,A98,2026-04-29
18694,4402,1,225125,A98,2026-04-06
18695,1897,3,225125,T90,2026-01-20
18696,1724,5,223505,A98,2026-04-26
18697,4854,8,322230,A98,2026-04-08
18698,2530,1,225125,K86,2026-03-10
18699,2201,6,223208,D83,2026-06-02
18700,4029,3,225125,A98,2026-02-19
18701,3760,4,223505,A98,2026-04-06
18702,4394,5,223505,A93,2026-06-23
18703,666,4,223505,A98,2026-05-19
18704,828,7,223208,D83,2026-04-12
18705,3080,2,225125,A98,2026-04-19
18706,2296,9,322230,A98,2026-05-03
18707,1594,2,225125,K86,2026-03-21
18708,4207,7,223208,D83,2026-05-19
18709,1058,4,223505,A98,2026-06-04
18710,3551,6,223208,D83,2026-04-18
18711,984,9,322230,A98,2026-03-05
18712,2665,1,225125,A93,2026-05-21
18713,3484,2,225125,A98,2026-05-15
18714,2093,1,225125,W78,2026-06-02
18715,1323,2,225125,A98,2026-04-09
18716,1075,2,225125,T90,2026-03-26
18717,3746,8,322230,A98,2026-02-14
18718,1147,7,223208,D83,2026-05-14
18719,1877,3,225125,W78,2026-06-20
18720,4881,4,223505,A93,2026-06-03
18721,3705,5,223505,A98,2026-03-21
18722,3578,2,225125,A98,2026-01-24
18723,2005,4,223505,K86,2026-03-28
18724,2434,8,322230,A98,2026-01-10
18725,1887,9,322230,A98,2026-06-05
18726,2342,5,223505,K86,2026-06-21
18727,1739,8,322230,A98,2026-04-19
18728,3618,7,223208,D83,2026-02-16
18729,2846,9,322230,A98,2026-01-30
18730,914,8,322230,A98,2026-01-03
18731,3124,5,223505,K86,2026-05-28
18732,3730,5,223505,K86,2026-03-16
18733,3578,2,225125,W78,2026-01-29
18734,3870,1,225125,X86,2026-04-02
18735,4706,3,225125,A98,2026-04-17
18736,2268,4,223505,A93,2026-01-29
18737,3138,6,223208,D83,2026-06-23
18738,265,2,225125,A93,2026-05-20
18739,2191,9,322230,A98,2026-03-21
18740,791,2,225125,A98,2026-02-05
18741,1977,3,225125,A93,2026-05-13
18742,3415,3,225125,A98,2026-06-27
18743,4437,4,223505,T90,2026-06-13
18744,4895,9,322230,A98,2026-03-12
18745,1761,5,223505,A98,2026-04-29
18746,2219,2,225125,K86,2026-03-21
18747,948,4,223505,T90,2026-04-14
18748,3796,6,223208,D83,2026-04-17
18749,4767,8,322230,A98,2026-06-21
18750,634,1,225125,K86,2026-02-10
18751,1483,4,223505,K86,2026-05-02
18752,2235,8,322230,A98,2026-05-10
18753,1478,2,225125,K86,2026-06-07
18754,4938,1,225125,A98,2026-05-18
18755,1143,2,225125,W78,2026-01-25
18756,4402,3,225125,K86,2026-02-09
18757,2742,3,225125,A98,2026-03-07
18758,360,7,223208,D83,2026-06-04
18759,1649,7,223208,D83,2026-02-16
18760,3815,4,223505,T90,2026-05-13
18761,3094,5,223505,W78,2026-05-19
18762,1920,4,223505,A98,2026-05-25
18763,704,4,223505,A98,2026-01-16
18764,2596,3,225125,A98,2026-04-19
18765,2343,6,223208,D83,2026-02-01
18766,2836,5,223505,T90,2026-04-21
18767,1172,9,322230,A98,2026-02-03
18768,3850,8,322230,A98,2026-04-17
18769,1446,8,322230,A98,2026-02-23
18770,4685,3,225125,A98,2026-06-13
18771,1336,2,225125,T90,2026-02-06
18772,691,2,225125,W78,2026-01-21
18773,1809,7,223208,D83,2026-02-13
18774,1720,9,322230,A98,2026-06-21
18775,3435,2,225125,X86,2026-01-12
18776,4480,1,225125,A93,2026-03-03
18777,3455,1,225125,X86,2026-01-15
18778,4911,2,225125,A98,2026-06-04
18779,2133,1,225125,X86,2026-06-21
18780,2697,2,225125,W78,2026-04-27
18781,508,6,223208,D83,2026-03-23
18782,2060,7,223208,D83,2026-04-29
18783,3338,1,225125,A98,2026-01-13
18784,2002,6,223208,D83,2026-03-09
18785,416,1,225125,A98,2026-04-10
18786,1436,2,225125,A98,2026-03-04
18787,4286,1,225125,A93,2026-05-10
18788,1306,3,225125,X86,2026-05-11
18789,4782,8,322230,A98,2026-03-31
18790,3564,5,223505,A98,2026-02-24
18791,1223,9,322230,A98,2026-03-26
18792,1192,7,223208,D83,2026-03-18
18793,3027,4,223505,K86,2026-01-23
18794,1921,5,223505,X86,2026-02-21
18795,2743,7,223208,D83,2026-05-02
18796,2626,2,225125,T90,2026-01-24
18797,161,9,322230,A98,2026-01-25
18798,4429,4,223505,A98,2026-04-14
18799,1973,2,225125,X86,2026-01-04
18800,863,3,225125,X86,2026-03-06
18801,72,2,225125,A98,2026-02-16
18802,4328,6,223208,D83,2026-03-10
18803,3029,1,225125,W78,2026-03-28
18804,832,4,223505,A98,2026-03-28
18805,4630,2,225125,K86,2026-03-06
18806,434,2,225125,X86,2026-06-04
18807,613,3,225125,A98,2026-03-27
18808,2375,9,322230,A98,2026-05-30
18809,2749,6,223208,D83,2026-06-24
18810,710,4,223505,A93,2026-02-20
18811,3390,4,223505,T90,2026-06-29
18812,2958,9,322230,A98,2026-01-07
18813,2961,8,322230,A98,2026-06-27
18814,1,1,225125,T90,2026-03-25
18815,2607,9,322230,A98,2026-01-26
18816,734,1,225125,A98,2026-01-11
18817,3239,5,223505,A98,2026-05-31
18818,2136,7,223208,D83,2026-03-12
18819,676,1,225125,A98,2026-02-12
18820,3384,1,225125,A98,2026-05-07
18821,4454,4,223505,A98,2026-02-02
18822,2100,6,223208,D83,2026-06-12
18823,162,5,223505,A93,2026-03-30
18824,2162,1,225125,W78,2026-02-11
18825,119,9,322230,A98,2026-04-24
18826,649,7,223208,D83,2026-05-27
18827,2557,7,223208,D83,2026-04-11
18828,546,6,223208,D83,2026-05-22
18829,4245,3,225125,A98,2026-01-19
18830,3584,5,223505,A98,2026-01-06
18831,3643,2,225125,A93,2026-06-10
18832,524,9,322230,A98,2026-02-24
18833,1861,2,225125,A98,2026-04-21
18834,2876,4,223505,K86,2026-05-24
18835,2589,1,225125,A98,2026-01-22
18836,2532,3,225125,A98,2026-01-17
18837,4861,9,322230,A98,2026-02-05
18838,4244,5,223505,K86,2026-03-18
18839,54,3,225125,T90,2026-01-21
18840,3161,2,225125,T90,2026-04-12
18841,2568,8,322230,A98,2026-06-05
18842,3417,3,225125,K86,2026-06-29
18843,4967,9,322230,A98,2026-06-20
18844,3194,2,225125,K86,2026-06-13
18845,595,6,223208,D83,2026-06-07
18846,1458,3,225125,A93,2026-05-02
18847,1642,4,223505,A93,2026-01-08
18848,1827,5,223505,K86,2026-06-11
18849,3774,1,225125,W78,2026-05-16
18850,99,5,223505,K86,2026-05-30
18851,1967,2,225125,A98,2026-06-12
18852,191,3,225125,A98,2026-04-29
18853,4523,6,223208,D83,2026-02-20
18854,1664,7,223208,D83,2026-02-14
18855,829,2,225125,A93,2026-05-16
18856,887,5,223505,A98,2026-06-10
18857,2508,7,223208,D83,2026-01-25
18858,1437,9,322230,A98,2026-02-09
18859,1993,9,322230,A98,2026-01-26
18860,2860,8,322230,A98,2026-03-19
18861,211,5,223505,W78,2026-06-20
18862,3836,1,225125,K86,2026-02-11
18863,1528,6,223208,D83,2026-05-06
18864,619,7,223208,D83,2026-06-10
18865,175,9,322230,A98,2026-05-10
18866,376,8,322230,A98,2026-02-12
18867,3357,1,225125,A98,2026-04-29
18868,171,8,322230,A98,2026-06-13
18869,1729,2,225125,A98,2026-05-24
18870,230,4,223505,K86,2026-05-22
18871,410,1,225125,A98,2026-06-11
18872,4866,2,225125,K86,2026-05-13
18873,4929,3,225125,K86,2026-03-07
18874,1860,4,223505,X86,2026-04-20
18875,3442,6,223208,D83,2026-01-25
18876,1950,9,322230,A98,2026-03-26
18877,3307,4,223505,X86,2026-03-13
18878,2319,6,223208,D83,2026-06-01
18879,559,2,225125,A98,2026-01-29
18880,1755,2,225125,A98,2026-03-24
18881,2040,6,223208,D83,2026-02-02
18882,874,3,225125,A98,2026-05-21
18883,3546,6,223208,D83,2026-04-22
18884,1107,1,225125,A98,2026-02-02
18885,906,9,322230,A98,2026-06-10
18886,2035,6,223208,D83,2026-03-02
18887,1886,3,225125,K86,2026-01-16
18888,4851,3,225125,K86,2026-02-16
18889,301,9,322230,A98,2026-06-15
18890,4269,7,223208,D83,2026-04-18
18891,2997,5,223505,A93,2026-03-03
18892,860,8,322230,A98,2026-05-19
18893,2953,2,225125,W78,2026-06-04
18894,1802,2,225125,W78,2026-03-05
18895,1447,7,223208,D83,2026-02-07
18896,465,9,322230,A98,2026-01-10
18897,4434,6,223208,D83,2026-04-12
18898,579,9,322230,A98,2026-03-24
18899,2893,2,225125,A98,2026-05-07
18900,905,1,225125,A98,2026-01-11
18901,1742,4,223505,K86,2026-02-07
18902,2815,9,322230,A98,2026-05-03
18903,287,1,225125,A98,2026-01-06
18904,505,9,322230,A98,2026-01-05
18905,3449,2,225125,K86,2026-03-10
18906,1460,1,225125,A98,2026-04-23
18907,1567,9,322230,A98,2026-03-29
18908,4132,3,225125,A98,2026-06-09
18909,4667,6,223208,D83,2026-03-30
18910,1309,3,225125,W78,2026-03-14
18911,1175,1,225125,A98,2026-01-06
18912,4491,4,223505,X86,2026-06-25
18913,3184,2,225125,A98,2026-02-11
18914,3818,8,322230,A98,2026-03-08
18915,1110,7,223208,D83,2026-03-01
18916,908,4,223505,K86,2026-04-26
18917,3135,5,223505,K86,2026-06-15
18918,1048,1,225125,X86,2026-03-05
18919,941,1,225125,A93,2026-04-16
18920,2825,2,225125,A98,2026-04-18
18921,1131,8,322230,A98,2026-05-06
18922,1916,2,225125,A98,2026-04-05
18923,3437,2,225125,X86,2026-02-10
18924,3067,2,225125,A93,2026-04-28
18925,1667,7,223208,D83,2026-05-03
18926,655,6,223208,D83,2026-05-10
18927,3640,5,223505,K86,2026-01-03
18928,3559,2,225125,K86,2026-04-01
18929,2209,3,225125,W78,2026-05-09
18930,2120,3,225125,A98,2026-02-07
18931,3300,1,225125,A98,2026-05-06
18932,4013,2,225125,A98,2026-03-12
18933,3432,6,223208,D83,2026-05-30
18934,2698,1,225125,K86,2026-01-06
18935,1223,8,322230,A98,2026-03-27
18936,1509,8,322230,A98,2026-06-24
18937,4743,1,225125,X86,2026-06-23
18938,2169,2,225125,T90,2026-06-04
18939,3775,7,223208,D83,2026-05-24
18940,2136,4,223505,K86,2026-06-12
18941,1848,4,223505,K86,2026-01-25
18942,4551,6,223208,D83,2026-02-28
18943,3221,5,223505,T90,2026-04-22
18944,2741,3,225125,T90,2026-01-21
18945,1923,8,322230,A98,2026-03-31
18946,595,2,225125,T90,2026-02-14
18947,473,3,225125,A98,2026-02-12
18948,4563,1,225125,A93,2026-03-19
18949,2024,7,223208,D83,2026-04-03
18950,60,8,322230,A98,2026-01-02
18951,2123,7,223208,D83,2026-05-22
18952,478,7,223208,D83,2026-06-13
18953,155,9,322230,A98,2026-04-30
18954,1779,7,223208,D83,2026-01-14
18955,1036,4,223505,K86,2026-05-19
18956,396,8,322230,A98,2026-05-31
18957,4788,6,223208,D83,2026-01-16
18958,286,4,223505,K86,2026-02-07
18959,4838,2,225125,K86,2026-03-03
18960,4645,6,223208,D83,2026-05-18
18961,4123,1,225125,A93,2026-01-03
18962,2707,8,322230,A98,2026-01-28
18963,2904,4,223505,A98,2026-05-08
18964,607,5,223505,X86,2026-04-25
18965,133,3,225125,K86,2026-03-29
18966,4089,3,225125,K86,2026-05-14
18967,649,5,223505,A98,2026-04-13
18968,3348,5,223505,A93,2026-01-29
18969,1149,1,225125,A98,2026-01-31
18970,640,1,225125,A98,2026-05-01
18971,4022,2,225125,W78,2026-01-14
18972,783,1,225125,A93,2026-04-06
18973,2096,1,225125,A98,2026-05-23
18974,4160,4,223505,A98,2026-01-09
18975,1228,9,322230,A98,2026-03-01
18976,2527,9,322230,A98,2026-04-28
18977,4331,9,322230,A98,2026-05-18
18978,843,7,223208,D83,2026-06-09
18979,3344,6,223208,D83,2026-02-14
18980,605,1,225125,A98,2026-05-25
18981,2210,9,322230,A98,2026-06-13
18982,3113,8,322230,A98,2026-01-02
18983,4991,7,223208,D83,2026-01-08
18984,3578,1,225125,K86,2026-01-20
18985,2050,1,225125,A93,2026-04-25
18986,242,8,322230,A98,2026-01-20
18987,4413,6,223208,D83,2026-03-03
18988,2961,5,223505,T90,2026-06-09
18989,4783,6,223208,D83,2026-01-04
18990,3341,5,223505,A93,2026-01-29
18991,2449,8,322230,A98,2026-02-27
18992,12,5,223505,T90,2026-01-06
18993,1359,9,322230,A98,2026-06-14
18994,3995,2,225125,X86,2026-03-01
18995,2811,1,225125,A98,2026-05-15
18996,22,4,223505,A98,2026-04-01
18997,2509,2,225125,W78,2026-03-06
18998,4661,1,225125,X86,2026-04-08
18999,3608,1,225125,K86,2026-05-11
19000,2042,8,322230,A98,2026-04-26
19001,1614,2,225125,W78,2026-04-30
19002,4726,4,223505,T90,2026-04-22
19003,1623,4,223505,K86,2026-02-12
19004,4996,6,223208,D83,2026-03-30
19005,1494,9,322230,A98,2026-04-15
19006,2814,2,225125,A98,2026-06-24
19007,2004,8,322230,A98,2026-06-20
19008,425,4,223505,K86,2026-05-08
19009,4407,5,223505,W78,2026-04-26
19010,1300,6,223208,D83,2026-04-17
19011,3034,2,225125,K86,2026-01-27
19012,1319,7,223208,D83,2026-02-03
19013,3034,2,225125,A98,2026-03-07
19014,2452,8,322230,A98,2026-01-24
19015,4187,6,223208,D83,2026-06-02
19016,3333,5,223505,A98,2026-03-02
19017,1888,2,225125,W78,2026-03-21
19018,1080,7,223208,D83,2026-01-02
19019,1188,1,225125,T90,2026-03-03
19020,2503,3,225125,A98,2026-03-02
19021,3710,9,322230,A98,2026-06-10
19022,571,1,225125,T90,2026-01-25
19023,888,8,322230,A98,2026-05-30
19024,3707,4,223505,A93,2026-03-20
19025,4604,3,225125,A93,2026-03-07
19026,889,2,225125,A98,2026-05-22
19027,2735,1,225125,W78,2026-04-14
19028,1466,2,225125,A98,2026-01-18
19029,2616,7,223208,D83,2026-05-04
19030,1483,7,223208,D83,2026-06-25
19031,3289,8,322230,A98,2026-04-21
19032,3400,4,223505,A98,2026-01-25
19033,907,8,322230,A98,2026-04-04
19034,4345,6,223208,D83,2026-02-02
19035,567,3,225125,T90,2026-06-16
19036,1414,5,223505,X86,2026-04-04
19037,4031,9,322230,A98,2026-05-22
19038,2215,2,225125,A98,2026-02-23
19039,3345,3,225125,W78,2026-02-28
19040,4860,5,223505,A98,2026-02-12
19041,868,8,322230,A98,2026-01-25
19042,1383,3,225125,K86,2026-01-31
19043,248,6,223208,D83,2026-03-05
19044,881,9,322230,A98,2026-01-19
19045,2410,5,223505,A98,2026-02-02
19046,500,2,225125,A98,2026-01-04
19047,4198,3,225125,K86,2026-04-01
19048,344,6,223208,D83,2026-05-10
19049,324,7,223208,D83,2026-06-02
19050,2840,3,225125,W78,2026-03-06
19051,1916,8,322230,A98,2026-05-11
19052,2594,9,322230,A98,2026-06-24
19053,2849,2,225125,A98,2026-06-22
19054,980,2,225125,W78,2026-06-28
19055,1448,4,223505,K86,2026-02-25
19056,898,2,225125,K86,2026-03-20
19057,4479,9,322230,A98,2026-01-13
19058,4290,9,322230,A98,2026-05-31
19059,1342,4,223505,A93,2026-01-08
19060,2346,1,225125,K86,2026-03-01
19061,3225,3,225125,X86,2026-05-04
19062,3800,7,223208,D83,2026-04-12
19063,2211,2,225125,A98,2026-06-10
19064,104,4,223505,T90,2026-05-27
19065,3414,7,223208,D83,2026-01-28
19066,414,2,225125,A93,2026-03-26
19067,433,1,225125,K86,2026-02-18
19068,2329,2,225125,X86,2026-04-19
19069,848,7,223208,D83,2026-05-04
19070,4144,4,223505,W78,2026-05-31
19071,3985,2,225125,X86,2026-05-07
19072,395,2,225125,T90,2026-04-24
19073,1633,7,223208,D83,2026-01-24
19074,164,5,223505,T90,2026-04-18
19075,4102,6,223208,D83,2026-06-13
19076,3464,2,225125,W78,2026-01-06
19077,944,1,225125,A98,2026-06-16
19078,246,4,223505,X86,2026-05-03
19079,1866,7,223208,D83,2026-04-01
19080,994,3,225125,W78,2026-03-21
19081,4848,3,225125,W78,2026-04-29
19082,4467,1,225125,A98,2026-06-21
19083,2440,5,223505,K86,2026-01-17
19084,4355,6,223208,D83,2026-04-29
19085,275,5,223505,A93,2026-05-01
19086,3274,5,223505,K86,2026-05-28
19087,3871,7,223208,D83,2026-02-11
19088,2515,9,322230,A98,2026-04-21
19089,2681,8,322230,A98,2026-01-15
19090,2824,3,225125,K86,2026-02-27
19091,4147,9,322230,A98,2026-02-26
19092,2743,8,322230,A98,2026-04-17
19093,3170,1,225125,A98,2026-01-31
19094,2818,1,225125,X86,2026-05-13
19095,4292,5,223505,A98,2026-06-19
19096,4066,2,225125,A98,2026-03-09
19097,4831,2,225125,W78,2026-01-30
19098,2481,2,225125,K86,2026-01-29
19099,203,3,225125,A93,2026-01-16
19100,1119,1,225125,A98,2026-01-27
19101,781,2,225125,T90,2026-05-14
19102,3146,3,225125,W78,2026-02-04
19103,3575,4,223505,W78,2026-04-23
19104,3353,1,225125,A93,2026-04-03
19105,1138,6,223208,D83,2026-03-12
19106,4251,5,223505,A98,2026-02-15
19107,3135,9,322230,A98,2026-02-18
19108,4538,5,223505,A98,2026-03-23
19109,1393,1,225125,A98,2026-03-21
19110,1538,1,225125,A93,2026-06-24
19111,1311,9,322230,A98,2026-06-19
19112,3240,6,223208,D83,2026-02-21
19113,357,1,225125,A98,2026-01-01
19114,1280,5,223505,W78,2026-06-04
19115,1201,3,225125,A98,2026-06-29
19116,4418,9,322230,A98,2026-03-27
19117,2573,2,225125,A98,2026-02-14
19118,3816,5,223505,K86,2026-04-10
19119,348,4,223505,A98,2026-04-23
19120,1354,8,322230,A98,2026-03-03
19121,2625,3,225125,K86,2026-02-01
19122,3507,2,225125,A98,2026-05-16
19123,3573,1,225125,A98,2026-03-14
19124,2741,1,225125,T90,2026-04-25
19125,1084,2,225125,T90,2026-04-09
19126,3898,5,223505,T90,2026-04-26
19127,209,1,225125,A98,2026-01-24
19128,4511,1,225125,X86,2026-03-31
19129,1952,2,225125,A98,2026-04-25
19130,525,6,223208,D83,2026-05-14
19131,1795,5,223505,A98,2026-05-17
19132,321,9,322230,A98,2026-03-01
19133,611,4,223505,W78,2026-01-21
19134,2220,4,223505,K86,2026-05-10
19135,3317,8,322230,A98,2026-03-30
19136,638,4,223505,K86,2026-02-18
19137,4507,6,223208,D83,2026-03-22
19138,614,8,322230,A98,2026-04-01
19139,1679,2,225125,X86,2026-01-16
19140,1643,3,225125,K86,2026-01-23
19141,3066,9,322230,A98,2026-04-26
19142,464,5,223505,K86,2026-01-13
19143,2912,7,223208,D83,2026-03-19
19144,3182,2,225125,A93,2026-01-07
19145,4385,3,225125,K86,2026-06-27
19146,3635,6,223208,D83,2026-04-16
19147,2114,4,223505,A98,2026-03-01
19148,3617,5,223505,X86,2026-04-07
19149,2100,7,223208,D83,2026-05-24
19150,4658,6,223208,D83,2026-03-18
19151,4070,1,225125,K86,2026-05-22
19152,481,4,223505,A98,2026-03-12
19153,2542,1,225125,A93,2026-05-13
19154,2527,2,225125,X86,2026-03-28
19155,4905,7,223208,D83,2026-03-25
19156,4642,9,322230,A98,2026-06-22
19157,3457,2,225125,A93,2026-06-02
19158,1442,2,225125,T90,2026-03-29
19159,2984,4,223505,K86,2026-03-15
19160,3374,2,225125,A98,2026-01-21
19161,3670,1,225125,A98,2026-05-03
19162,1761,9,322230,A98,2026-04-25
19163,4443,7,223208,D83,2026-06-20
19164,1173,1,225125,K86,2026-05-07
19165,3139,2,225125,T90,2026-02-23
19166,2293,1,225125,K86,2026-03-30
19167,2880,4,223505,K86,2026-01-25
19168,4552,1,225125,X86,2026-06-25
19169,3163,9,322230,A98,2026-01-25
19170,1526,7,223208,D83,2026-05-12
19171,4869,3,225125,K86,2026-03-08
19172,3419,1,225125,A93,2026-01-23
19173,4242,1,225125,K86,2026-02-13
19174,779,2,225125,A98,2026-02-27
19175,4050,9,322230,A98,2026-03-27
19176,1225,3,225125,K86,2026-05-14
19177,4545,4,223505,X86,2026-02-14
19178,2341,8,322230,A98,2026-03-18
19179,1776,3,225125,W78,2026-03-01
19180,1823,3,225125,K86,2026-04-08
19181,4185,3,225125,K86,2026-03-29
19182,1603,1,225125,X86,2026-06-11
19183,2971,9,322230,A98,2026-05-26
19184,1516,2,225125,K86,2026-04-06
19185,2060,7,223208,D83,2026-02-16
19186,2324,3,225125,W78,2026-04-08
19187,4361,1,225125,K86,2026-03-12
19188,2755,2,225125,A98,2026-01-18
19189,3594,8,322230,A98,2026-04-24
19190,3779,9,322230,A98,2026-03-20
19191,2727,9,322230,A98,2026-01-02
19192,2129,5,223505,K86,2026-05-31
19193,4398,2,225125,A93,2026-02-20
19194,1268,2,225125,K86,2026-05-23
19195,4905,1,225125,X86,2026-01-25
19196,3015,1,225125,A98,2026-05-01
19197,659,1,225125,X86,2026-02-22
19198,2970,9,322230,A98,2026-05-18
19199,1049,9,322230,A98,2026-03-19
19200,671,9,322230,A98,2026-06-06
19201,3126,1,225125,K86,2026-01-10
19202,1337,2,225125,K86,2026-03-01
19203,3239,6,223208,D83,2026-01-16
19204,792,1,225125,A98,2026-03-03
19205,414,2,225125,A98,2026-02-10
19206,1803,8,322230,A98,2026-02-08
19207,3059,3,225125,A93,2026-02-09
19208,666,1,225125,K86,2026-04-18
19209,2487,6,223208,D83,2026-02-06
19210,3556,1,225125,A98,2026-06-24
19211,3206,4,223505,K86,2026-04-02
19212,4115,3,225125,A98,2026-02-07
19213,878,2,225125,A98,2026-01-05
19214,2319,9,322230,A98,2026-03-27
19215,2679,6,223208,D83,2026-03-20
19216,819,5,223505,K86,2026-04-23
19217,4836,4,223505,A98,2026-06-06
19218,4950,7,223208,D83,2026-05-14
19219,2298,2,225125,A93,2026-02-08
19220,1091,8,322230,A98,2026-03-18
19221,1404,6,223208,D83,2026-01-02
19222,3662,7,223208,D83,2026-05-17
19223,3739,4,223505,A93,2026-05-02
19224,3480,4,223505,K86,2026-01-04
19225,3497,2,225125,T90,2026-01-04
19226,1387,5,223505,T90,2026-06-16
19227,856,7,223208,D83,2026-04-06
19228,4490,9,322230,A98,2026-04-15
19229,4413,1,225125,A93,2026-04-10
19230,3554,3,225125,X86,2026-03-09
19231,2116,2,225125,W78,2026-04-13
19232,3925,1,225125,A93,2026-02-25
19233,4877,4,223505,X86,2026-05-22
19234,1053,2,225125,X86,2026-01-14
19235,845,9,322230,A98,2026-04-09
19236,1419,5,223505,K86,2026-01-08
19237,2239,4,223505,T90,2026-01-10
19238,2396,5,223505,W78,2026-06-22
19239,2346,2,225125,T90,2026-05-22
19240,1646,2,225125,A93,2026-03-12
19241,2490,9,322230,A98,2026-03-05
19242,3491,4,223505,K86,2026-06-25
19243,4396,3,225125,W78,2026-03-20
19244,3156,3,225125,W78,2026-02-09
19245,1523,3,225125,A98,2026-05-25
19246,1578,6,223208,D83,2026-02-13
19247,4739,6,223208,D83,2026-03-14
19248,2862,1,225125,A93,2026-02-05
19249,4663,8,322230,A98,2026-02-01
19250,3113,7,223208,D83,2026-01-20
19251,571,6,223208,D83,2026-04-08
19252,3279,4,223505,T90,2026-05-16
19253,658,2,225125,K86,2026-01-08
19254,1503,7,223208,D83,2026-02-21
19255,3163,3,225125,A98,2026-03-25
19256,2870,1,225125,A98,2026-02-22
19257,2579,4,223505,A98,2026-04-30
19258,3674,3,225125,A93,2026-06-07
19259,2144,1,225125,A98,2026-06-12
19260,4679,3,225125,A98,2026-03-09
19261,3915,1,225125,T90,2026-01-26
19262,1788,1,225125,A93,2026-04-20
19263,2266,2,225125,A93,2026-03-12
19264,3074,4,223505,T90,2026-06-04
19265,988,1,225125,T90,2026-02-01
19266,3559,1,225125,W78,2026-03-29
19267,717,2,225125,K86,2026-02-19
19268,4465,1,225125,T90,2026-05-27
19269,2600,9,322230,A98,2026-02-21
19270,769,9,322230,A98,2026-03-08
19271,2915,9,322230,A98,2026-03-24
19272,1012,4,223505,X86,2026-05-14
19273,2094,3,225125,X86,2026-04-01
19274,804,2,225125,A98,2026-06-14
19275,3809,7,223208,D83,2026-04-06
19276,1561,2,225125,A98,2026-06-09
19277,2014,5,223505,A98,2026-05-15
19278,2086,1,225125,A93,2026-03-18
19279,84,5,223505,A98,2026-03-08
19280,1651,9,322230,A98,2026-01-27
19281,2477,5,223505,K86,2026-02-11
19282,563,1,225125,K86,2026-01-10
19283,1824,4,223505,K86,2026-05-24
19284,3004,7,223208,D83,2026-01-07
19285,3101,9,322230,A98,2026-05-27
19286,1715,3,225125,A93,2026-03-14
19287,53,1,225125,A98,2026-04-02
19288,2425,2,225125,A98,2026-04-25
19289,4846,7,223208,D83,2026-03-11
19290,2971,7,223208,D83,2026-04-22
19291,1806,2,225125,W78,2026-01-16
19292,4478,2,225125,T90,2026-03-14
19293,795,8,322230,A98,2026-04-19
19294,2079,2,225125,K86,2026-04-19
19295,1288,4,223505,A98,2026-06-09
19296,3632,3,225125,W78,2026-02-02
19297,4893,3,225125,K86,2026-02-14
19298,4966,4,223505,A93,2026-05-26
19299,3877,6,223208,D83,2026-01-24
19300,1895,2,225125,K86,2026-02-20
19301,3776,2,225125,T90,2026-05-15
19302,1976,4,223505,A98,2026-06-22
19303,3889,9,322230,A98,2026-02-11
19304,4979,5,223505,A98,2026-01-25
19305,2649,8,322230,A98,2026-01-16
19306,184,6,223208,D83,2026-05-14
19307,495,2,225125,A98,2026-05-18
19308,4076,1,225125,W78,2026-04-22
19309,196,9,322230,A98,2026-02-19
19310,1157,4,223505,T90,2026-06-14
19311,366,7,223208,D83,2026-02-20
19312,2881,2,225125,A98,2026-02-20
19313,4951,8,322230,A98,2026-01-21
19314,449,4,223505,K86,2026-01-11
19315,2848,3,225125,A98,2026-05-25
19316,4464,2,225125,X86,2026-02-07
19317,33,2,225125,T90,2026-01-01
19318,3867,1,225125,W78,2026-06-26
19319,2085,3,225125,A93,2026-04-03
19320,4007,9,322230,A98,2026-05-06
19321,1637,4,223505,K86,2026-03-28
19322,2427,2,225125,K86,2026-04-10
19323,4240,6,223208,D83,2026-02-03
19324,16,1,225125,T90,2026-06-28
19325,3869,1,225125,A93,2026-05-29
19326,3781,6,223208,D83,2026-05-25
19327,4494,2,225125,A93,2026-06-07
19328,4998,9,322230,A98,2026-05-13
19329,1482,3,225125,A93,2026-01-01
19330,3772,6,223208,D83,2026-03-02
19331,1757,1,225125,T90,2026-05-20
19332,1789,1,225125,K86,2026-03-21
19333,732,9,322230,A98,2026-01-24
19334,3916,5,223505,A98,2026-05-22
19335,3916,5,223505,K86,2026-05-14
19336,4173,1,225125,A93,2026-03-11
19337,1206,5,223505,K86,2026-01-04
19338,3110,1,225125,A98,2026-01-03
19339,29,7,223208,D83,2026-06-11
19340,2527,5,223505,A98,2026-05-22
19341,2141,2,225125,K86,2026-06-02
19342,813,4,223505,A93,2026-05-22
19343,152,2,225125,A98,2026-05-17
19344,1591,9,322230,A98,2026-06-27
19345,610,4,223505,A93,2026-02-19
19346,1748,2,225125,A98,2026-06-11
19347,935,5,223505,A98,2026-02-18
19348,3773,1,225125,X86,2026-02-24
19349,30,1,225125,A98,2026-04-20
19350,3898,2,225125,A98,2026-04-26
19351,4708,2,225125,A93,2026-04-22
19352,1271,5,223505,T90,2026-01-17
19353,3189,7,223208,D83,2026-01-12
19354,309,2,225125,T90,2026-05-31
19355,3387,9,322230,A98,2026-01-03
19356,1698,2,225125,A98,2026-03-04
19357,183,5,223505,X86,2026-06-04
19358,4785,3,225125,A93,2026-01-11
19359,1665,1,225125,A98,2026-03-10
19360,1624,8,322230,A98,2026-01-28
19361,573,2,225125,A98,2026-02-23
19362,3460,8,322230,A98,2026-05-12
19363,4742,4,223505,T90,2026-03-07
19364,2717,9,322230,A98,2026-02-05
19365,1910,2,225125,K86,2026-04-30
19366,1464,4,223505,A93,2026-06-18
19367,4890,3,225125,T90,2026-04-22
19368,4802,8,322230,A98,2026-06-22
19369,3754,2,225125,T90,2026-05-21
19370,2407,2,225125,W78,2026-04-15
19371,1485,4,223505,A93,2026-04-13
19372,2104,2,225125,K86,2026-02-16
19373,1645,2,225125,A98,2026-04-16
19374,937,1,225125,W78,2026-03-08
19375,256,9,322230,A98,2026-03-01
19376,1972,3,225125,K86,2026-01-15
19377,3326,1,225125,T90,2026-01-20
19378,925,1,225125,A98,2026-05-08
19379,1938,3,225125,A93,2026-05-09
19380,2694,1,225125,A98,2026-04-17
19381,2836,3,225125,A98,2026-02-21
19382,2458,2,225125,K86,2026-06-28
19383,2715,7,223208,D83,2026-02-26
19384,4462,9,322230,A98,2026-05-12
19385,103,6,223208,D83,2026-05-17
19386,104,8,322230,A98,2026-01-30
19387,979,8,322230,A98,2026-06-19
19388,2416,4,223505,A98,2026-06-29
19389,814,2,225125,K86,2026-03-24
19390,4850,2,225125,X86,2026-02-13
19391,158,9,322230,A98,2026-03-16
19392,3569,2,225125,A98,2026-01-05
19393,4385,3,225125,A98,2026-01-20
19394,1012,2,225125,A93,2026-02-24
19395,4245,2,225125,T90,2026-01-15
19396,4905,8,322230,A98,2026-01-09
19397,3446,1,225125,T90,2026-05-03
19398,1157,2,225125,X86,2026-02-24
19399,3662,1,225125,X86,2026-03-23
19400,956,2,225125,K86,2026-02-07
19401,1629,4,223505,K86,2026-02-14
19402,4865,5,223505,W78,2026-05-16
19403,184,4,223505,A98,2026-06-06
19404,2643,2,225125,W78,2026-02-01
19405,1725,3,225125,W78,2026-01-27
19406,2179,4,223505,X86,2026-01-18
19407,748,2,225125,X86,2026-06-22
19408,4884,6,223208,D83,2026-04-09
19409,3513,5,223505,K86,2026-05-27
19410,338,2,225125,A98,2026-05-19
19411,4378,2,225125,K86,2026-04-20
19412,1275,9,322230,A98,2026-01-23
19413,3553,2,225125,W78,2026-01-05
19414,846,1,225125,A98,2026-04-05
19415,3945,7,223208,D83,2026-03-13
19416,2424,2,225125,A98,2026-05-17
19417,4265,2,225125,A93,2026-05-20
19418,4142,4,223505,X86,2026-06-27
19419,597,9,322230,A98,2026-03-02
19420,245,8,322230,A98,2026-05-11
19421,1692,7,223208,D83,2026-06-06
19422,1462,1,225125,A98,2026-02-10
19423,806,6,223208,D83,2026-01-21
19424,75,2,225125,T90,2026-02-26
19425,3671,1,225125,A98,2026-05-05
19426,842,8,322230,A98,2026-03-02
19427,1165,1,225125,A98,2026-01-24
19428,816,4,223505,K86,2026-01-26
19429,3588,3,225125,X86,2026-01-27
19430,1943,7,223208,D83,2026-04-10
19431,4817,1,225125,K86,2026-06-12
19432,1746,2,225125,A98,2026-03-05
19433,4114,1,225125,A98,2026-03-26
19434,4839,3,225125,X86,2026-05-03
19435,1559,8,322230,A98,2026-01-04
19436,2398,3,225125,K86,2026-03-13
19437,2444,5,223505,X86,2026-03-29
19438,3599,2,225125,A93,2026-01-20
19439,1385,2,225125,K86,2026-05-17
19440,2731,9,322230,A98,2026-02-19
19441,3446,3,225125,K86,2026-04-23
19442,750,2,225125,T90,2026-06-27
19443,3515,8,322230,A98,2026-03-19
19444,3294,8,322230,A98,2026-01-24
19445,2664,7,223208,D83,2026-02-05
19446,1945,2,225125,W78,2026-01-16
19447,4246,2,225125,T90,2026-02-26
19448,3187,1,225125,A98,2026-01-05
19449,353,3,225125,K86,2026-03-30
19450,1778,2,225125,A98,2026-06-27
19451,3987,1,225125,K86,2026-05-26
19452,3534,5,223505,A98,2026-05-05
19453,2414,1,225125,X86,2026-06-23
19454,551,6,223208,D83,2026-05-07
19455,3317,8,322230,A98,2026-04-14
19456,4819,5,223505,T90,2026-05-18
19457,2731,3,225125,A93,2026-05-26
19458,384,7,223208,D83,2026-05-23
19459,4347,5,223505,A98,2026-03-10
19460,4746,8,322230,A98,2026-04-04
19461,45,8,322230,A98,2026-01-28
19462,3674,7,223208,D83,2026-05-16
19463,4119,5,223505,K86,2026-02-22
19464,1005,6,223208,D83,2026-06-21
19465,2648,7,223208,D83,2026-03-26
19466,813,1,225125,X86,2026-01-31
19467,3826,4,223505,K86,2026-06-28
19468,2628,6,223208,D83,2026-05-04
19469,1444,2,225125,A93,2026-01-24
19470,1671,3,225125,T90,2026-06-11
19471,1384,1,225125,A98,2026-01-21
19472,2711,4,223505,A93,2026-04-05
19473,1501,8,322230,A98,2026-02-17
19474,820,5,223505,K86,2026-06-24
19475,2365,3,225125,A93,2026-04-16
19476,4071,4,223505,A98,2026-03-29
19477,2970,1,225125,A98,2026-01-26
19478,2234,7,223208,D83,2026-03-17
19479,227,3,225125,A98,2026-01-18
19480,1362,1,225125,A93,2026-04-17
19481,4958,7,223208,D83,2026-01-28
19482,4462,6,223208,D83,2026-04-13
19483,1785,2,225125,X86,2026-01-27
19484,4184,5,223505,X86,2026-03-27
19485,3243,2,225125,T90,2026-05-22
19486,2630,8,322230,A98,2026-06-07
19487,3163,1,225125,K86,2026-01-01
19488,2664,5,223505,X86,2026-02-03
19489,3455,9,322230,A98,2026-02-08
19490,514,8,322230,A98,2026-01-16
19491,184,1,225125,K86,2026-04-06
19492,2028,1,225125,X86,2026-05-24
19493,2076,9,322230,A98,2026-05-09
19494,4002,7,223208,D83,2026-02-03
19495,4368,7,223208,D83,2026-05-16
19496,1344,9,322230,A98,2026-06-15
19497,2190,4,223505,A93,2026-01-19
19498,792,1,225125,T90,2026-03-17
19499,4094,4,223505,K86,2026-02-01
19500,2818,7,223208,D83,2026-03-07
19501,1260,9,322230,A98,2026-02-24
19502,765,2,225125,A98,2026-02-21
19503,4175,4,223505,K86,2026-04-14
19504,2278,3,225125,K86,2026-03-05
19505,3800,3,225125,K86,2026-01-18
19506,4040,6,223208,D83,2026-02-11
19507,3453,8,322230,A98,2026-04-05
19508,836,2,225125,A98,2026-03-12
19509,4954,2,225125,A98,2026-03-30
19510,1162,1,225125,W78,2026-01-23
19511,487,7,223208,D83,2026-06-12
19512,931,8,322230,A98,2026-06-12
19513,4523,1,225125,W78,2026-02-03
19514,1476,2,225125,W78,2026-06-19
19515,2461,4,223505,A93,2026-03-31
19516,340,1,225125,T90,2026-02-16
19517,4747,6,223208,D83,2026-03-06
19518,3570,7,223208,D83,2026-06-29
19519,1791,2,225125,A98,2026-05-13
19520,1503,4,223505,A98,2026-06-22
19521,1316,5,223505,K86,2026-02-25
19522,2963,1,225125,A98,2026-04-24
19523,1884,6,223208,D83,2026-03-11
19524,2931,4,223505,K86,2026-02-01
19525,792,5,223505,A93,2026-01-25
19526,363,2,225125,W78,2026-03-14
19527,1469,2,225125,K86,2026-02-08
19528,670,5,223505,K86,2026-04-25
19529,2859,5,223505,A98,2026-05-17
19530,1258,1,225125,X86,2026-05-09
19531,4324,1,225125,A98,2026-06-19
19532,422,7,223208,D83,2026-02-15
19533,3418,4,223505,A98,2026-04-19
19534,3378,3,225125,A98,2026-04-29
19535,3776,3,225125,A93,2026-01-14
19536,678,2,225125,A98,2026-05-17
19537,2778,4,223505,X86,2026-02-06
19538,2538,4,223505,W78,2026-05-30
19539,140,4,223505,W78,2026-05-07
19540,1219,2,225125,X86,2026-04-14
19541,4071,6,223208,D83,2026-01-29
19542,3877,4,223505,A98,2026-03-08
19543,2964,9,322230,A98,2026-03-30
19544,4496,3,225125,A98,2026-06-19
19545,2214,9,322230,A98,2026-06-27
19546,169,5,223505,K86,2026-02-14
19547,461,5,223505,T90,2026-04-15
19548,2425,2,225125,K86,2026-03-31
19549,515,9,322230,A98,2026-06-12
19550,2600,6,223208,D83,2026-05-18
19551,4919,1,225125,A93,2026-03-11
19552,3424,2,225125,A98,2026-03-07
19553,900,2,225125,T90,2026-03-19
19554,1633,3,225125,T90,2026-01-13
19555,1976,7,223208,D83,2026-03-23
19556,2076,9,322230,A98,2026-03-18
19557,3614,3,225125,X86,2026-01-15
19558,4497,2,225125,A98,2026-05-16
19559,3595,1,225125,T90,2026-01-15
19560,3728,5,223505,K86,2026-02-03
19561,3736,6,223208,D83,2026-04-07
19562,399,5,223505,X86,2026-01-02
19563,94,6,223208,D83,2026-05-09
19564,3995,4,223505,A98,2026-04-04
19565,962,8,322230,A98,2026-02-08
19566,2801,5,223505,A98,2026-02-07
19567,4997,4,223505,A98,2026-01-20
19568,3026,8,322230,A98,2026-01-10
19569,802,2,225125,A98,2026-02-01
19570,1949,9,322230,A98,2026-03-29
19571,3497,8,322230,A98,2026-04-07
19572,4198,9,322230,A98,2026-05-28
19573,3164,2,225125,A98,2026-01-26
19574,3443,2,225125,A98,2026-01-16
19575,2328,5,223505,A98,2026-04-13
19576,205,9,322230,A98,2026-03-05
19577,995,2,225125,K86,2026-02-23
19578,1095,4,223505,A98,2026-04-06
19579,2576,2,225125,T90,2026-04-20
19580,698,3,225125,K86,2026-06-11
19581,1420,5,223505,W78,2026-04-09
19582,3446,4,223505,A93,2026-05-27
19583,3076,7,223208,D83,2026-01-13
19584,4699,4,223505,A93,2026-01-23
19585,2508,2,225125,X86,2026-05-07
19586,2237,2,225125,T90,2026-03-25
19587,758,1,225125,A98,2026-06-05
19588,4844,3,225125,A98,2026-04-12
19589,224,5,223505,W78,2026-03-18
19590,841,4,223505,K86,2026-02-02
19591,1618,5,223505,K86,2026-04-27
19592,1105,2,225125,A98,2026-03-24
19593,3377,1,225125,W78,2026-04-24
19594,3183,4,223505,A98,2026-04-22
19595,1725,8,322230,A98,2026-05-31
19596,1959,6,223208,D83,2026-03-10
19597,1757,2,225125,A98,2026-05-17
19598,2805,1,225125,K86,2026-03-05
19599,1096,8,322230,A98,2026-05-15
19600,435,1,225125,K86,2026-03-12
19601,1807,1,225125,W78,2026-05-20
19602,4600,2,225125,K86,2026-04-30
19603,3204,2,225125,A98,2026-06-19
19604,3188,1,225125,K86,2026-05-25
19605,4228,2,225125,K86,2026-05-22
19606,2824,3,225125,A98,2026-01-21
19607,3173,1,225125,K86,2026-02-14
19608,4898,5,223505,X86,2026-01-17
19609,3733,9,322230,A98,2026-06-03
19610,1815,3,225125,A93,2026-04-04
19611,736,1,225125,A93,2026-06-25
19612,938,2,225125,A98,2026-04-11
19613,4599,1,225125,A93,2026-06-07
19614,609,2,225125,A93,2026-04-16
19615,4984,2,225125,K86,2026-06-09
19616,4818,8,322230,A98,2026-01-16
19617,1031,1,225125,A93,2026-06-26
19618,4378,4,223505,K86,2026-05-05
19619,3767,7,223208,D83,2026-05-21
19620,1196,2,225125,A98,2026-03-10
19621,4205,2,225125,K86,2026-03-26
19622,4211,6,223208,D83,2026-06-06
19623,1650,2,225125,K86,2026-04-11
19624,2906,2,225125,W78,2026-01-23
19625,1193,2,225125,K86,2026-01-12
19626,4255,1,225125,K86,2026-02-28
19627,3616,2,225125,A98,2026-01-26
19628,4894,4,223505,X86,2026-05-14
19629,3215,1,225125,A98,2026-02-22
19630,157,4,223505,A98,2026-03-06
19631,3135,4,223505,T90,2026-04-14
19632,2759,2,225125,K86,2026-02-10
19633,3915,2,225125,A98,2026-03-24
19634,1502,6,223208,D83,2026-04-11
19635,3416,1,225125,K86,2026-05-20
19636,466,2,225125,X86,2026-03-23
19637,4884,1,225125,A98,2026-05-24
19638,447,1,225125,W78,2026-01-27
19639,1762,8,322230,A98,2026-02-21
19640,164,5,223505,X86,2026-06-14
19641,520,1,225125,K86,2026-05-21
19642,322,8,322230,A98,2026-01-17
19643,790,9,322230,A98,2026-02-05
19644,4521,2,225125,T90,2026-02-18
19645,714,8,322230,A98,2026-01-13
19646,2576,3,225125,A93,2026-01-30
19647,3194,8,322230,A98,2026-02-17
19648,1757,4,223505,T90,2026-04-29
19649,2605,2,225125,T90,2026-03-04
19650,539,1,225125,A98,2026-06-21
19651,472,4,223505,A98,2026-06-24
19652,783,2,225125,A98,2026-02-07
19653,2876,3,225125,X86,2026-06-24
19654,1822,9,322230,A98,2026-02-17
19655,567,1,225125,A98,2026-01-27
19656,4971,1,225125,K86,2026-06-17
19657,4709,9,322230,A98,2026-01-02
19658,1794,7,223208,D83,2026-04-28
19659,1387,7,223208,D83,2026-05-14
19660,4232,1,225125,K86,2026-03-17
19661,297,1,225125,A98,2026-04-10
19662,1132,7,223208,D83,2026-04-27
19663,3728,4,223505,X86,2026-06-26
19664,1499,2,225125,W78,2026-03-05
19665,4648,6,223208,D83,2026-03-17
19666,2641,1,225125,A93,2026-04-15
19667,4043,4,223505,A93,2026-02-25
19668,4360,8,322230,A98,2026-04-18
19669,2888,2,225125,K86,2026-06-26
19670,2549,6,223208,D83,2026-02-17
19671,1469,1,225125,W78,2026-01-06
19672,3466,4,223505,A98,2026-04-07
19673,4053,8,322230,A98,2026-01-29
19674,3424,8,322230,A98,2026-01-19
19675,622,2,225125,K86,2026-06-26
19676,2660,4,223505,K86,2026-03-01
19677,4476,9,322230,A98,2026-04-13
19678,4406,4,223505,A98,2026-03-22
19679,2108,8,322230,A98,2026-05-17
19680,416,9,322230,A98,2026-04-03
19681,2112,4,223505,K86,2026-04-18
19682,3625,1,225125,A98,2026-02-02
19683,1131,8,322230,A98,2026-03-24
19684,2710,1,225125,X86,2026-06-21
19685,1425,1,225125,A98,2026-04-07
19686,2049,9,322230,A98,2026-06-13
19687,4648,7,223208,D83,2026-02-03
19688,3777,8,322230,A98,2026-05-17
19689,2437,2,225125,A98,2026-05-22
19690,1276,8,322230,A98,2026-01-07
19691,312,9,322230,A98,2026-01-13
19692,1111,3,225125,A93,2026-03-12
19693,1048,5,223505,T90,2026-01-02
19694,59,9,322230,A98,2026-03-13
19695,1997,2,225125,T90,2026-05-23
19696,3354,4,223505,W78,2026-05-02
19697,1189,3,225125,X86,2026-01-24
19698,3461,1,225125,K86,2026-01-30
19699,2667,1,225125,X86,2026-03-31
19700,2170,8,322230,A98,2026-01-09
19701,4697,9,322230,A98,2026-06-06
19702,102,7,223208,D83,2026-05-15
19703,2239,4,223505,A98,2026-05-12
19704,1027,2,225125,A98,2026-06-14
19705,4481,6,223208,D83,2026-05-09
19706,136,6,223208,D83,2026-05-04
19707,1556,2,225125,T90,2026-05-10
19708,797,6,223208,D83,2026-05-21
19709,1977,2,225125,T90,2026-02-03
19710,1374,8,322230,A98,2026-06-06
19711,3660,2,225125,K86,2026-04-26
19712,2153,8,322230,A98,2026-01-15
19713,1388,1,225125,X86,2026-03-31
19714,4368,7,223208,D83,2026-04-23
19715,426,7,223208,D83,2026-04-17
19716,2597,1,225125,A98,2026-03-04
19717,3930,2,225125,A98,2026-04-09
19718,4718,2,225125,A98,2026-03-27
19719,3827,8,322230,A98,2026-05-09
19720,4802,8,322230,A98,2026-01-10
19721,1842,2,225125,K86,2026-05-04
19722,3997,8,322230,A98,2026-03-18
19723,4363,2,225125,K86,2026-02-12
19724,2030,1,225125,A98,2026-01-18
19725,2218,5,223505,K86,2026-01-07
19726,3482,2,225125,T90,2026-04-28
19727,3950,9,322230,A98,2026-04-17
19728,746,6,223208,D83,2026-04-01
19729,692,8,322230,A98,2026-03-02
19730,4732,8,322230,A98,2026-02-19
19731,3309,6,223208,D83,2026-04-20
19732,40,2,225125,A98,2026-01-22
19733,560,5,223505,W78,2026-05-13
19734,903,2,225125,K86,2026-01-27
19735,1559,1,225125,W78,2026-06-15
19736,908,9,322230,A98,2026-02-12
19737,2658,7,223208,D83,2026-06-17
19738,2850,9,322230,A98,2026-06-05
19739,498,6,223208,D83,2026-02-04
19740,3743,5,223505,A98,2026-02-01
19741,1911,1,225125,A98,2026-04-20
19742,750,7,223208,D83,2026-02-20
19743,805,2,225125,T90,2026-04-30
19744,9,7,223208,D83,2026-05-30
19745,4200,5,223505,A93,2026-01-31
19746,3898,8,322230,A98,2026-03-31
19747,2668,3,225125,A93,2026-06-04
19748,4527,8,322230,A98,2026-01-15
19749,3835,5,223505,W78,2026-04-21
19750,4087,1,225125,A93,2026-06-27
19751,4565,6,223208,D83,2026-03-03
19752,1230,2,225125,A98,2026-03-02
19753,3819,4,223505,X86,2026-03-31
19754,2143,3,225125,K86,2026-04-06
19755,1712,3,225125,K86,2026-06-02
19756,4508,4,223505,K86,2026-03-09
19757,4890,3,225125,A98,2026-04-04
19758,4796,7,223208,D83,2026-05-17
19759,1997,1,225125,A98,2026-05-27
19760,1744,2,225125,T90,2026-02-11
19761,1753,8,322230,A98,2026-03-27
19762,2666,6,223208,D83,2026-02-07
19763,26,4,223505,A98,2026-05-31
19764,4374,7,223208,D83,2026-05-08
19765,2328,9,322230,A98,2026-03-15
19766,2239,1,225125,X86,2026-02-25
19767,3338,1,225125,T90,2026-05-23
19768,268,3,225125,A98,2026-05-08
19769,3589,2,225125,A98,2026-05-02
19770,3996,3,225125,W78,2026-01-09
19771,2573,2,225125,A98,2026-04-05
19772,4125,6,223208,D83,2026-01-22
19773,366,2,225125,K86,2026-03-05
19774,475,1,225125,T90,2026-02-12
19775,3922,5,223505,A93,2026-03-05
19776,4056,1,225125,A98,2026-05-29
19777,2631,8,322230,A98,2026-02-07
19778,2542,8,322230,A98,2026-02-05
19779,4278,4,223505,T90,2026-05-05
19780,1651,1,225125,X86,2026-03-14
19781,2056,3,225125,K86,2026-04-06
19782,2548,4,223505,W78,2026-03-04
19783,3952,4,223505,A98,2026-03-16
19784,1094,2,225125,K86,2026-05-12
19785,642,7,223208,D83,2026-03-11
19786,2352,6,223208,D83,2026-01-28
19787,434,9,322230,A98,2026-04-28
19788,3949,3,225125,A93,2026-02-05
19789,1111,2,225125,X86,2026-03-13
19790,1145,2,225125,T90,2026-04-04
19791,3633,1,225125,K86,2026-02-19
19792,4955,6,223208,D83,2026-06-06
19793,1903,7,223208,D83,2026-03-27
19794,4382,4,223505,A98,2026-04-19
19795,2899,3,225125,A93,2026-06-15
19796,3986,9,322230,A98,2026-06-07
19797,2485,7,223208,D83,2026-03-21
19798,3291,4,223505,T90,2026-06-03
19799,159,2,225125,X86,2026-03-25
19800,3350,8,322230,A98,2026-04-22
19801,76,3,225125,A98,2026-01-23
19802,2650,1,225125,A98,2026-02-20
19803,2626,5,223505,X86,2026-04-17
19804,2964,5,223505,K86,2026-03-10
19805,1830,1,225125,K86,2026-05-08
19806,3438,7,223208,D83,2026-05-28
19807,2277,5,223505,A98,2026-04-06
19808,1670,8,322230,A98,2026-06-11
19809,3154,7,223208,D83,2026-02-28
19810,1356,5,223505,W78,2026-02-21
19811,2518,7,223208,D83,2026-03-08
19812,3766,5,223505,K86,2026-06-05
19813,4367,4,223505,A98,2026-01-09
19814,3122,4,223505,X86,2026-04-18
19815,4441,6,223208,D83,2026-04-11
19816,629,3,225125,A98,2026-03-22
19817,2837,2,225125,A98,2026-01-16
19818,4546,1,225125,A98,2026-03-19
19819,3191,4,223505,X86,2026-06-25
19820,4090,5,223505,X86,2026-05-01
19821,4381,2,225125,A98,2026-02-24
19822,1648,8,322230,A98,2026-01-15
19823,81,3,225125,K86,2026-05-18
19824,4443,2,225125,W78,2026-01-17
19825,2048,7,223208,D83,2026-05-01
19826,4830,2,225125,A98,2026-04-22
19827,446,2,225125,K86,2026-04-22
19828,2034,8,322230,A98,2026-03-30
19829,163,1,225125,W78,2026-05-13
19830,1126,2,225125,K86,2026-04-11
19831,3576,9,322230,A98,2026-01-02
19832,3944,8,322230,A98,2026-04-30
19833,2950,2,225125,K86,2026-02-04
19834,3238,8,322230,A98,2026-02-11
19835,2745,1,225125,T90,2026-02-15
19836,1367,4,223505,A98,2026-04-17
19837,2079,7,223208,D83,2026-05-07
19838,3747,8,322230,A98,2026-01-11
19839,2939,2,225125,K86,2026-05-22
19840,1177,9,322230,A98,2026-04-03
19841,3037,4,223505,A98,2026-03-18
19842,2762,3,225125,A98,2026-03-31
19843,838,7,223208,D83,2026-01-22
19844,2319,3,225125,A98,2026-02-10
19845,1534,9,322230,A98,2026-01-08
19846,4169,3,225125,K86,2026-03-27
19847,3923,4,223505,W78,2026-04-22
19848,3372,1,225125,K86,2026-03-27
19849,2437,7,223208,D83,2026-01-16
19850,431,5,223505,A98,2026-05-12
19851,2572,9,322230,A98,2026-01-07
19852,3373,2,225125,A93,2026-01-14
19853,3885,6,223208,D83,2026-06-19
19854,2680,2,225125,A93,2026-03-09
19855,4308,6,223208,D83,2026-05-23
19856,1932,1,225125,X86,2026-04-27
19857,4959,9,322230,A98,2026-04-07
19858,613,2,225125,X86,2026-03-30
19859,3174,7,223208,D83,2026-03-15
19860,2211,5,223505,A93,2026-03-02
19861,2870,4,223505,T90,2026-05-21
19862,2951,2,225125,A98,2026-03-30
19863,2528,1,225125,K86,2026-01-27
19864,2245,7,223208,D83,2026-04-07
19865,751,8,322230,A98,2026-05-19
19866,2224,9,322230,A98,2026-01-20
19867,1808,2,225125,X86,2026-01-25
19868,3950,5,223505,K86,2026-05-27
19869,1157,1,225125,T90,2026-03-27
19870,2137,5,223505,K86,2026-02-16
19871,767,1,225125,A93,2026-05-23
19872,1251,1,225125,W78,2026-02-19
19873,1076,7,223208,D83,2026-04-26
19874,731,4,223505,A98,2026-03-07
19875,1217,4,223505,X86,2026-03-21
19876,4578,3,225125,A98,2026-01-14
19877,850,3,225125,A93,2026-03-29
19878,4917,3,225125,K86,2026-02-20
19879,4251,6,223208,D83,2026-05-23
19880,4700,6,223208,D83,2026-04-16
19881,3127,9,322230,A98,2026-02-24
19882,1614,1,225125,A98,2026-04-07
19883,2796,8,322230,A98,2026-05-01
19884,4736,8,322230,A98,2026-05-04
19885,1480,9,322230,A98,2026-06-07
19886,1323,6,223208,D83,2026-04-08
19887,4412,6,223208,D83,2026-03-02
19888,831,2,225125,T90,2026-06-06
19889,3346,1,225125,T90,2026-05-19
19890,1645,8,322230,A98,2026-01-02
19891,3338,1,225125,K86,2026-03-02
19892,1970,7,223208,D83,2026-03-28
19893,4602,4,223505,W78,2026-03-07
19894,1343,8,322230,A98,2026-03-04
19895,1450,2,225125,T90,2026-05-09
19896,3412,2,225125,K86,2026-03-11
19897,4343,4,223505,A98,2026-05-03
19898,4522,6,223208,D83,2026-03-30
19899,1681,3,225125,T90,2026-02-22
19900,4484,6,223208,D83,2026-01-28
19901,2831,9,322230,A98,2026-03-15
19902,1498,8,322230,A98,2026-03-05
19903,2400,8,322230,A98,2026-02-02
19904,4795,6,223208,D83,2026-05-25
19905,4151,5,223505,A98,2026-05-26
19906,2346,9,322230,A98,2026-06-12
19907,1010,7,223208,D83,2026-01-22
19908,3111,1,225125,A93,2026-06-09
19909,1921,1,225125,A98,2026-01-19
19910,4213,5,223505,A98,2026-01-13
19911,609,9,322230,A98,2026-01-05
19912,1524,1,225125,T90,2026-01-06
19913,2900,8,322230,A98,2026-03-27
19914,604,8,322230,A98,2026-01-18
19915,4211,6,223208,D83,2026-02-01
19916,3672,1,225125,K86,2026-05-26
19917,4055,4,223505,K86,2026-02-20
19918,851,1,225125,A98,2026-03-16
19919,4063,5,223505,A98,2026-03-20
19920,1286,6,223208,D83,2026-01-11
19921,4979,3,225125,A98,2026-04-04
19922,3477,9,322230,A98,2026-02-15
19923,1349,6,223208,D83,2026-01-09
19924,1452,5,223505,X86,2026-04-16
19925,2300,1,225125,A98,2026-05-05
19926,456,6,223208,D83,2026-02-10
19927,365,2,225125,K86,2026-06-04
19928,2918,6,223208,D83,2026-02-13
19929,1875,1,225125,A93,2026-04-05
19930,1578,1,225125,X86,2026-03-11
19931,1309,5,223505,A93,2026-03-29
19932,2498,7,223208,D83,2026-02-22
19933,234,7,223208,D83,2026-03-13
19934,2982,9,322230,A98,2026-03-21
19935,4669,1,225125,A93,2026-06-04
19936,4543,7,223208,D83,2026-01-20
19937,1201,1,225125,A98,2026-03-13
19938,4425,6,223208,D83,2026-01-23
19939,2561,1,225125,A98,2026-03-18
19940,1858,3,225125,A98,2026-03-27
19941,4469,2,225125,A98,2026-03-12
19942,3077,9,322230,A98,2026-03-15
19943,975,3,225125,A98,2026-01-05
19944,1688,9,322230,A98,2026-06-14
19945,3771,1,225125,A98,2026-06-18
19946,1045,5,223505,A98,2026-02-26
19947,4275,8,322230,A98,2026-05-30
19948,3066,1,225125,W78,2026-03-02
19949,238,4,223505,W78,2026-05-01
19950,3507,1,225125,A93,2026-02-28
19951,425,1,225125,X86,2026-06-19
19952,3124,9,322230,A98,2026-01-20
19953,1973,2,225125,A98,2026-02-12
19954,896,7,223208,D83,2026-05-25
19955,2088,7,223208,D83,2026-02-06
19956,2383,1,225125,K86,2026-06-08
19957,2098,5,223505,A98,2026-05-28
19958,2976,2,225125,A98,2026-01-29
19959,2330,3,225125,A93,2026-05-25
19960,3928,2,225125,K86,2026-05-30
19961,1384,6,223208,D83,2026-04-07
19962,4757,5,223505,W78,2026-03-21
19963,283,2,225125,K86,2026-02-17
19964,4179,9,322230,A98,2026-01-17
19965,3825,3,225125,A98,2026-05-16
19966,3269,4,223505,A98,2026-04-02
19967,2520,7,223208,D83,2026-03-23
19968,3808,1,225125,T90,2026-01-30
19969,4621,1,225125,A98,2026-04-20
19970,1027,2,225125,K86,2026-05-29
19971,3474,8,322230,A98,2026-03-31
19972,2079,5,223505,K86,2026-04-20
19973,496,1,225125,W78,2026-06-23
19974,842,5,223505,X86,2026-01-05
19975,4115,7,223208,D83,2026-03-06
19976,2289,7,223208,D83,2026-01-04
19977,3549,5,223505,A93,2026-05-14
19978,2748,2,225125,A93,2026-05-13
19979,3016,1,225125,A98,2026-05-11
19980,4834,2,225125,X86,2026-06-27
19981,2892,3,225125,A98,2026-01-02
19982,3139,8,322230,A98,2026-01-15
19983,3232,3,225125,K86,2026-02-26
19984,806,1,225125,A98,2026-05-05
19985,413,4,223505,T90,2026-05-27
19986,1689,7,223208,D83,2026-03-19
19987,22,3,225125,A98,2026-05-12
19988,2916,5,223505,W78,2026-03-14
19989,3574,6,223208,D83,2026-01-21
19990,4626,1,225125,K86,2026-01-07
19991,2174,6,223208,D83,2026-05-25
19992,729,6,223208,D83,2026-04-25
19993,1802,5,223505,A98,2026-01-09
19994,4250,9,322230,A98,2026-06-28
19995,2444,4,223505,K86,2026-01-17
19996,1770,1,225125,A98,2026-04-24
19997,4529,9,322230,A98,2026-04-06
19998,696,5,223505,A98,2026-04-29
19999,3434,7,223208,D83,2026-03-03
20000,323,6,223208,D83,2026-04-30
