id_paciente,cns,nome,data_nascimento,sexo,idade,id_bairro,dum
1,792267635611119,Laura Viana,1942-09-05,F,84,8,
2,741698017462798,Apollo Araújo,2011-04-04,M,15,10,
3,771527309411229,Srta. Maria Vitória Marques,1994-11-24,F,32,7,
4,731559592032242,Emilly Gomes,1978-07-13,F,48,6,
5,759909925289643,Arthur Miguel Peixoto,2004-03-02,M,22,1,
6,783994400655339,Daniel Araújo,1983-10-25,M,43,10,
7,721424532240848,Stella Duarte,2001-07-01,F,25,6,2025-12-22
8,794714220711751,Eduardo Macedo,1978-04-20,M,48,5,
9,784085718367994,Sr. Theodoro Nunes,1970-01-09,M,56,10,
10,794125240997959,Srta. Anna Liz Moura,1962-04-25,F,64,8,
11,766354024812116,João Guilherme Câmara,1976-07-10,M,50,4,
12,773546851700346,Pedro Henrique Azevedo,1950-09-24,M,76,1,
13,772076875406194,Sra. Daniela Câmara,1944-10-01,F,82,9,
14,784619952062039,Sra. Sara Pimenta,2016-12-03,F,10,6,
15,774801190148207,Juan Alves,1960-02-03,M,66,1,
16,736177943919778,Sra. Larissa Araújo,1984-10-19,F,42,10,2026-02-11
17,732228719062880,Stella Siqueira,2019-04-15,F,7,7,
18,797369043499690,Antony Camargo,1969-04-01,M,57,2,
19,729443806640865,Alícia Costela,1977-12-22,F,49,3,
20,780727107197781,João Miguel Aragão,2006-02-08,M,20,6,
21,782399602134678,Raul da Mata,1944-05-22,M,82,2,
22,736280231454454,Dante Cirino,1982-12-01,M,44,4,
23,734606760756911,Samuel Barros,1988-01-03,M,38,5,
24,756416576515143,Ana Julia Carvalho,1998-11-21,F,28,1,
25,752714552580097,Thomas Câmara,2019-04-14,M,7,6,
26,764875783895615,Matheus Correia,1941-02-09,M,85,4,
27,722034610519580,Henry Gabriel Sá,2016-02-15,M,10,8,
28,730421424858297,Bella Silva,1962-12-19,F,64,3,
29,783913331252729,Nicole Moraes,1995-03-02,F,31,7,
30,790244973905157,Maria Isis Sousa,2013-10-28,F,13,3,
31,727520449160494,Bárbara da Conceição,1970-05-26,F,56,6,
32,796424735261416,Liam Martins,1958-02-05,M,68,3,
33,724979345888289,Sra. Júlia Gonçalves,2007-06-18,F,19,9,
34,758393360332409,Sra. Ana Cecília Viana,2020-02-25,F,6,3,
35,756145631957798,Alícia da Costa,1949-01-02,F,77,6,
36,728779881072553,Alice Rocha,1998-08-01,F,28,7,
37,734373088271525,Maria Fernanda Gomes,1988-03-04,F,38,8,
38,741162609821123,Levi Garcia,1998-01-09,M,28,3,
39,716927316896893,Eduarda Cassiano,1988-11-15,F,38,3,
40,732645544160476,Clara Nascimento,1964-04-10,F,62,8,
41,760057729311839,Levi da Mata,1952-01-15,M,74,1,
42,748799557683595,Ana Luiza Pimenta,1981-12-02,F,45,9,
43,766835788287387,João Pedro Teixeira,1994-08-13,M,32,8,
44,776026757641801,Eloá Fogaça,1971-06-29,F,55,2,
45,721411338295648,Ana Cecília Lima,2009-06-10,F,17,8,
46,756971092513973,Ana Julia Oliveira,1962-04-13,F,64,4,
47,752671989735094,Manuella Silveira,1976-11-14,F,50,9,
48,747770810052631,Lunna Fogaça,1995-11-14,F,31,5,2025-11-10
49,722367054873634,Isis Ramos,2001-01-10,F,25,9,
50,758799333143473,Sr. Pedro Henrique Camargo,2015-09-29,M,11,3,
51,736997182763901,Marina Porto,1976-05-01,F,50,9,
52,731245785056955,Evelyn Casa Grande,1976-10-19,F,50,5,
53,790635245382814,Marina Vieira,2004-09-24,F,22,4,
54,775357638054331,Sarah da Mota,1990-12-14,F,36,5,
55,718727458278834,Benício Barbosa,1951-09-24,M,75,1,
56,722816752408430,Yago Costela,1992-08-21,M,34,9,
57,781124454765734,Manuella Cunha,1994-08-13,F,32,8,
58,723598028033461,Dr. Caio Dias,1966-11-03,M,60,1,
59,732528071361432,Joana Mendes,1953-06-29,F,73,10,
60,753188723084012,Emilly Pinto,1996-02-15,F,30,2,2025-11-25
61,754088455131049,Samuel Melo,1979-05-29,M,47,2,
62,740410016259863,Pedro Lucas Dias,1959-04-30,M,67,8,
63,729278619800381,Nicole Mendonça,1978-10-30,F,48,3,
64,797389072927109,Dr. Luiz Otávio da Cruz,1979-06-17,M,47,5,
65,721671594540635,José Pedro Pacheco,1969-12-15,M,57,7,
66,731004660155192,Maria Luiza Campos,2016-05-27,F,10,5,
67,773761139305862,Sra. Evelyn Costela,1993-11-29,F,33,9,
68,732361995948481,Renan Guerra,1978-03-30,M,48,3,
69,720738810219734,Emilly Novais,1950-03-04,F,76,10,
70,724706507951317,Emanuella Ribeiro,2018-11-05,F,8,2,
71,750959757327259,Sra. Manuela Rios,1997-02-01,F,29,10,
72,756970562991129,Laís Pires,1947-11-03,F,79,6,
73,719611598661518,Catarina Nascimento,2015-08-30,F,11,2,
74,757810097787432,Mariana Camargo,1965-08-05,F,61,5,
75,726806993303288,André Nogueira,1959-03-17,M,67,7,
76,743564059732134,Mariana Rezende,2023-10-11,F,3,5,
77,744466985132761,Giovanna Fonseca,1984-11-29,F,42,3,2025-12-06
78,768433595082280,João Felipe das Neves,1949-03-03,M,77,8,
79,785685821261094,Enzo Gabriel Peixoto,2015-07-08,M,11,7,
80,788502944692809,Ana Julia Montenegro,2003-06-10,F,23,7,2026-02-14
81,717655159521376,Marina da Cunha,1966-04-22,F,60,7,
82,712278092827725,Giovanna Pastor,2008-06-20,F,18,4,2025-12-17
83,765275305771815,Murilo Duarte,1966-12-09,M,60,7,
84,726266243175276,Dr. Diego Novais,1993-05-06,M,33,6,
85,758094089531136,Vitor Gabriel das Neves,1972-08-04,M,54,10,
86,769885739286389,Gabrielly Sales,1971-06-20,F,55,5,
87,767148334989128,Bryan Fernandes,1966-02-23,M,60,5,
88,744179312182672,Sra. Milena Moraes,2007-04-16,F,19,10,
89,717630904233714,Bárbara Mendes,2026-02-14,F,0,3,
90,750249340506944,Ana Sophia Machado,1961-07-30,F,65,7,
91,733169265411300,Maria Alice Cardoso,2004-07-16,F,22,8,
92,739517111797970,Maria Vitória Carvalho,1958-06-24,F,68,8,
93,743994054361490,Cecilia Sá,2021-07-29,F,5,7,
94,736417821069227,Dra. Bárbara Pires,1952-07-20,F,74,4,
95,737776303399768,Yuri Nascimento,2001-04-26,M,25,9,
96,721365788831930,Hellena Oliveira,1986-03-04,F,40,5,2026-03-16
97,742064246514049,Hellena Garcia,2024-01-13,F,2,1,
98,773537139829019,Zoe Câmara,2019-09-20,F,7,9,
99,761598068906311,Maria Sophia Ramos,1968-05-11,F,58,5,
100,750723823887291,Maria Clara Souza,2025-06-13,F,1,6,
101,781317628666606,Kevin da Costa,1983-11-18,M,43,2,
102,731166792381991,Agatha Rios,1944-12-26,F,82,7,
103,714302773174027,Emanuella Cavalcanti,1980-05-17,F,46,9,
104,750633423303201,Sra. Ana Moraes,1945-01-21,F,81,2,
105,757011258623436,Agatha Nunes,1986-06-26,F,40,6,
106,758649403034743,Srta. Cecília Rocha,1993-02-14,F,33,3,2026-03-05
107,761471287533537,Dr. Davi Luiz Vieira,1963-09-26,M,63,5,
108,732745659702297,Daniela Marques,1990-11-06,F,36,8,
109,722359020443232,Bianca Pinto,1947-06-14,F,79,6,
110,751012219143137,Laís Pimenta,2005-05-30,F,21,9,
111,743963267947287,Aurora Carvalho,1972-11-24,F,54,2,
112,716652544752097,Sr. Davi Lucas Viana,1949-08-03,M,77,1,
113,794039226493865,Pedro Miguel Cirino,1947-11-11,M,79,2,
114,734949780543407,Lavínia Aragão,1958-11-25,F,68,6,
115,774599719148810,Olivia Azevedo,1943-03-31,F,83,7,
116,770441061092535,Melina Santos,2025-02-10,F,1,10,
117,764138123460718,Ryan Silva,1941-06-21,M,85,3,
118,754922746453287,Luigi Martins,1983-02-23,M,43,4,
119,743116356796025,Amanda Sá,2018-11-28,F,8,9,
120,722234372886911,Ísis da Conceição,2023-08-27,F,3,10,
121,747806292809142,Ayla Costa,1981-06-12,F,45,1,
122,758401417930780,Laís Mendes,1964-10-20,F,62,3,
123,769792429622943,Sofia das Neves,1994-01-14,F,32,8,2025-11-18
124,784785624220472,Manuela Ramos,1972-12-22,F,54,2,
125,768470640960536,Ana Laura Cirino,2020-08-07,F,6,10,
126,799557619262701,Maria Clara Martins,1948-07-01,F,78,3,
127,762182118618995,Rafael Albuquerque,1990-11-19,M,36,6,
128,761330175910153,Sr. Luiz Henrique Moura,2000-05-06,M,26,8,
129,758302950387985,Raquel Carvalho,2015-01-16,F,11,3,
130,725422489247534,Amanda da Rocha,2026-02-03,F,0,7,
131,779205068589274,Laís Pinto,1949-04-16,F,77,6,
132,714511295116859,Ana Luiza Caldeira,1988-03-24,F,38,10,
133,782703869590620,Elisa Machado,2019-09-30,F,7,9,
134,796143447799974,Kamilly Costa,2002-07-28,F,24,10,2025-08-04
135,730447619170859,Ester da Cunha,1956-03-19,F,70,9,
136,748858416703018,Fernanda Farias,1996-01-26,F,30,10,2025-12-05
137,787476223455341,Ian Brito,1953-02-05,M,73,9,
138,712692519505254,Benjamim Correia,1996-07-28,M,30,4,
139,723760171505574,Luiza Alves,1941-05-25,F,85,7,
140,768720705149091,Caroline Ribeiro,2004-07-25,F,22,4,
141,727546732480859,Dr. Pedro Sales,1983-11-16,M,43,6,
142,785489221241499,Dra. Allana Mendes,1998-08-12,F,28,6,
143,788066129714365,Dra. Olívia Marques,2005-08-14,F,21,8,
144,753660074627335,Ana Laura Vasconcelos,2004-09-20,F,22,3,
145,726652748757343,Ágatha Gomes,1987-10-02,F,39,4,
146,771144991684075,Dr. Isaque Mendonça,1972-09-17,M,54,2,
147,728431620471393,Levi Pires,1996-05-13,M,30,9,
148,749130005466769,Léo Teixeira,2025-07-13,M,1,9,
149,767539200702022,Ana Laura Mendonça,1996-03-02,F,30,3,
150,793786704295282,Joaquim Oliveira,1973-03-19,M,53,1,
151,764768279899059,Arthur Gabriel da Cruz,2020-09-27,M,6,9,
152,761512050509546,Bella Nascimento,1949-12-06,F,77,6,
153,780797042814722,Ayla Viana,1979-08-23,F,47,10,
154,754588442087575,Nina Pacheco,1967-09-25,F,59,1,
155,739211000895317,Bárbara Martins,2008-03-03,F,18,8,
156,726450087946835,Srta. Ana Vitória Novais,2009-12-19,F,17,1,
157,711391332286934,Olivia Cunha,2022-02-14,F,4,10,
158,762191941739904,Dra. Luana Mendonça,1941-02-03,F,85,9,
159,797019001961788,Alexia Sousa,2016-04-03,F,10,5,
160,795720150570932,Daniela Silva,2025-07-21,F,1,6,
161,798523526147286,Pietra Monteiro,1946-03-10,F,80,7,
162,711509925820312,Lara Mendonça,2005-09-10,F,21,8,
163,762274924793344,Cecilia Pacheco,2005-12-31,F,21,4,
164,727978617712312,Nathan Souza,1970-05-16,M,56,3,
165,746938565195901,Dr. Brayan Viana,1994-02-21,M,32,10,
166,737207825307963,Srta. Valentina da Paz,2019-08-22,F,7,10,
167,739145743272497,Helena Porto,1979-07-05,F,47,7,
168,778008390189699,Stephany Rios,2009-09-05,F,17,10,
169,711968907984743,Vinícius Moreira,1987-08-05,M,39,5,
170,779371947305370,Melina Souza,2010-10-12,F,16,5,2025-11-21
171,750138656352560,Dr. Arthur Miguel Pinto,1994-06-07,M,32,9,
172,722195701877618,Zoe Sousa,1988-03-09,F,38,9,
173,769048183612133,Isabela Silveira,1974-10-31,F,52,5,
174,744252345830453,Lucas Novaes,2015-03-21,M,11,4,
175,726200038297176,Sra. Heloísa Araújo,1946-07-11,F,80,6,
176,724297191504798,Luna da Paz,1978-02-28,F,48,1,
177,790142494381822,Ana Julia Castro,2021-05-13,F,5,1,
178,790202995786759,Isis Rocha,1990-06-03,F,36,4,
179,719166510362532,Sara Jesus,1975-11-06,F,51,4,
180,791682635887913,Dra. Melina Ramos,1942-11-11,F,84,1,
181,785720216028356,Ana Carolina Novaes,2016-10-16,F,10,10,
182,713047482137348,Maria Júlia Farias,1972-09-21,F,54,3,
183,786562232454981,Ana Cecília Guerra,1982-10-28,F,44,2,2025-11-11
184,723994764304960,Anna Liz Castro,1949-06-14,F,77,7,
185,759243064089035,Eloá Vasconcelos,1992-01-31,F,34,9,
186,731434751483349,Stella da Paz,1946-10-14,F,80,1,
187,735838873013624,Raquel Almeida,1946-04-19,F,80,4,
188,797822659612006,Sarah Lima,1988-07-12,F,38,2,
189,780444690083440,Vitor Fonseca,1975-10-23,M,51,5,
190,712936934722176,Caio Cavalcanti,1965-07-20,M,61,6,
191,747806022058732,Kamilly Abreu,1948-10-06,F,78,8,
192,740629421593599,Alexandre Silva,1993-09-14,M,33,2,
193,787346593148532,Vitória Correia,2002-02-04,F,24,3,
194,757494261704885,Emanuel Aragão,1968-10-15,M,58,10,
195,769384921774703,Maria Fernanda Andrade,1970-03-22,F,56,4,
196,790050513773752,Dr. Brayan Vieira,1997-01-30,M,29,6,
197,734997312593220,Otávio Rios,2000-04-24,M,26,5,
198,771060569081554,Rebeca da Costa,1966-11-20,F,60,4,
199,766982335921381,Ana Júlia Barbosa,2003-11-18,F,23,2,2026-01-02
200,788098593809571,Sr. Anthony Camargo,2005-11-06,M,21,7,
201,789101605816142,Murilo Duarte,1976-02-02,M,50,7,
202,745481811854669,Hadassa Brito,1996-07-20,F,30,5,
203,790107997336373,Sra. Alana Cavalcanti,1989-12-23,F,37,8,2025-12-25
204,738425563868853,Mariana Mendes,1945-04-12,F,81,10,
205,765599481801334,Ana Laura Cunha,2025-03-04,F,1,8,
206,737290875814034,Sr. Ravi Rios,2010-01-12,M,16,6,
207,732888445109301,Dra. Evelyn Martins,1948-01-18,F,78,3,
208,756107493884307,Antonella Aragão,2008-09-08,F,18,7,2026-03-17
209,739069844954390,Luna da Rosa,2001-06-06,F,25,5,2026-03-24
210,722650873856877,Ravy Pinto,2009-02-21,M,17,9,
211,766556097757187,Laura Rios,1960-09-07,F,66,7,
212,787902890145726,Mirella Garcia,2016-11-05,F,10,7,
213,711747844731361,Isaque Melo,1978-11-23,M,48,5,
214,761800236856049,Arthur Gabriel Aragão,1961-09-20,M,65,3,
215,776858604605467,Ana Vitória Fonseca,1989-12-11,F,37,8,
216,738140095542939,Olivia Pires,1996-10-16,F,30,7,
217,728368396497097,Sara Vargas,2015-07-09,F,11,4,
218,775325780701075,Antônio Gonçalves,2021-02-18,M,5,2,
219,744331869371338,Zoe Oliveira,1976-08-18,F,50,3,
220,765884910748478,Laura Duarte,1948-11-01,F,78,5,
221,744233894788517,Maria Júlia Borges,1969-03-24,F,57,9,
222,731310250607619,Pedro Henrique Porto,1992-04-24,M,34,8,
223,747069802364938,Olívia Pacheco,2022-05-25,F,4,5,
224,717486269052279,Ana Júlia Sales,1981-05-02,F,45,1,
225,768533033365510,Maria Fernanda Ribeiro,1990-02-21,F,36,4,
226,792853872667574,Yasmin Almeida,2012-03-17,F,14,9,
227,798382079570009,Ana Cecília Aragão,1976-07-27,F,50,7,
228,793685212606648,Isis Aparecida,1999-10-08,F,27,10,
229,743089674831690,Beatriz Macedo,2008-04-04,F,18,10,
230,739557330583463,Emanuella Sousa,1951-02-11,F,75,5,
231,778891522277022,Giovanna Marques,1961-11-09,F,65,2,
232,733805072448737,Kamilly Câmara,1943-04-09,F,83,10,
233,792959946661971,Antony da Costa,2002-10-01,M,24,8,
234,713820454702367,Isabelly Lopes,2023-03-20,F,3,9,
235,778366428452982,Isis Casa Grande,1984-05-23,F,42,6,
236,749496432769100,Joana Freitas,1994-06-30,F,32,1,
237,732801189149870,Ayla Vargas,1973-08-22,F,53,1,
238,772328135791804,Letícia Santos,2023-09-13,F,3,9,
239,797307867914140,Mariana Gonçalves,2001-11-15,F,25,10,
240,740139939988576,Raul Cirino,2009-03-17,M,17,6,
241,778293726484555,Enzo Mendonça,1994-05-25,M,32,1,
242,711306846027981,Nicole Vasconcelos,1989-07-24,F,37,2,
243,784735256586662,Enzo Fonseca,1952-01-26,M,74,5,
244,729072598568724,Evelyn das Neves,1985-09-23,F,41,7,
245,741360892910927,Stella Melo,2002-07-07,F,24,9,
246,726128748655321,Maria Júlia da Paz,1963-10-11,F,63,6,
247,770468923632025,Guilherme Costa,2005-04-02,M,21,6,
248,733811119150227,Giovanna Costela,1960-12-16,F,66,3,
249,737683317439097,Pedro Lucas Lopes,1984-02-27,M,42,1,
250,725602053619686,Raquel Cavalcante,1965-02-28,F,61,2,
251,731224384254503,Joaquim Cavalcante,1997-01-13,M,29,5,
252,782309427583533,Gustavo Henrique Oliveira,1991-03-16,M,35,9,
253,718131396448724,Dra. Nicole Rezende,1966-04-18,F,60,5,
254,728798404869708,João Guilherme Cirino,1993-07-10,M,33,7,
255,745425946298948,Luiz Miguel Cavalcanti,1989-09-22,M,37,7,
256,732510142084365,Luna Barbosa,2019-03-18,F,7,4,
257,776199779024665,Giovanna Lima,1951-10-20,F,75,7,
258,745474173498657,Srta. Maria Luiza Pastor,1968-11-02,F,58,6,
259,776695886606849,Maysa Cassiano,1968-07-07,F,58,7,
260,778806476248277,Melissa Viana,1965-01-27,F,61,10,
261,764807955780084,Vitor Camargo,1960-03-16,M,66,2,
262,753596233306263,Maria Luísa Pinto,1999-07-27,F,27,4,
263,730998306216426,Srta. Lorena Aparecida,1942-05-18,F,84,5,
264,714505606028011,Ana Clara da Rocha,1987-01-05,F,39,4,
265,753096410494387,Sabrina Almeida,2006-09-07,F,20,10,
266,767738601443998,Sra. Milena Barbosa,1947-05-17,F,79,2,
267,734269427770596,Alana Ferreira,1991-05-19,F,35,5,
268,717986681504645,Gael Machado,1966-10-04,M,60,1,
269,785686312048985,Dra. Cecília Gomes,1997-11-24,F,29,1,
270,737770316995390,Ana Júlia da Cunha,1991-01-05,F,35,1,2025-08-20
271,743710905886337,Brenda Martins,1990-04-17,F,36,1,
272,727906607358872,João Lucas Macedo,1968-12-22,M,58,4,
273,777062032082921,Samuel da Rosa,1954-06-23,M,72,9,
274,756657367249334,Aylla Siqueira,1975-06-12,F,51,2,
275,757558601355568,Emilly Macedo,2005-07-25,F,21,1,
276,718713081332231,Ana Luiza da Cruz,1997-09-24,F,29,8,2025-11-17
277,768658514012649,Sara Alves,1958-11-26,F,68,3,
278,784657344351875,Vinicius Abreu,1941-04-12,M,85,4,
279,793443831404395,Isabelly da Mota,1945-09-02,F,81,7,
280,748845935433948,Isaque Nogueira,1948-03-23,M,78,1,
281,732032391024798,Mathias Melo,1957-12-01,M,69,3,
282,770710580576646,Fernando Costela,1977-07-16,M,49,3,
283,780588621087691,Luna Pastor,2022-08-21,F,4,9,
284,780034317931708,José Pedro Cirino,1950-04-21,M,76,8,
285,739714969758445,Julia da Paz,1982-05-04,F,44,6,
286,782827952824996,Stephany Sá,2013-10-12,F,13,10,
287,747926536086862,Davi Luiz Correia,2011-10-04,M,15,8,
288,740763499851503,Sra. Jade Ramos,2013-01-21,F,13,6,
289,723367009963817,Anthony Gabriel Nascimento,1973-12-12,M,53,7,
290,760984054845004,Helena Borges,1997-11-16,F,29,10,2025-10-21
291,717640425397051,Bella da Mota,1963-10-31,F,63,5,
292,754485938308675,Srta. Júlia Pimenta,1940-08-07,F,86,6,
293,772452192514027,Matteo Barbosa,1969-03-14,M,57,2,
294,710696330362614,Pietro Cirino,1960-03-31,M,66,5,
295,719677807860397,Clarice Câmara,2020-04-18,F,6,7,
296,729462905689968,Maria Julia Silveira,2019-09-13,F,7,8,
297,771286790574834,Brenda Azevedo,1952-10-29,F,74,2,
298,727706719388708,Isabel Novaes,1962-06-21,F,64,10,
299,779914351226145,Samuel Rodrigues,1957-05-29,M,69,4,
300,734134477650663,Vinícius Azevedo,1983-06-04,M,43,4,
301,785661139111224,Zoe Machado,1971-12-25,F,55,8,
302,796968318219769,Bárbara Camargo,2019-04-24,F,7,4,
303,786719860027799,Esther Almeida,2002-07-05,F,24,2,
304,761549476931597,Cecília Fogaça,1962-01-10,F,64,3,
305,716085803255052,André Cirino,1999-12-16,M,27,8,
306,716624771644201,Kaique Mendonça,2016-10-28,M,10,8,
307,756769355948275,Helena Fonseca,1993-02-12,F,33,1,2025-11-26
308,718646946980187,Luiz Miguel Nunes,1993-12-24,M,33,8,
309,741949616248551,Ravi Rios,1991-01-01,M,35,2,
310,760271966587669,Davi Luiz Barros,1974-05-08,M,52,5,
311,737239248478923,Antonella Fonseca,1998-04-11,F,28,8,
312,746578275255736,Marina da Paz,1981-08-29,F,45,3,2025-12-18
313,750694579503064,Sra. Maria Julia Borges,2024-02-02,F,2,9,
314,790511411285267,Lívia Mendes,1943-01-11,F,83,2,
315,793350321889915,Fernando Rezende,1971-08-29,M,55,8,
316,733561903929508,Bruna Monteiro,2024-02-27,F,2,4,
317,715158587941953,Mariane Pires,1946-12-06,F,80,5,
318,791503601564486,Erick Teixeira,1985-04-11,M,41,6,
319,749402716940305,Srta. Ana Sophia Barros,1990-01-10,F,36,5,
320,764310196575070,Isadora Siqueira,1948-03-10,F,78,4,
321,746824199937793,Bárbara Vieira,1957-05-10,F,69,6,
322,727530624401956,Dra. Ana Sophia Azevedo,2003-07-15,F,23,2,
323,774543519418565,Sra. Julia Cardoso,1956-12-03,F,70,9,
324,728402518432444,Daniel Sales,2001-01-24,M,25,2,
325,758304018048679,Rebeca Duarte,1987-07-24,F,39,4,2026-01-03
326,761449433265815,Helena Brito,2016-02-19,F,10,10,
327,725847626498076,Ester Peixoto,1946-06-08,F,80,2,
328,779278735705558,Leandro Araújo,2014-01-05,M,12,3,
329,744290284658167,Letícia da Costa,2022-09-20,F,4,2,
330,713448712498496,Daniel Ribeiro,1953-11-03,M,73,2,
331,766125254613163,Letícia Andrade,1974-09-02,F,52,6,
332,789732513639424,Leonardo Nogueira,2013-05-08,M,13,9,
333,736297518223481,Vitória Ribeiro,1983-06-17,F,43,6,
334,779466999415711,Dra. Maitê Brito,1940-06-18,F,86,10,
335,720422335212132,Dra. Isadora Lopes,1954-04-29,F,72,7,
336,750532921333277,Benjamin Mendes,2015-02-24,M,11,6,
337,710346038673929,Ravi Lucca Nascimento,1953-09-18,M,73,1,
338,775583849837669,Carolina Castro,1947-10-31,F,79,3,
339,793060110770030,Pietro Barbosa,1978-01-13,M,48,3,
340,795861406778105,Sr. Isaque Albuquerque,2008-06-02,M,18,10,
341,716371582347997,Valentina Mendonça,2006-03-27,F,20,9,
342,775236698087497,José Pedro Mendes,2012-08-16,M,14,10,
343,775352967690720,Srta. Maria Cecília da Cruz,1949-07-26,F,77,10,
344,756580145421928,Sra. Marcela Peixoto,1998-12-07,F,28,9,
345,725696090275619,Antony Barbosa,2003-06-16,M,23,10,
346,770647335088931,Thomas Melo,1966-03-25,M,60,5,
347,782738379116259,Isadora Moraes,1964-05-02,F,62,8,
348,746577429811224,Mariana Ferreira,2015-12-02,F,11,6,
349,732044476964355,Kaique Viana,2002-12-12,M,24,6,
350,718983473464727,Luana Mendes,1982-12-03,F,44,9,
351,766408542115427,Leandro Vasconcelos,1965-12-29,M,61,10,
352,745073378462342,João Guilherme Cassiano,1978-09-29,M,48,9,
353,711918114107567,Esther Nogueira,2002-12-28,F,24,6,
354,766447735798221,Bianca Marques,1943-03-01,F,83,7,
355,729770637051270,Théo Pastor,1985-02-05,M,41,8,
356,729673726017646,Sra. Isabel Cassiano,2013-11-27,F,13,4,
357,798439329153867,Eloah Caldeira,1976-06-22,F,50,5,
358,783358475460141,Maitê Correia,1994-04-11,F,32,3,
359,766255443882311,Maria Júlia Nascimento,1978-12-26,F,48,6,
360,777679918905186,Fernanda Monteiro,1965-10-04,F,61,6,
361,721997671691887,Bella Pereira,1971-05-13,F,55,10,
362,745390592683482,Maria Isis Barros,1978-06-05,F,48,2,
363,758838016220030,Antonella Rezende,1969-10-29,F,57,8,
364,710953493585585,Maria Alice Camargo,1968-07-21,F,58,3,
365,797608365888201,Ian Barros,1945-01-07,M,81,1,
366,731688862833037,Srta. Natália Moraes,1960-04-27,F,66,1,
367,726155251330246,Giovanna Teixeira,1971-11-14,F,55,1,
368,735965688409963,Bella Cunha,1968-08-17,F,58,7,
369,755190869812342,Mirella Jesus,2017-11-25,F,9,1,
370,743471241948956,Arthur Miguel Brito,1970-07-31,M,56,6,
371,714199116990718,Gustavo Henrique da Rosa,1987-04-25,M,39,6,
372,755794048757111,Mirella Machado,1976-03-21,F,50,9,
373,769000094721913,Sr. Henry Gabriel Almeida,2015-12-12,M,11,3,
374,753869414028183,Ravi Cunha,1975-06-14,M,51,3,
375,778328821918341,Maria Luiza Costela,1975-06-15,F,51,3,
376,710324208721230,Mariana Machado,2007-01-19,F,19,3,2026-02-28
377,765531426152387,Dra. Alice das Neves,1958-08-25,F,68,1,
378,722486303453173,Davi Lucas Almeida,1955-04-18,M,71,2,
379,797571374449887,Ana Vitória Azevedo,1996-06-10,F,30,1,
380,796858582928409,Thomas Martins,1995-03-17,M,31,1,
381,798333836571932,Sra. Lunna Nascimento,1976-05-05,F,50,2,
382,749818254276473,Ana Clara Costa,1962-04-27,F,64,4,
383,731924890817597,Srta. Rafaela Costela,1943-07-16,F,83,1,
384,770071915290210,Sofia Siqueira,1941-11-02,F,85,3,
385,734903741352795,Raquel Fonseca,1981-10-01,F,45,6,
386,730293785210263,Olivia Mendonça,1968-07-25,F,58,5,
387,715079061455562,Isabela Martins,2009-09-04,F,17,6,
388,764734379751626,Isaque Moraes,1962-05-17,M,64,9,
389,778112753326561,Rebeca Fonseca,1947-11-09,F,79,4,
390,776534397183362,Letícia Ribeiro,1968-07-06,F,58,2,
391,784946779478234,Alícia Rodrigues,1948-01-31,F,78,3,
392,725116109586894,José Viana,2012-04-06,M,14,2,
393,785104253028488,Giovanna Mendonça,2009-07-01,F,17,8,2025-12-15
394,726671219927214,Gustavo Barbosa,1966-04-08,M,60,2,
395,785326793238680,Heloísa Dias,1954-12-10,F,72,5,
396,712582424294566,Sr. Henrique da Mata,1963-05-03,M,63,4,
397,739850701809418,Hadassa Rocha,1949-06-19,F,77,5,
398,753840320098814,Otto Jesus,1998-12-11,M,28,10,
399,797015268956194,Bento da Costa,1967-09-28,M,59,6,
400,739486897762563,Srta. Ísis das Neves,1940-05-18,F,86,2,
401,737055279553250,Thiago Almeida,1962-12-23,M,64,8,
402,764139292963117,Alícia da Mata,2010-09-24,F,16,1,
403,769325040271160,Ester Pinto,2011-02-04,F,15,3,
404,720590867726507,Pedro Miguel Fogaça,2020-08-21,M,6,3,
405,735585173077002,Liz Ramos,2023-06-12,F,3,7,
406,777600674718300,Alice Sampaio,1967-02-15,F,59,9,
407,746899576696852,Stella Sampaio,2017-06-06,F,9,10,
408,729932377017847,Laura da Mota,1946-10-29,F,80,8,
409,734866069026150,Mariana da Luz,1963-03-03,F,63,1,
410,727908685854847,Dra. Maria Alice da Paz,1970-04-25,F,56,7,
411,773404381111846,Josué Castro,1960-09-28,M,66,4,
412,717321296163788,Isabelly Sousa,1952-12-08,F,74,2,
413,710641344553858,Sabrina Cavalcanti,2001-05-25,F,25,5,
414,750533915526756,Melina Vieira,1995-02-17,F,31,9,
415,773394183613165,Sra. Emanuelly Alves,2001-09-05,F,25,9,
416,778854961538171,Valentina Almeida,1966-11-21,F,60,3,
417,755302450062946,Emilly Monteiro,1987-04-23,F,39,4,
418,783077233099646,Mariane Cunha,1977-12-24,F,49,8,
419,773205181720066,Gustavo da Luz,2004-11-25,M,22,8,
420,768985316885977,Hellena da Cunha,2013-02-01,F,13,3,
421,770545750933451,Benicio Andrade,2006-05-11,M,20,10,
422,768117679084409,Nina Fogaça,1978-12-10,F,48,6,
423,736393193854696,Vitor Hugo Almeida,2009-09-06,M,17,9,
424,784288147006702,Matheus Caldeira,1964-02-24,M,62,8,
425,731752856247225,Srta. Maria Liz Garcia,2012-07-24,F,14,4,
426,786927057613976,Eduarda Peixoto,1967-07-14,F,59,2,
427,749372987553472,Emanuelly Ramos,1952-01-21,F,74,9,
428,757636864005826,Antony da Mota,2007-02-02,M,19,1,
429,714508880858812,Marcela Abreu,1983-03-08,F,43,2,
430,738654851628978,Gabrielly Barbosa,2012-04-22,F,14,10,
431,765683167611702,Rebeca Santos,1964-07-10,F,62,6,
432,735976460167563,Ísis Nogueira,2022-10-22,F,4,7,
433,738605131920180,Maria Isis Guerra,1987-01-17,F,39,8,
434,764201975350998,João Guilherme Caldeira,1972-03-30,M,54,1,
435,757467663679488,Sra. Yasmin Cirino,1999-04-28,F,27,3,
436,756563339081079,Pedro Lucas Câmara,1981-08-21,M,45,6,
437,740812161416163,Srta. Jade Fogaça,2005-10-31,F,21,10,
438,743527275247332,Julia da Rosa,2006-11-04,F,20,2,
439,740767897242286,Emilly Mendes,1992-06-23,F,34,5,
440,767300929764030,Joaquim da Mota,2000-12-19,M,26,7,
441,721331648996453,Maria Alice Azevedo,1951-04-17,F,75,9,
442,749152496900467,Maria Luiza Cunha,2021-11-22,F,5,3,
443,762512384676671,Emilly Nunes,2007-04-09,F,19,5,2025-10-28
444,714771560525935,Ana Beatriz Ramos,2005-06-28,F,21,7,
445,743955361773489,Hadassa Pereira,1962-11-20,F,64,4,
446,732861763762298,Levi Cassiano,2015-10-17,M,11,5,
447,731048014962555,Davi Lucas Almeida,1989-03-19,M,37,8,
448,779050373023791,Bruna Cavalcante,1985-10-27,F,41,8,2026-01-23
449,731528176805458,Maria Luiza Ribeiro,2000-11-08,F,26,8,
450,735999589497929,Brenda Cassiano,2022-08-03,F,4,2,
451,777129492165814,Bento Ramos,2006-12-07,M,20,1,
452,756698597892245,Hadassa Fonseca,1963-11-14,F,63,9,
453,741363256548748,Isabela Siqueira,1977-09-16,F,49,7,
454,738874996899890,Pietra da Mota,1994-07-11,F,32,4,2025-08-13
455,747506124719396,João Gabriel Cunha,2021-07-11,M,5,2,
456,784323608262075,Sra. Allana Montenegro,2001-02-04,F,25,4,2025-10-06
457,718849782697399,Ana Lívia Viana,1949-06-18,F,77,9,
458,765248273679766,Luana Casa Grande,1973-10-28,F,53,8,
459,749805089918651,Sr. Calebe Dias,2017-04-20,M,9,3,
460,728133207455048,Bruna Andrade,1976-11-08,F,50,4,
461,764036942729636,Murilo Pires,2009-05-04,M,17,2,
462,763449210183028,Ana Beatriz da Rocha,1969-06-10,F,57,9,
463,720739762451611,Sra. Ana Vitória da Rocha,2023-12-23,F,3,9,
464,795816679484348,Noah Guerra,1965-05-31,M,61,2,
465,726682464540222,Bruna Araújo,2012-10-30,F,14,4,
466,779615490824366,Caio Montenegro,2002-10-06,M,24,1,
467,729485625220166,Maysa Montenegro,1946-01-08,F,80,7,
468,744207336572749,Milena Aragão,2018-02-14,F,8,2,
469,747398191016084,Sr. Liam Cavalcante,1992-07-09,M,34,4,
470,777140644301185,Carlos Eduardo Nunes,1996-05-12,M,30,1,
471,720973379556644,Srta. Alexia Rodrigues,1945-10-09,F,81,7,
472,735771209299437,Sra. Eloah da Luz,1960-12-11,F,66,2,
473,731516229994222,Mathias Jesus,2024-07-03,M,2,9,
474,747395774684346,Ana Beatriz Casa Grande,1993-11-05,F,33,5,2026-03-23
475,765200884024195,Juliana Garcia,1979-10-01,F,47,9,
476,765500046314945,Sr. Henry Gabriel Rios,1975-09-10,M,51,2,
477,762805231371894,Luiz Henrique Sampaio,1993-04-26,M,33,4,
478,734220922019075,Ana Liz Machado,1988-06-22,F,38,2,
479,796006904565442,Thiago Nogueira,1982-10-22,M,44,4,
480,795244586113427,Davi Luiz Leão,2025-07-29,M,1,1,
481,768198427371257,Maria Alice Duarte,1943-07-27,F,83,2,
482,747968778364473,Laura Albuquerque,1987-05-26,F,39,9,
483,734087741408708,Eduarda Mendes,1978-08-26,F,48,8,
484,738780966518445,Helena Pacheco,1964-01-25,F,62,2,
485,741486159666232,Melissa Nogueira,1996-01-09,F,30,6,
486,755947470946132,Laura Melo,1940-09-04,F,86,4,
487,738704228666387,Eloah Fonseca,1992-06-26,F,34,7,
488,721037180647228,Allana Sá,2000-11-29,F,26,6,
489,758289319448287,Lorenzo Rodrigues,2014-03-11,M,12,10,
490,791489217467979,Ana Vitória Barbosa,1945-03-15,F,81,3,
491,766993933585673,Stephany Costela,1993-11-04,F,33,3,
492,736242850973919,Emanuella Oliveira,1945-03-26,F,81,7,
493,715230010409952,Lucas Gabriel Almeida,1992-12-25,M,34,1,
494,761998782464118,Raquel Ramos,2017-04-09,F,9,4,
495,727588434588264,Sra. Maysa Silveira,1993-06-13,F,33,7,
496,799905101110714,Bernardo Sá,1966-02-18,M,60,8,
497,780043192152728,Isis da Cruz,2015-05-12,F,11,1,
498,783610998450515,Kamilly Cardoso,1996-02-07,F,30,3,
499,736349888100014,Luara Castro,1954-03-27,F,72,6,
500,793659424816908,Benjamin Pires,2007-02-17,M,19,10,
501,785701701140820,Mariah Rocha,1941-07-04,F,85,2,
502,797924258548625,Ana Julia Costa,2010-01-30,F,16,6,
503,717286535552484,Olivia Pires,2007-05-30,F,19,3,
504,773585153565763,Eloah Sampaio,1982-08-02,F,44,8,2026-01-09
505,763806144540597,Dra. Maya da Cunha,1945-09-08,F,81,6,
506,771645484133454,Nicole Moreira,1943-10-14,F,83,7,
507,721664531363944,Valentim Fogaça,1955-03-08,M,71,5,
508,766066908589068,Dra. Isabelly Moraes,2015-03-08,F,11,7,
509,716055664654444,Ágatha Camargo,1982-05-05,F,44,6,
510,723586148761432,Isabella Sá,1953-03-05,F,73,8,
511,719318422797977,Maya Moura,1952-06-26,F,74,4,
512,712303014804773,Liam Camargo,1981-05-19,M,45,4,
513,713400295685287,Ísis Camargo,1999-03-27,F,27,2,2025-08-06
514,727532020637517,André Cavalcanti,1950-07-22,M,76,10,
515,781704695719769,Kevin Viana,2007-06-14,M,19,6,
516,744703481227882,Sofia Caldeira,1961-09-25,F,65,2,
517,718907070880112,Yan Novaes,2014-09-28,M,12,7,
518,799828606543999,Srta. Marcela Rodrigues,1942-02-15,F,84,9,
519,714109964057436,Ravi Lucca da Luz,2000-03-03,M,26,3,
520,798811062990622,Maria Clara Machado,1999-07-08,F,27,7,
521,767229922896925,Guilherme Siqueira,1960-05-18,M,66,5,
522,768971909521198,Benjamim da Mata,1944-10-28,M,82,2,
523,759635771625007,Lucas da Cruz,1990-02-21,M,36,5,
524,716301644252999,Isabella Ramos,2011-07-05,F,15,5,
525,742544047087787,Enzo Novais,1959-02-28,M,67,4,
526,797461153019979,Helena Fonseca,1973-12-05,F,53,1,
527,746807824645054,Lucas Gabriel Sampaio,2019-10-02,M,7,7,
528,771615119857393,Luigi da Mota,2000-03-22,M,26,6,
529,764994221412771,Cecília Gonçalves,2000-04-16,F,26,7,2025-10-17
530,770289933268523,Maria Júlia Moreira,2015-01-12,F,11,10,
531,796233321140560,Isabelly Lima,1952-10-02,F,74,4,
532,746473095976122,Sabrina Fernandes,1993-10-09,F,33,10,
533,765460798857646,Nina Campos,1941-06-23,F,85,7,
534,715718611963767,Lorenzo Peixoto,2010-12-06,M,16,9,
535,735339714004901,Maria Luísa Montenegro,1942-04-30,F,84,5,
536,792813696977738,João Vitor Fogaça,1957-05-18,M,69,6,
537,738416756925696,Vinicius Aparecida,1967-10-17,M,59,5,
538,740306048361007,Raul Novais,2018-02-14,M,8,7,
539,758397739926194,Sr. Thomas Rios,1955-07-27,M,71,4,
540,787469152551519,Larissa Sampaio,1989-04-23,F,37,7,2025-12-24
541,732205189614787,Luna Sousa,2017-02-06,F,9,1,
542,727406168199085,Marcela da Cruz,1991-11-18,F,35,1,
543,758331551025482,Gabriel Pereira,2020-04-11,M,6,1,
544,749554140233697,Renan Rezende,2005-12-30,M,21,9,
545,757384404576324,Dr. Dom Moreira,1945-02-04,M,81,4,
546,764984089633751,Dra. Ana Beatriz Ramos,1980-08-07,F,46,7,
547,747201742053757,Bianca Sousa,1995-05-05,F,31,1,
548,773447445413954,Sra. Maya Souza,1956-06-21,F,70,2,
549,799336943869447,Olívia Rezende,1961-05-03,F,65,2,
550,730761731052114,Ester da Conceição,1963-10-05,F,63,8,
551,713745884190335,Caio da Conceição,1945-11-30,M,81,9,
552,767003267824855,Mariane Silva,1953-06-20,F,73,5,
553,766964333292975,Juan Barbosa,1990-01-02,M,36,10,
554,723185322388049,Luísa Guerra,1987-04-21,F,39,8,2025-11-13
555,775144539589752,Laura Moraes,2001-08-29,F,25,1,
556,733570914594854,Catarina Cavalcanti,1945-02-02,F,81,1,
557,717852370971640,Mathias da Paz,1945-01-11,M,81,4,
558,716530742571273,Ana Macedo,2011-07-21,F,15,1,2026-03-05
559,776688376650162,Melina Nunes,1942-12-03,F,84,5,
560,739316454942533,Sr. André Teixeira,1947-03-25,M,79,8,
561,761410414542678,Lívia Castro,1948-11-17,F,78,8,
562,791180125714662,Agatha Cirino,1976-02-23,F,50,7,
563,749847620013537,Aurora Gomes,1944-12-08,F,82,5,
564,767033795990156,Vinícius Santos,2006-06-07,M,20,1,
565,796819277939090,Eduarda Cardoso,2023-11-13,F,3,2,
566,748161610430378,Thomas Moraes,1992-12-18,M,34,3,
567,716113693173224,Maya Dias,2023-11-05,F,3,1,
568,785430091420090,João Vitor Fogaça,2001-11-10,M,25,6,
569,730321194072170,Bella Casa Grande,1975-12-15,F,51,9,
570,756532339623862,Natália Azevedo,1978-10-16,F,48,7,
571,715384446291261,Fernanda Ferreira,1949-01-08,F,77,9,
572,759779062663927,Benicio Aparecida,1960-11-19,M,66,10,
573,727357815330200,Sabrina Oliveira,2012-12-06,F,14,6,
574,794683101657404,Melina Guerra,1947-12-09,F,79,8,
575,744032562038352,Thales Rios,2017-06-15,M,9,1,
576,752679877240645,Sr. Carlos Eduardo Macedo,1958-11-16,M,68,10,
577,796772057311346,Melissa Macedo,1983-09-10,F,43,7,
578,783177573648515,Raquel Dias,2018-11-26,F,8,9,
579,779071543294331,Emanuel Santos,2008-05-23,M,18,10,
580,761674623756384,Henry da Costa,1983-08-07,M,43,6,
581,710683022400486,Luara Rocha,2015-02-10,F,11,7,
582,776661202677695,Thomas Macedo,2025-09-05,M,1,6,
583,757257625764682,Otto Nascimento,1947-04-21,M,79,3,
584,717349408534224,Eduarda Machado,1974-11-05,F,52,6,
585,716752421040132,Maria Azevedo,1998-08-16,F,28,7,
586,767100043897905,Beatriz Gonçalves,1999-06-07,F,27,10,
587,763619060792938,Ana Sophia Santos,1941-10-13,F,85,3,
588,785239159035212,Maitê Fernandes,1951-12-29,F,75,2,
589,781591605642152,Maria Sophia Lima,1998-05-01,F,28,1,
590,753397336022142,Dra. Carolina Camargo,1944-10-14,F,82,7,
591,729867212981225,Dra. Maria Luísa Câmara,1941-09-23,F,85,4,
592,766592393591814,Isis Souza,1953-06-05,F,73,8,
593,722325636485374,Raquel Garcia,1979-02-16,F,47,7,
594,740994301612218,Vitória Barbosa,2010-07-31,F,16,8,
595,792144926786183,Sabrina Santos,1958-11-10,F,68,8,
596,779951422729006,Maria Eduarda Novais,1994-06-01,F,32,10,2026-02-06
597,737494740623380,Dr. José Miguel Pacheco,1990-03-18,M,36,4,
598,743789923569254,Mariah da Mota,2023-03-02,F,3,6,
599,789760649915844,Arthur Miguel Vieira,1997-08-26,M,29,6,
600,717802030795598,Ana Sophia Azevedo,1971-06-05,F,55,7,
601,723408851042165,Anna Liz Mendonça,1973-12-17,F,53,3,
602,731424567785172,Mirella Borges,1949-10-22,F,77,6,
603,793927247515705,Kamilly Pastor,1983-12-05,F,43,6,
604,798283219111160,Lavínia Nunes,1957-11-18,F,69,3,
605,720425216435054,Yasmin Garcia,1946-10-31,F,80,9,
606,753868618009572,Marcos Vinicius da Mata,1959-10-03,M,67,5,
607,722974902404213,Marina Aragão,2015-07-29,F,11,2,
608,723356434227964,Davi Luiz Monteiro,2010-11-17,M,16,9,
609,761432856516067,Srta. Maria Laura Borges,1969-04-08,F,57,9,
610,771830043647422,Bernardo Barbosa,1997-12-02,M,29,2,
611,758552752961660,Ana Liz Rodrigues,1985-09-11,F,41,8,
612,775195736188323,Natália da Conceição,1981-03-23,F,45,9,2025-12-14
613,748669529631985,Juliana Camargo,1978-02-13,F,48,3,
614,722178307141938,Thiago da Luz,1949-03-23,M,77,9,
615,777741476800440,Ana Luiza Machado,2024-07-24,F,2,6,
616,734391355420469,Breno Câmara,2011-10-04,M,15,2,
617,772256222279998,Larissa Freitas,2002-01-07,F,24,8,
618,736366550031320,Sr. Otto Pimenta,2007-11-12,M,19,3,
619,750697319656634,Dra. Agatha Almeida,2024-08-23,F,2,8,
620,795509680709909,Rafaela Machado,1975-01-14,F,51,9,
621,755651247467877,Stephany Caldeira,1942-07-05,F,84,5,
622,768235471367337,Arthur Gabriel Pacheco,2006-07-23,M,20,9,
623,736972121788901,Brenda Vasconcelos,1975-12-29,F,51,2,
624,792139378359181,Dra. Manuella Cavalcante,1942-03-20,F,84,2,
625,715117788660159,Ana Sophia Mendes,1996-07-24,F,30,7,
626,779276920310272,Isabella Pinto,2008-08-01,F,18,5,
627,742416077933406,Dante Albuquerque,2006-04-14,M,20,10,
628,723029905593224,Evelyn da Paz,1981-03-27,F,45,5,
629,770117945856435,Olívia Cavalcante,2015-02-25,F,11,8,
630,764240152419817,João Felipe Albuquerque,1965-07-01,M,61,9,
631,785219637545970,Yasmin Dias,2016-05-30,F,10,3,
632,751770256294437,Evelyn Dias,2003-03-01,F,23,4,2026-03-19
633,786074988375349,Gabrielly Cavalcante,2002-08-26,F,24,1,
634,771334354001923,Maria Fernanda Martins,2001-09-08,F,25,6,
635,771658829943305,Dra. Camila Fonseca,1985-03-05,F,41,5,
636,740843170005213,Samuel Vargas,1942-01-28,M,84,3,
637,747684687905330,Melina Garcia,1941-12-25,F,85,8,
638,731734219572992,Vitória Sousa,2009-08-24,F,17,2,2025-10-27
639,779494768356782,Clarice Dias,1979-04-21,F,47,3,
640,785599383667787,Luiz Gustavo Nunes,2023-04-18,M,3,8,
641,757644754445297,Maria Laura Fogaça,2017-10-29,F,9,4,
642,769641995712230,Kaique Gonçalves,2003-05-04,M,23,7,
643,799794347560960,Ana Vitória Camargo,1960-01-14,F,66,1,
644,712465904727816,Maria Júlia Silva,1997-09-08,F,29,7,
645,730286943091446,Sra. Maria Luiza da Rocha,1999-01-25,F,27,7,
646,726538236331105,Isis Correia,1966-04-28,F,60,1,
647,764645501351253,Gabriel Siqueira,2008-07-11,M,18,1,
648,743195814968758,Allana Marques,2003-11-03,F,23,3,2026-03-24
649,752555788625847,Maria Julia Rios,2016-03-06,F,10,1,
650,765330373937306,Sra. Beatriz Martins,1966-08-27,F,60,8,
651,799634042201417,Alexia Rodrigues,2006-11-05,F,20,10,
652,716921231009979,Ana Júlia Macedo,1953-01-22,F,73,5,
653,719478630813991,Dr. Caio Martins,1944-05-12,M,82,8,
654,766292394416921,Vitória Sales,1999-12-11,F,27,9,
655,723934920789706,Isabel Caldeira,1978-11-13,F,48,4,
656,716434482999762,Gabriela Mendonça,1996-03-08,F,30,9,
657,716916166663450,Lorenzo Moreira,1998-02-22,M,28,1,
658,784993500155410,Emanuella Ferreira,2010-03-15,F,16,9,
659,789320313676837,Hadassa Rezende,1950-09-11,F,76,10,
660,757193131089242,Davi Miguel Sampaio,1950-09-01,M,76,7,
661,763662936256901,Eduarda Abreu,1963-09-19,F,63,3,
662,747336851636660,Davi Miguel Mendonça,1954-11-26,M,72,10,
663,710033581564327,Dr. Leandro Garcia,1944-05-28,M,82,7,
664,795615519421189,Sr. Pedro Miguel Gonçalves,1988-05-12,M,38,3,
665,786146799115751,Sra. Maria Isis da Luz,1965-10-30,F,61,5,
666,734862356929634,Nicole Rodrigues,1972-11-25,F,54,2,
667,739537411142301,Maria Julia Casa Grande,1958-07-26,F,68,3,
668,732916342411035,Eduarda Jesus,1986-07-14,F,40,5,
669,744164824806287,Natália Nunes,1986-11-20,F,40,7,
670,748095576091985,Enrico Araújo,1990-10-05,M,36,6,
671,761875989421494,Sr. Cauê Viana,1974-04-29,M,52,6,
672,727102078751278,Alice Ramos,1981-01-20,F,45,3,2025-10-16
673,720097578008895,Sophie das Neves,2009-01-06,F,17,2,
674,777203268364071,Sra. Luara Jesus,1955-11-30,F,71,5,
675,736626241657029,Sarah Gomes,1957-05-05,F,69,6,
676,774595235809886,Oliver Vasconcelos,1987-12-26,M,39,2,
677,757540146514273,Letícia das Neves,1964-10-20,F,62,9,
678,735240747334713,Dra. Pietra Moreira,1960-09-24,F,66,5,
679,721937760144685,Bryan Correia,2016-04-14,M,10,4,
680,747349694741504,Zoe Rezende,1986-02-12,F,40,4,2025-11-09
681,773943957852650,Sr. Diego Albuquerque,1973-12-28,M,53,10,
682,792192011649110,Sr. Rodrigo Camargo,1987-05-25,M,39,5,
683,784524396123576,Nicole Albuquerque,2012-12-18,F,14,1,
684,799874304918534,Sra. Luiza Silveira,2005-10-22,F,21,8,
685,711975953977500,Luigi Vargas,1962-05-24,M,64,6,
686,727099869502093,Samuel Caldeira,1977-06-27,M,49,2,
687,712525878981482,Isadora Garcia,2005-12-19,F,21,5,2026-03-12
688,799236218463209,Mariah Cirino,1988-07-09,F,38,5,2025-09-16
689,792512496976480,Laís Jesus,2020-08-05,F,6,5,
690,774340863312449,Maria Sophia Borges,1948-02-06,F,78,4,
691,761960155354761,Arthur Fonseca,2018-02-19,M,8,9,
692,781351110607142,Vitória Fernandes,1989-10-07,F,37,6,
693,730588687119606,Dra. Daniela Mendes,2008-04-07,F,18,5,
694,795283057224363,Isabella Cavalcante,1952-03-26,F,74,9,
695,738190484927869,Raquel Pacheco,1988-10-18,F,38,1,
696,760157380231449,Cecília Viana,1962-06-29,F,64,5,
697,740704469809157,Melina Camargo,2017-11-10,F,9,8,
698,770036407513616,Henrique Nunes,1968-07-26,M,58,4,
699,765083281207308,Alexandre Gonçalves,1956-10-24,M,70,2,
700,757244667659066,Dra. Gabrielly da Mota,1953-08-08,F,73,8,
701,738148508974790,Isadora Souza,2006-01-20,F,20,10,2025-10-19
702,767864259691320,José Pedro Azevedo,2016-01-12,M,10,1,
703,758818191812552,Mariana Vasconcelos,1953-07-11,F,73,7,
704,755061941562622,Julia Guerra,2000-12-19,F,26,7,2025-09-28
705,798755115333452,Jade Souza,1971-11-30,F,55,9,
706,777583308382000,Evelyn Campos,2016-04-23,F,10,3,
707,783053002498818,Fernando Caldeira,1985-07-04,M,41,7,
708,750028667120035,Thomas da Mata,1985-10-11,M,41,5,
709,742533425861229,Cecilia Santos,1968-05-20,F,58,2,
710,729067323565116,Ana Sophia Câmara,1982-06-08,F,44,5,2025-12-04
711,715305911247539,Dr. Pedro Monteiro,1949-08-03,M,77,4,
712,732686210935404,Kamilly Campos,2004-02-07,F,22,5,2025-09-15
713,711529041756434,Lavínia Monteiro,1978-02-06,F,48,8,
714,752900514137147,Srta. Ana Laura Sousa,2008-12-02,F,18,8,
715,719372633433744,Hellena Abreu,1971-03-13,F,55,6,
716,777743261211154,Gabriela Pimenta,1969-11-10,F,57,5,
717,757715266686128,Yuri Duarte,1959-10-09,M,67,7,
718,721319734559527,Murilo Martins,1971-09-17,M,55,7,
719,788014791150813,Benício Nascimento,2010-07-30,M,16,8,
720,781818120687357,Yago Rios,2003-10-31,M,23,4,
721,722681031559992,Rafael Sousa,1942-07-14,M,84,3,
722,760625087107528,Calebe da Cunha,1978-09-22,M,48,8,
723,718375693153459,Sophia Marques,1970-08-11,F,56,10,
724,764117744153248,Maria Cecília Pereira,1968-02-07,F,58,10,
725,767916943000985,Benjamim Fogaça,1980-04-16,M,46,5,
726,770216127259038,Carlos Eduardo Siqueira,1967-09-28,M,59,5,
727,789003756754677,Ana Vitória Nogueira,1996-12-26,F,30,5,
728,789811080914649,Rhavi Mendes,2001-01-20,M,25,9,
729,787629050917227,Srta. Helena Ribeiro,2012-07-04,F,14,1,
730,719949800468660,Valentina Fogaça,1945-03-10,F,81,3,
731,710181983682925,Yago Barbosa,2003-05-07,M,23,8,
732,719560253654299,Juliana Rezende,1950-04-23,F,76,7,
733,729646530274782,Maria Eduarda da Paz,1941-06-17,F,85,10,
734,723959052699038,Maitê da Mota,1944-03-01,F,82,3,
735,763815625733741,Ana Beatriz da Rocha,2003-12-20,F,23,2,2026-01-24
736,716345813526662,Amanda Lopes,2018-01-06,F,8,5,
737,720554930629999,Rafaela Sales,1976-09-20,F,50,9,
738,791121400861159,Dr. Vitor Hugo da Costa,2023-06-30,M,3,2,
739,758950910341454,Nina Mendonça,1942-09-20,F,84,5,
740,737509839549428,Ayla Rios,2025-06-09,F,1,2,
741,773114327382904,Luna Dias,1948-12-17,F,78,6,
742,732997945779979,Eloá Mendonça,2010-03-13,F,16,10,
743,755331230356456,Bella Camargo,1960-12-24,F,66,1,
744,757799995430116,Sra. Ana Luiza das Neves,1959-08-31,F,67,9,
745,784623593982161,Maria Sophia Araújo,1974-09-11,F,52,3,
746,778027083886957,Catarina Vieira,1987-04-15,F,39,3,2025-12-06
747,750483591860974,Mariah Câmara,2022-12-01,F,4,8,
748,758894331471830,Olivia Câmara,2016-06-03,F,10,1,
749,726117197822080,Alexia Farias,2024-03-13,F,2,2,
750,747430480581714,Antony das Neves,2017-10-25,M,9,9,
751,779809010239381,Alexandre Souza,2013-05-18,M,13,5,
752,732006501513944,Mariah Montenegro,1987-04-25,F,39,3,
753,794920073026109,Natália da Luz,2004-11-11,F,22,1,
754,793854698397469,Maria Flor Oliveira,1966-11-13,F,60,2,
755,720340734330853,Bianca Montenegro,2006-09-28,F,20,4,
756,731339417041873,Júlia Fonseca,1980-04-12,F,46,3,
757,726307801758245,Rodrigo da Mata,1944-04-18,M,82,8,
758,757989880419413,José Viana,1999-04-21,M,27,10,
759,789072750839027,Marcela Silva,1984-07-31,F,42,5,
760,750127441377222,Otávio Pereira,1989-09-04,M,37,4,
761,737220189869628,Davi Luiz Ramos,1964-12-08,M,62,8,
762,747580246958478,Alexia Andrade,2021-11-30,F,5,8,
763,774022130002338,Leonardo Mendonça,2023-03-25,M,3,8,
764,733870219595301,Luan Pinto,1960-12-15,M,66,7,
765,720459534460009,Maria Luiza da Rosa,2006-12-30,F,20,10,
766,736467094526788,Luiz Felipe Moreira,1984-05-14,M,42,7,
767,715906996069682,Dr. Gael Santos,1976-11-05,M,50,8,
768,756494512216234,Rebeca Cirino,1999-01-31,F,27,3,2025-08-21
769,738610688304372,Asafe Pereira,1972-07-18,M,54,9,
770,732469136726995,Dra. Eloah Cavalcanti,1965-12-09,F,61,10,
771,715626256715326,Hellena Silva,1969-07-09,F,57,7,
772,738626574408449,Catarina Mendes,1961-11-23,F,65,9,
773,784341072819763,Augusto Campos,1992-06-29,M,34,2,
774,744851682044055,Otávio Castro,1975-11-05,M,51,2,
775,771770925187453,Srta. Isis da Mata,1947-05-07,F,79,8,
776,795713465614647,Luiza Cardoso,2016-11-15,F,10,8,
777,772363308292842,Sr. Gael Fogaça,1949-09-29,M,77,10,
778,733497963191378,Benicio Montenegro,1956-01-10,M,70,2,
779,718367762899016,Caio da Cunha,1957-10-23,M,69,1,
780,722870361824797,Henry Moraes,2022-06-08,M,4,8,
781,782380644333941,Ana Vitória Novaes,1947-07-01,F,79,1,
782,772410702756062,Maria Luiza Mendes,2014-05-05,F,12,8,
783,765242159292785,Paulo Costela,2020-06-10,M,6,4,
784,772975793706309,Maria Clara Castro,1954-05-03,F,72,6,
785,716152250023883,Maria Helena Jesus,1947-06-11,F,79,6,
786,795265832053742,Vinícius Cavalcanti,1963-03-09,M,63,10,
787,737651974003485,Igor Sales,1966-09-23,M,60,2,
788,761593198075040,Daniela Porto,1991-02-07,F,35,2,
789,742767295581102,Isis Sousa,1951-04-20,F,75,4,
790,785467438601718,Dra. Stephany Sá,1949-04-15,F,77,3,
791,792857945789350,Rael Casa Grande,2003-08-15,M,23,10,
792,724793832851292,Rebeca Abreu,2021-10-21,F,5,5,
793,752817456761465,Luiz Otávio Souza,1970-03-30,M,56,10,
794,785672325830147,Igor Ferreira,1984-03-04,M,42,2,
795,721072256111756,Srta. Emilly Jesus,1954-03-21,F,72,5,
796,714491834544035,Joana Rezende,1981-10-23,F,45,10,
797,732103977518141,Isabella Cavalcanti,2009-08-06,F,17,2,2025-10-15
798,721391590005839,Cauê Sousa,1988-10-15,M,38,10,
799,728761703278207,Sra. Emanuelly Pinto,2002-06-08,F,24,10,
800,790239926296199,Matheus Costa,1995-05-15,M,31,10,
801,716898032822636,Eloá Mendes,1963-08-17,F,63,8,
802,752475573368023,Vitor Gabriel Siqueira,1991-08-24,M,35,10,
803,773747563014964,Jade da Luz,1971-02-17,F,55,10,
804,763452930171235,Bárbara Abreu,1943-04-06,F,83,2,
805,791106033475207,Benício Araújo,1967-06-12,M,59,3,
806,783240415063402,Ana Laura Vieira,2017-01-25,F,9,8,
807,726148330464895,Eduardo Rocha,1947-08-26,M,79,6,
808,733559322843353,Agatha Campos,1947-08-28,F,79,2,
809,748925436058120,Lorena Azevedo,1967-07-17,F,59,8,
810,739665721009189,Eloá Moraes,1984-09-02,F,42,1,
811,767907923921581,Srta. Nicole Camargo,1996-03-26,F,30,10,
812,751051026716256,Maria Liz das Neves,1953-03-18,F,73,7,
813,794470965879346,Bruna Dias,1997-01-06,F,29,5,
814,776399467228191,Leonardo Andrade,1974-09-24,M,52,4,
815,745618790325946,Marina Almeida,1976-07-10,F,50,5,
816,769419876596078,Mariah Machado,2015-04-17,F,11,4,
817,752506843702034,Benjamim Pereira,2013-08-20,M,13,4,
818,785045496529391,Dr. Caleb Sampaio,1944-02-29,M,82,10,
819,792109654067771,Sra. Maria Sophia Moraes,1977-02-28,F,49,6,
820,787505846169203,Catarina Jesus,2015-02-27,F,11,6,
821,722414114517850,Melina Alves,2013-09-28,F,13,8,
822,766527706577068,Sr. Isaque Cunha,1943-10-14,M,83,3,
823,789205664270525,Gabrielly Correia,1995-04-25,F,31,8,
824,767388522634758,Ana Duarte,1954-03-14,F,72,9,
825,758373288731241,Luiz Felipe Novaes,1982-07-09,M,44,8,
826,791731854576591,Maria Barbosa,1941-09-16,F,85,7,
827,778778330520211,Dr. Luan Sá,1947-03-14,M,79,2,
828,762963256682522,Maria Laura Correia,1965-05-10,F,61,3,
829,769768947766233,Evelyn Leão,1969-10-25,F,57,3,
830,743265199096656,Bento da Costa,1968-08-16,M,58,1,
831,736821307957714,Sr. Enzo Gabriel Dias,2000-05-07,M,26,3,
832,752116689036928,Noah Pastor,1972-03-01,M,54,1,
833,746333060731472,Maria Clara Melo,1955-02-21,F,71,8,
834,733428828143797,Maya Oliveira,2025-11-07,F,1,5,
835,757776732286670,Heloisa Sampaio,1947-06-30,F,79,6,
836,764191395031771,Sofia Vieira,1984-02-21,F,42,6,
837,716434978683458,Srta. Aurora Vargas,2017-01-18,F,9,3,
838,732075889574548,Ana Júlia Sousa,1942-08-18,F,84,1,
839,775822432704188,Stephany Pacheco,1972-03-31,F,54,6,
840,769275070320124,Eloá Costa,1970-11-08,F,56,4,
841,711470958159276,Anthony Gabriel Novaes,2003-02-10,M,23,5,
842,762127283282497,Rebeca Andrade,1973-08-02,F,53,5,
843,784047867363357,Helena Melo,1972-10-08,F,54,6,
844,787653594120185,Maria Vitória Cassiano,1945-11-03,F,81,2,
845,732237327820576,Lucas da Cunha,2014-01-25,M,12,6,
846,788736280978481,Dra. Luísa Cirino,2013-11-21,F,13,7,
847,729845767526948,Ana Sophia Alves,2023-06-01,F,3,4,
848,717750293405514,Letícia Moreira,2005-03-03,F,21,4,2026-03-15
849,754577080704188,Dra. Carolina Nogueira,2004-06-20,F,22,3,2025-12-04
850,713386889153086,Emilly da Conceição,2012-04-12,F,14,3,
851,796192863911077,Isabela Fogaça,1951-05-22,F,75,3,
852,721960290140725,Mariana Albuquerque,1976-04-05,F,50,2,
853,716930573250242,Guilherme Nunes,1967-08-26,M,59,3,
854,750712373274049,Dra. Hellena Peixoto,2008-08-17,F,18,3,
855,787884775007985,Sra. Yasmin Mendes,2003-02-23,F,23,8,
856,782901033395914,Dra. Clara da Luz,1943-11-09,F,83,9,
857,777637615204617,Carolina Ribeiro,1943-01-05,F,83,7,
858,728727107966065,Mathias das Neves,1986-10-01,M,40,9,
859,796073724142039,Mirella Sampaio,2007-10-28,F,19,10,
860,733000124445015,Olivia Cirino,1954-01-12,F,72,6,
861,765693270132293,Eduarda Costela,1943-07-30,F,83,7,
862,768843205511596,Davi Cavalcanti,1942-10-27,M,84,2,
863,782533623445341,Ana Luiza Guerra,2001-11-04,F,25,9,
864,768946445402554,Rebeca Cavalcanti,1963-07-01,F,63,2,
865,753686598896102,Bernardo Pereira,1976-07-03,M,50,8,
866,767276218628265,Gabrielly Rios,2009-01-13,F,17,7,
867,728543201542447,Srta. Maria Fernanda Sá,2011-05-07,F,15,7,
868,748182933018992,Levi Correia,1950-01-09,M,76,9,
869,743944943348601,Murilo Pastor,2014-09-26,M,12,2,
870,776963976902134,Camila da Conceição,1993-10-04,F,33,1,
871,729364020137506,Maria Julia Mendes,2021-10-27,F,5,8,
872,755163121606813,Davi Lucca Montenegro,1955-02-20,M,71,8,
873,741718541300041,Evelyn Freitas,1957-10-25,F,69,2,
874,716113864604141,Brenda Aparecida,1996-01-28,F,30,9,2025-08-04
875,723982097926384,Raquel Caldeira,1952-12-28,F,74,2,
876,747571062358163,Lara Pacheco,1979-07-13,F,47,6,
877,711158349657978,Henrique Andrade,1973-06-13,M,53,5,
878,762946743218604,Srta. Luísa Brito,1977-11-01,F,49,4,
879,733986216524284,Bento Rodrigues,1991-08-06,M,35,1,
880,760296208056120,Mariah da Paz,2000-08-20,F,26,1,2025-12-03
881,715139413188295,Vicente Novais,2012-07-01,M,14,5,
882,777120280646900,Bento Abreu,1946-03-03,M,80,10,
883,775882441999118,Samuel Costa,1995-03-07,M,31,6,
884,754638941351582,Lavínia Fonseca,1957-07-02,F,69,10,
885,789923126719699,Beatriz da Cunha,1964-08-17,F,62,8,
886,782312609895469,Ana Julia Cavalcante,1979-07-28,F,47,1,
887,733415380260659,Sr. Rhavi Rios,1940-07-02,M,86,8,
888,730967800824264,Otto Barros,1966-12-10,M,60,10,
889,776218366270099,Heitor Vasconcelos,1943-10-30,M,83,7,
890,797393880958693,Samuel Costa,1991-12-09,M,35,4,
891,786802068256579,Léo Nunes,1991-09-23,M,35,2,
892,771024011988597,Isis Lopes,1953-12-11,F,73,5,
893,714927639214746,Ana Beatriz Oliveira,2013-10-02,F,13,1,
894,714252106831555,Giovanna Lopes,1972-02-16,F,54,6,
895,754335272409891,Ryan Ramos,1980-09-07,M,46,6,
896,758653523119823,Srta. Maya Sales,1941-10-17,F,85,1,
897,715671777361269,Nathan Leão,1965-11-07,M,61,9,
898,728308907775406,Dra. Olívia Aragão,2004-11-16,F,22,10,2025-08-18
899,770015456555288,Lorena Pinto,2000-07-29,F,26,6,2025-12-02
900,793247733977656,Danilo Fonseca,2008-09-08,M,18,3,
901,781514244977076,Srta. Brenda Vargas,1999-08-26,F,27,5,
902,779418482707288,Maria Helena Rocha,2013-06-08,F,13,2,
903,728157230744114,Enrico Barros,1949-10-05,M,77,10,
904,746756395157126,Eloá Nascimento,1961-02-20,F,65,7,
905,732858474093656,João Gabriel Costa,2000-07-23,M,26,1,
906,747751637922040,Maria Clara Costa,1998-11-02,F,28,9,
907,788203730431481,Milena Ribeiro,1980-03-30,F,46,3,
908,744450910357267,Nathan Aragão,2016-12-03,M,10,10,
909,799141457105316,Augusto da Cunha,1988-05-17,M,38,10,
910,739605536526870,Ana Júlia Mendonça,2010-12-26,F,16,7,
911,741101522422723,Maria Luísa Gonçalves,1984-02-25,F,42,2,
912,763712195512793,Isadora Ramos,2005-10-27,F,21,3,
913,716971706558192,Ana Vitória Macedo,1984-08-11,F,42,10,
914,766730884759823,Nina Aragão,2019-02-23,F,7,5,
915,725339945576649,Maria Eduarda Macedo,1983-06-18,F,43,5,2026-01-26
916,796978880808682,Ana Laura Viana,1947-02-28,F,79,10,
917,735885556421989,Elisa Martins,2002-09-21,F,24,6,
918,730750131598939,João Miguel Vasconcelos,1977-10-02,M,49,3,
919,723502913315718,Maria Moura,2021-04-05,F,5,5,
920,754559228931665,Eduardo Camargo,2014-09-26,M,12,6,
921,728132491368673,Dra. Ana Laura Novais,2018-11-01,F,8,9,
922,734411919746433,Sr. Juan Mendes,1972-06-25,M,54,7,
923,743556790158639,Fernanda Marques,1984-12-10,F,42,6,
924,766331723847684,Júlia Pires,2004-05-09,F,22,5,2025-09-07
925,759994607800129,Emilly Lopes,1942-01-26,F,84,4,
926,786265865707488,Emilly Caldeira,1970-07-25,F,56,7,
927,779455920763673,Mathias Mendes,1945-01-25,M,81,2,
928,719415655117295,Dra. Jade Mendonça,1961-03-06,F,65,1,
929,773143655350742,Luna Aragão,1979-03-20,F,47,10,
930,738649788426124,Carlos Eduardo Mendonça,1980-08-31,M,46,5,
931,770920406920380,Clara Carvalho,2012-06-14,F,14,8,
932,760583620037963,Ana Laura Fernandes,2009-04-17,F,17,2,
933,796116632020023,Amanda Sales,1960-03-04,F,66,4,
934,712495923664709,Jade Correia,1961-03-24,F,65,5,
935,740768257461632,Anna Liz Aragão,1966-03-02,F,60,4,
936,796533579075237,Dante Silveira,1999-11-04,M,27,10,
937,778409644370181,Sr. Diego Marques,1974-10-19,M,52,7,
938,782170236492017,Maria Júlia Santos,2016-08-06,F,10,5,
939,748892466555366,Davi Lucas Pereira,2026-03-21,M,0,1,
940,791850907519848,Lorenzo Lopes,1961-09-30,M,65,6,
941,739093675672509,Luísa Araújo,1995-01-30,F,31,4,2026-02-19
942,733342638658249,Isadora Melo,1972-09-11,F,54,2,
943,788372036869195,Ravi Lucca Farias,2002-12-03,M,24,3,
944,797314020712963,Dra. Olivia Rodrigues,1980-08-22,F,46,10,
945,716046750724899,Theo Lopes,1995-07-28,M,31,6,
946,798317891141809,Antonella Aparecida,2009-11-22,F,17,2,2025-12-28
947,718335364654094,Júlia Novaes,1994-10-18,F,32,5,
948,777298482429116,Benjamin Nascimento,1999-08-09,M,27,9,
949,793674252917606,Juliana Mendes,1994-03-05,F,32,10,
950,746305304775874,Srta. Alexia Pastor,1999-04-07,F,27,7,2025-08-08
951,782363959869363,Srta. Letícia Carvalho,1961-12-20,F,65,6,
952,766344873311904,Eloah Cavalcanti,2021-11-05,F,5,3,
953,761088784240173,Bruna Rodrigues,1959-04-12,F,67,4,
954,783161099830617,Rhavi Vargas,1960-05-04,M,66,7,
955,725477172839846,Srta. Lorena Campos,1956-09-04,F,70,6,
956,785396344625340,Ágatha Guerra,2001-03-20,F,25,4,
957,766633796608776,Dra. Olivia Montenegro,2023-06-12,F,3,5,
958,715784968196699,Dra. Cecilia das Neves,1963-05-18,F,63,1,
959,731577443288256,Dra. Clarice Cirino,1948-01-17,F,78,4,
960,796384446965633,Eloá Correia,2013-07-27,F,13,7,
961,771854036986041,Maitê Souza,1944-06-25,F,82,10,
962,737349144418577,Isabella Gomes,1976-08-21,F,50,3,
963,730379999096943,Bruna Santos,2012-08-02,F,14,1,
964,749058501815568,Gabriela Novaes,2022-08-04,F,4,3,
965,727864182480011,Samuel Ramos,1947-05-29,M,79,10,
966,733715093388659,Pietra Ferreira,2019-12-19,F,7,4,
967,734687376234371,Eloah Silva,2026-01-02,F,0,5,
968,720495046720153,Sabrina das Neves,2016-12-18,F,10,10,
969,756105390748297,Dr. Kevin Peixoto,2004-04-16,M,22,1,
970,790827879802098,Maria Eduarda Leão,1952-08-06,F,74,5,
971,753575851581112,Sra. Bianca Abreu,1992-10-04,F,34,7,
972,786121171333577,Sabrina Araújo,1944-10-03,F,82,5,
973,770273405605271,Antonella da Cruz,1944-11-26,F,82,1,
974,791713025096614,Liz Costela,1968-05-20,F,58,2,
975,754219715309501,Theo Nogueira,1958-10-24,M,68,9,
976,777657970670386,Lucca Pires,2001-05-03,M,25,6,
977,774977839292779,Gabrielly Andrade,2015-09-16,F,11,7,
978,796617100901123,Sabrina da Cunha,2012-04-05,F,14,8,
979,712962008428485,Hadassa Pires,1991-04-05,F,35,8,
980,726722302749421,Sr. Miguel Santos,1962-03-28,M,64,10,
981,757804350388273,Dr. José Pedro Pastor,2023-07-24,M,3,2,
982,789442830842043,Maria Cecília Almeida,1972-09-05,F,54,1,
983,759866808417640,Isabel Porto,1952-12-19,F,74,4,
984,767625455800641,Sra. Rafaela da Cruz,2023-11-28,F,3,10,
985,770953113085087,Srta. Mirella Cassiano,1978-07-30,F,48,8,
986,768358359360813,Oliver Jesus,1946-04-21,M,80,2,
987,722748232579512,Srta. Alana Mendonça,1973-05-23,F,53,9,
988,781319236329027,Apollo Freitas,1994-05-12,M,32,4,
989,717555630115614,Pedro Caldeira,1971-03-21,M,55,2,
990,790939464353939,Marcela Sá,2024-02-21,F,2,9,
991,713778622110101,Heloisa Novais,1992-02-11,F,34,4,
992,751396896752775,Luara Moura,1972-04-06,F,54,6,
993,727935649785774,Sara Siqueira,1943-05-28,F,83,8,
994,735432615994428,Antonella Brito,1958-01-22,F,68,2,
995,727122320970000,Ana Luiza Ribeiro,1960-12-26,F,66,1,
996,736354843535130,Dra. Maysa Mendonça,2003-12-12,F,23,7,
997,779624648280138,Daniel Leão,1951-08-14,M,75,1,
998,768687340804469,Allana Teixeira,1976-06-26,F,50,8,
999,755932525208240,Srta. Clarice Vieira,1978-10-28,F,48,5,
1000,742727383271905,Sabrina Aparecida,1960-06-04,F,66,3,
1001,710519720045401,João Moura,2012-10-07,M,14,3,
1002,719983359750587,Francisco Azevedo,1945-04-24,M,81,8,
1003,779001888475624,Luísa Carvalho,1944-10-01,F,82,4,
1004,797484142885067,Dra. Hadassa Garcia,1958-08-25,F,68,2,
1005,789530633072527,Luiz Miguel Barros,1997-04-01,M,29,5,
1006,719493392737738,Vitor Hugo Freitas,1943-12-04,M,83,4,
1007,758839708301123,Lunna Sampaio,2000-07-31,F,26,4,
1008,736902717450528,Ana Vitória da Costa,1981-01-25,F,45,10,
1009,728452162987685,Bárbara Pimenta,2014-10-01,F,12,8,
1010,786656460259818,Milena da Rosa,2018-04-22,F,8,7,
1011,721099130709320,Dra. Maitê Cavalcanti,2003-10-12,F,23,3,
1012,755664825305649,Heloísa da Rosa,1970-02-20,F,56,7,
1013,744869040735086,Dr. Bento Monteiro,1966-04-27,M,60,3,
1014,781500977957570,Sophie Rezende,1984-10-25,F,42,9,
1015,741516273509161,Asafe Peixoto,1997-05-17,M,29,3,
1016,793298624351942,Heitor Lima,2022-08-29,M,4,10,
1017,756910860256627,Melina Vieira,2002-03-21,F,24,2,2026-03-14
1018,719161435744142,Bruna das Neves,1940-09-17,F,86,3,
1019,783100549498274,Olívia Melo,2012-04-09,F,14,10,
1020,715339989876237,Henrique Campos,1948-07-14,M,78,5,
1021,797503497319348,Isabelly Lopes,1991-05-11,F,35,1,
1022,717556973919622,Ana Luiza da Rosa,1963-03-10,F,63,10,
1023,732242120783414,Maria das Neves,1958-10-30,F,68,7,
1024,778866261514463,Antônio Araújo,2002-11-25,M,24,9,
1025,722478705217867,Ayla da Cunha,1959-03-11,F,67,3,
1026,732420323855619,Henrique Sá,2003-06-05,M,23,7,
1027,753547628026051,Luiza Azevedo,1955-04-18,F,71,6,
1028,740965429157299,Brenda Peixoto,1953-05-21,F,73,4,
1029,790940835006741,Ana Julia Abreu,1958-01-19,F,68,1,
1030,737166907638039,Bella Ribeiro,1984-04-19,F,42,8,2026-01-20
1031,790636464016291,João Miguel Cunha,1974-04-16,M,52,10,
1032,734997795536803,Srta. Mariana da Cruz,1999-12-30,F,27,6,
1033,774805364718940,Emanuelly Fonseca,1998-12-17,F,28,3,
1034,723318961890417,Liz Brito,2025-07-08,F,1,7,
1035,742118338343789,Pietro Siqueira,1967-03-28,M,59,3,
1036,773367749566695,Dr. Marcos Vinicius Araújo,1971-04-28,M,55,2,
1037,718393692995960,Thales Dias,1946-05-13,M,80,9,
1038,746980054463815,Marcela Macedo,1997-09-15,F,29,4,
1039,783633408144438,Vicente Câmara,1996-12-29,M,30,6,
1040,774252992873871,Antônio Vieira,2021-02-21,M,5,3,
1041,773714160305219,João Guilherme Sampaio,1955-01-31,M,71,6,
1042,742548931261286,Maysa Brito,1997-11-20,F,29,9,
1043,710655114702243,Heloisa Silva,2016-03-21,F,10,10,
1044,793271520662003,Allana da Mota,1997-05-23,F,29,9,
1045,721824881926994,Emanuel Câmara,2014-01-16,M,12,10,
1046,751466931269035,Isis da Costa,1970-01-29,F,56,1,
1047,752947670833695,Rafaela Nogueira,1992-03-27,F,34,5,2025-10-30
1048,737942301112992,Cecilia Lopes,1944-08-14,F,82,8,
1049,738468213004786,Luana Aparecida,1948-12-07,F,78,6,
1050,736004796553937,Theo Pinto,1990-10-23,M,36,5,
1051,787192675316726,Sabrina Cunha,1949-08-02,F,77,6,
1052,729485425044508,Alana Marques,1977-03-13,F,49,9,
1053,761071502215166,João Felipe Costa,1950-03-19,M,76,7,
1054,722816089816270,Mariah Santos,1968-10-08,F,58,10,
1055,743239456703970,Maya Gomes,2001-02-26,F,25,4,2025-09-09
1056,748967488643210,Nicolas da Costa,1951-11-02,M,75,5,
1057,718379246034400,Maria Fernanda Azevedo,1962-12-15,F,64,10,
1058,782503368722076,Srta. Ísis Vasconcelos,1944-11-29,F,82,7,
1059,774934920608224,Julia Moura,1986-03-13,F,40,2,
1060,779108911289072,Catarina Siqueira,1983-01-11,F,43,3,
1061,771956543213504,Lara Sousa,2000-10-29,F,26,9,2025-10-06
1062,746528195526498,Júlia Vasconcelos,1967-06-20,F,59,1,
1063,718703835097434,Sophia Almeida,1999-09-28,F,27,3,2026-01-29
1064,754585513943945,Rhavi Peixoto,1951-12-25,M,75,5,
1065,718986629601216,Catarina Porto,1972-12-07,F,54,2,
1066,785574852770664,João Miguel Peixoto,1998-10-27,M,28,1,
1067,780745038644026,Cecilia Monteiro,2015-11-26,F,11,9,
1068,761247877145916,Lívia Cardoso,1997-04-04,F,29,1,
1069,719541539983362,Samuel Campos,1951-02-17,M,75,8,
1070,720010443890740,Davi Lucas Rodrigues,2007-06-30,M,19,4,
1071,759168296261209,Théo Gomes,1993-11-07,M,33,7,
1072,745358309280155,Isadora Fonseca,1995-03-07,F,31,3,
1073,724220181308537,Caroline Moreira,1999-05-31,F,27,8,
1074,739874849723061,Luiz Miguel Mendes,2000-06-26,M,26,4,
1075,777866798711837,Maria Eduarda Castro,1978-11-11,F,48,9,
1076,767125011442728,Marcela Peixoto,1996-07-10,F,30,4,2026-01-28
1077,734056939744644,Gabrielly Fonseca,1942-06-09,F,84,1,
1078,723109567655267,Emanuelly Moraes,1996-01-03,F,30,2,
1079,756178726138812,Henry Gabriel Porto,1986-08-30,M,40,10,
1080,777982948320418,José da Cruz,1950-04-03,M,76,7,
1081,712652143488413,Sophie Pinto,1944-01-15,F,82,4,
1082,710898224721881,Zoe Moraes,1981-03-24,F,45,9,
1083,744885047567044,Joana Novais,2021-07-07,F,5,1,
1084,746311591297157,Rebeca Marques,2019-06-23,F,7,8,
1085,739648229995429,Srta. Olívia Viana,2022-05-03,F,4,9,
1086,748783181104468,Maria Luísa Azevedo,1997-02-10,F,29,10,
1087,755509200008434,Kaique da Mata,2004-10-06,M,22,4,
1088,722173587997775,Bruna Cardoso,2018-08-04,F,8,4,
1089,765889220452099,Heloísa Peixoto,2006-06-25,F,20,5,
1090,769393928081491,Brenda Nunes,2013-04-15,F,13,2,
1091,726705322289895,Vinicius Albuquerque,1989-10-10,M,37,9,
1092,789211906693825,Maria da Paz,1970-10-26,F,56,10,
1093,744747928650076,Miguel Sampaio,1988-08-12,M,38,10,
1094,769133318430340,Olivia Albuquerque,1968-01-17,F,58,5,
1095,779430538592456,Ana Correia,1984-01-18,F,42,2,2025-11-28
1096,714602817312111,Fernanda Mendes,1962-10-04,F,64,1,
1097,720834968875633,Maria Sophia Monteiro,2025-07-04,F,1,7,
1098,713687234734558,João Felipe Marques,2010-01-22,M,16,1,
1099,765020779167439,Brayan Porto,1968-04-21,M,58,9,
1100,739756530185099,Ana Cecília Viana,2011-03-09,F,15,10,
1101,720117648244119,Heloisa da Conceição,2010-12-02,F,16,10,
1102,768522553309147,Ryan Novais,2021-07-11,M,5,1,
1103,739243528880917,Srta. Heloisa Machado,1961-12-15,F,65,3,
1104,753844681765744,Dr. Emanuel Caldeira,2010-03-19,M,16,8,
1105,735816815192243,Luana Casa Grande,1997-10-08,F,29,10,
1106,716476689162476,Dra. Melissa Siqueira,1992-05-02,F,34,2,2026-02-06
1107,736326254660873,Isabel Brito,1988-07-14,F,38,6,
1108,792373861106329,Luísa Cavalcanti,1966-10-04,F,60,3,
1109,727889924191446,Renan da Mata,1943-06-27,M,83,5,
1110,765641949555378,Helena Câmara,1949-08-15,F,77,6,
1111,748635959198406,João Lucas da Rosa,1992-07-20,M,34,10,
1112,773727554463463,Ana Sophia Barros,1956-08-01,F,70,8,
1113,770985529676325,Sra. Maysa Andrade,2021-07-05,F,5,5,
1114,745538566504344,Liz Garcia,1941-06-10,F,85,1,
1115,726111620948421,Dom Lopes,1989-10-25,M,37,6,
1116,782759032131103,Isabela Silveira,2001-03-09,F,25,1,
1117,720886372412505,Lorena Guerra,1960-06-13,F,66,7,
1118,710205140484189,Sara Fernandes,1982-04-24,F,44,4,
1119,732796721178887,Srta. Manuella Freitas,1989-12-17,F,37,9,
1120,765922528403646,Rafaela Pastor,2006-01-11,F,20,9,
1121,720644874831243,Danilo Siqueira,1965-07-28,M,61,6,
1122,726421414858311,Rhavi Monteiro,1964-05-05,M,62,9,
1123,743611891421202,Henrique Moreira,1998-12-12,M,28,5,
1124,746454635713340,João Felipe Alves,1945-09-01,M,81,7,
1125,786338129152500,Srta. Ayla Carvalho,1945-05-02,F,81,7,
1126,794346912540526,Bárbara Almeida,2003-03-25,F,23,9,
1127,782746968081386,Thomas Pacheco,1959-11-30,M,67,6,
1128,788545480054933,Gabrielly Guerra,2023-06-08,F,3,3,
1129,760350452085609,Dra. Isadora Nogueira,1948-08-05,F,78,5,
1130,737092008129002,Luan Castro,2017-04-14,M,9,8,
1131,784368429662331,Alexia Moura,2014-10-10,F,12,9,
1132,784116372805688,Davi Pinto,2005-11-04,M,21,7,
1133,716384885342490,Ana Beatriz Nogueira,2023-01-14,F,3,2,
1134,786841790195808,Otávio da Costa,1958-02-28,M,68,2,
1135,723482655798396,Théo Rodrigues,2022-07-13,M,4,4,
1136,784138769813388,Maria Vitória das Neves,1968-06-10,F,58,1,
1137,727547595185449,Marcela Guerra,2016-07-14,F,10,8,
1138,728406841221925,Sara Cavalcante,2021-03-10,F,5,2,
1139,769354932329079,Dra. Sarah Viana,1970-10-03,F,56,8,
1140,723236031227149,Bárbara Monteiro,1941-11-08,F,85,9,
1141,713796708950919,Sr. Matteo Freitas,2024-05-10,M,2,3,
1142,793806695907286,Ayla Vieira,1996-04-29,F,30,10,2026-02-10
1143,770048898990900,Cauê Mendes,1964-01-07,M,62,5,
1144,765943311460308,Sra. Laura Rios,1981-03-11,F,45,10,
1145,728191475457812,Sarah Freitas,1944-09-03,F,82,3,
1146,724316641426539,Srta. Manuela da Cruz,1948-06-01,F,78,10,
1147,788512173435320,José da Mata,1994-03-12,M,32,8,
1148,750441200882962,Thales Monteiro,1983-10-11,M,43,5,
1149,761810413247532,Fernando Alves,2004-04-13,M,22,2,
1150,770477021957504,Amanda Novais,2022-12-17,F,4,6,
1151,750106786456670,Augusto Nunes,2001-11-20,M,25,1,
1152,745355835647529,Oliver Sales,1985-11-25,M,41,1,
1153,723807401780502,Elisa Câmara,2000-09-13,F,26,3,
1154,793694803661753,Raul Pimenta,1963-08-09,M,63,9,
1155,750494063345138,Sophie Siqueira,2005-03-31,F,21,9,2025-12-01
1156,734703787214343,Léo Rodrigues,1959-11-27,M,67,5,
1157,799248064603503,Ana Júlia Gomes,2006-07-18,F,20,5,2025-12-10
1158,732088585755790,Srta. Alexia Vargas,1945-10-17,F,81,10,
1159,773498548562136,Antonella Carvalho,2022-05-31,F,4,1,
1160,719392783347277,Fernanda Farias,2002-09-16,F,24,2,2026-03-13
1161,761408384351008,Ana Lívia Abreu,1986-08-20,F,40,4,2025-08-11
1162,780236459431568,Maria Cecília Lima,1986-12-13,F,40,10,
1163,799538388873986,Caleb Novais,2000-04-05,M,26,8,
1164,748041977706347,Alice Pacheco,1974-06-25,F,52,4,
1165,795372141624046,Anthony Novaes,1947-01-03,M,79,4,
1166,710443271109161,Maitê Ramos,2021-07-25,F,5,2,
1167,799767104442130,Isabella Campos,1967-09-09,F,59,5,
1168,720499641615277,Clara Campos,1961-02-18,F,65,4,
1169,774110268004572,Bianca Santos,1948-10-07,F,78,3,
1170,731851994213946,Léo Lopes,1979-06-12,M,47,8,
1171,714875813557878,Olivia Pacheco,2015-07-09,F,11,2,
1172,783735130172644,Sarah Vasconcelos,2008-03-03,F,18,8,
1173,771158553045093,Henry Gabriel Melo,2001-08-30,M,25,10,
1174,770032732189744,Henry Viana,1995-06-20,M,31,7,
1175,762816680355144,Srta. Beatriz Fernandes,1953-06-30,F,73,2,
1176,746008362059601,Sra. Evelyn Caldeira,1961-01-20,F,65,10,
1177,756613209146775,Pedro da Mata,1969-06-21,M,57,1,
1178,730684829718100,Leandro Castro,1975-07-21,M,51,9,
1179,737483087776448,Maysa Sousa,1971-12-28,F,55,5,
1180,747651810187527,Joana Aparecida,1991-09-28,F,35,6,
1181,760185298398896,Apollo Cavalcante,2009-06-17,M,17,7,
1182,724018942271344,Letícia Carvalho,1971-11-16,F,55,7,
1183,737986343455790,José Miguel Machado,1942-01-26,M,84,1,
1184,750507477336024,Alexandre Barbosa,2015-02-02,M,11,8,
1185,726738619545133,Srta. Kamilly Caldeira,1962-02-08,F,64,8,
1186,713046446216398,Esther Albuquerque,1944-10-01,F,82,1,
1187,717356750169891,Mirella Alves,1988-01-20,F,38,9,
1188,741893822357044,Maria Sophia da Mata,2010-02-06,F,16,3,
1189,763933344060956,Rebeca Marques,1968-07-30,F,58,3,
1190,775536047925189,Dra. Eloah Novaes,2012-02-29,F,14,3,
1191,747338968071683,Marcelo Vasconcelos,1995-06-09,M,31,7,
1192,723384727775906,Léo Borges,2012-05-22,M,14,1,
1193,712458855856827,Alexia Freitas,1967-06-17,F,59,4,
1194,754047912159321,Melissa Pereira,1963-02-11,F,63,1,
1195,761601814746404,Gael Henrique Peixoto,1956-08-12,M,70,10,
1196,793134966577209,Srta. Eloah Gomes,1964-03-20,F,62,10,
1197,788542181200915,Enrico Cirino,1940-07-22,M,86,6,
1198,734408008199010,Ísis Cavalcanti,2024-10-01,F,2,10,
1199,717285815864853,Maria Cecília Montenegro,1978-08-11,F,48,4,
1200,732553530879306,Zoe Novais,2018-12-26,F,8,7,
1201,762053763003039,Luana Mendonça,2015-10-22,F,11,4,
1202,758493531747621,Giovanna Farias,2018-02-17,F,8,10,
1203,761601305445514,Luana Brito,2001-07-07,F,25,3,
1204,761676391420351,João Miguel da Cunha,2015-04-29,M,11,1,
1205,750126289281724,Ana Clara Marques,2017-10-15,F,9,8,
1206,745653142061162,Letícia Gomes,1970-02-10,F,56,7,
1207,721326189697411,Thiago Correia,1954-08-17,M,72,3,
1208,729838153816588,Heloísa Câmara,1982-01-23,F,44,4,
1209,750459528242936,Eloá da Costa,2023-07-19,F,3,9,
1210,773102302347326,Sra. Valentina Cunha,1984-07-16,F,42,6,2026-03-21
1211,722654859399211,Dr. Bernardo Souza,1980-01-11,M,46,8,
1212,792310162773104,Stella Porto,1953-03-19,F,73,6,
1213,792009391803947,Maria Luiza Ferreira,1977-12-15,F,49,1,
1214,779576284282573,Maria Luísa Aparecida,1943-04-02,F,83,3,
1215,776249087418545,Sra. Zoe Marques,2007-01-14,F,19,1,2026-02-04
1216,789897181028895,Carlos Eduardo Ferreira,1948-08-30,M,78,3,
1217,769092758706051,Stephany Pastor,2009-04-02,F,17,8,2026-01-05
1218,761079679102362,Raul Fonseca,2024-06-07,M,2,9,
1219,764487394376210,Aylla Azevedo,1998-09-16,F,28,1,
1220,742220014218325,Joana Freitas,2009-02-18,F,17,1,
1221,762995489039024,Pietro Silveira,1956-04-01,M,70,8,
1222,740913846121477,Elisa Borges,1990-11-21,F,36,9,
1223,772254552803053,Zoe da Paz,2001-04-01,F,25,3,
1224,793441062762186,Josué Castro,1970-09-27,M,56,3,
1225,770321731157917,Eduarda Guerra,1948-07-05,F,78,8,
1226,763700303819999,Melina da Costa,1999-02-22,F,27,10,2025-09-02
1227,744112791738312,Maria Helena Aragão,1983-07-02,F,43,6,2025-09-16
1228,778094916480020,Renan Fogaça,2012-07-16,M,14,3,
1229,750049278028756,João Porto,2002-01-29,M,24,9,
1230,769647637297634,Luara Siqueira,1982-06-18,F,44,8,
1231,771076121005257,Bryan Silva,1963-03-05,M,63,1,
1232,798359771249433,Sr. Gael Henrique Pereira,2001-09-09,M,25,9,
1233,773930386794151,Maitê Jesus,1942-02-06,F,84,5,
1234,762624731087891,Nina Macedo,2004-03-17,F,22,8,
1235,712781776561742,Emilly Moreira,2023-02-12,F,3,5,
1236,799862022653967,Dra. Evelyn Ribeiro,1949-08-31,F,77,1,
1237,770923951105906,Julia Fogaça,2016-09-04,F,10,9,
1238,716706639298627,Jade Almeida,1949-06-12,F,77,1,
1239,731043754583861,Eloá Fonseca,2015-07-24,F,11,6,
1240,749475882683069,Isaac das Neves,1940-12-06,M,86,5,
1241,735359423062062,Zoe Pastor,2006-10-28,F,20,8,
1242,775954945791623,Benicio Costela,1958-05-25,M,68,6,
1243,712912230600544,Dra. Heloísa da Mata,1987-09-01,F,39,5,2026-02-08
1244,717267699047710,Gael Caldeira,1948-02-10,M,78,8,
1245,716516690529407,Laís Moraes,1963-12-16,F,63,2,
1246,799882151957070,Cecilia Sales,2009-08-20,F,17,5,2026-01-25
1247,767846368445316,Agatha Campos,2012-01-12,F,14,2,
1248,776493773337971,Ísis Borges,1982-07-12,F,44,7,2025-09-02
1249,722725437569354,Cecília Machado,2000-06-23,F,26,1,
1250,761588069486109,Milena da Conceição,1985-05-06,F,41,9,
1251,727047524124229,Dra. Lara Freitas,1957-02-20,F,69,9,
1252,727914651240949,Liz Castro,2004-03-05,F,22,1,
1253,750925617124503,Francisco Pacheco,1954-11-23,M,72,3,
1254,770318875407924,Dr. Asafe Viana,2017-03-27,M,9,2,
1255,723178789688029,Jade Andrade,2008-12-03,F,18,2,2025-09-08
1256,792855494135748,Dra. Laís Cunha,1977-07-05,F,49,4,
1257,729777015953138,Maria Liz Viana,1969-09-06,F,57,4,
1258,784715146083570,Samuel Garcia,1948-12-05,M,78,3,
1259,718792743254892,Srta. Eloah Ribeiro,1962-12-02,F,64,8,
1260,769438854355831,Theo Dias,1954-02-04,M,72,8,
1261,750156308002502,Natália Lima,1945-05-29,F,81,4,
1262,793103170804291,Kamilly Novais,1994-11-29,F,32,9,
1263,712228021908584,Mariane Lopes,1954-12-30,F,72,6,
1264,766738280625699,Ester da Cunha,1982-09-22,F,44,4,
1265,730350552078030,Rhavi Costa,2007-12-14,M,19,9,
1266,721231452865341,Maria Cecília Nunes,2005-04-03,F,21,5,
1267,750732488484874,Levi Vargas,2004-03-09,M,22,7,
1268,718533187466926,Mariah Novaes,2000-08-16,F,26,5,2025-08-22
1269,747541610125619,Maysa Fernandes,1989-07-07,F,37,8,2025-12-19
1270,794379609914757,Bryan Cardoso,1997-10-22,M,29,3,
1271,725902848448531,Maria Sophia da Mota,1963-12-05,F,63,5,
1272,724947027889916,Maria Vitória Rios,1955-02-08,F,71,5,
1273,755477408478846,Melissa Lima,1994-07-03,F,32,3,
1274,764824014317563,Sra. Ágatha Ramos,2017-01-19,F,9,4,
1275,719175738332926,João Miguel da Rosa,1985-08-10,M,41,1,
1276,793048217245954,Theodoro Nascimento,2016-08-29,M,10,10,
1277,777542012575747,Emanuella Costa,1953-01-03,F,73,9,
1278,740757414195653,Lunna da Luz,2010-09-13,F,16,5,
1279,784167226847657,Julia Aparecida,1995-04-07,F,31,7,
1280,763090274663098,Renan Lima,1940-07-29,M,86,5,
1281,737503497743266,Maria Fernanda Sales,1964-12-10,F,62,6,
1282,749429596118005,Juan Santos,1976-07-12,M,50,1,
1283,738094515432697,Dra. Kamilly Cavalcanti,1960-05-26,F,66,5,
1284,768700426470675,Ana Luiza Marques,1951-06-08,F,75,10,
1285,769042836180341,Henry Vasconcelos,2004-06-06,M,22,7,
1286,761408019940156,Bruna das Neves,1999-11-17,F,27,7,
1287,747151971409299,Rafael Pereira,1998-08-20,M,28,5,
1288,717766538156929,Srta. Ayla Barbosa,2019-02-18,F,7,1,
1289,778646451946322,Nicole Oliveira,1990-07-25,F,36,5,
1290,737161045548298,Marina da Cruz,2002-07-02,F,24,10,
1291,731879371868568,Dra. Emanuelly Cavalcante,2015-10-05,F,11,9,
1292,744033955997361,Laís Machado,1996-08-31,F,30,1,
1293,724517818113722,Luiz Miguel Martins,2013-07-24,M,13,8,
1294,711640318035716,Maitê Aparecida,1968-08-13,F,58,8,
1295,735555647573456,Dr. Yan Barros,2006-01-19,M,20,1,
1296,787863696222717,Melissa Vargas,1975-08-13,F,51,5,
1297,799068733382700,Sra. Nina Teixeira,1943-10-31,F,83,7,
1298,776690503187719,Olivia Campos,2009-05-15,F,17,4,
1299,774835340864514,Cauê Moreira,1963-04-09,M,63,8,
1300,743811799674717,Ayla Cardoso,2018-09-08,F,8,7,
1301,714654398983438,Sophia Teixeira,2025-06-19,F,1,3,
1302,786490207996478,Igor Silva,1946-11-08,M,80,8,
1303,731177488369173,Rafaela Pires,1970-06-06,F,56,10,
1304,742806922552393,Olívia da Luz,2020-01-13,F,6,2,
1305,737313622711354,Cauã Campos,1980-07-30,M,46,2,
1306,734238085238717,Apollo Abreu,1964-03-18,M,62,4,
1307,744928583685049,Giovanna Carvalho,2007-07-12,F,19,10,
1308,713208733455263,Anna Liz Porto,2005-09-05,F,21,8,
1309,721490415140827,Luiz Fernando Borges,2024-12-25,M,2,4,
1310,751784754662250,Sr. Pedro Miguel da Rosa,2009-12-04,M,17,8,
1311,771934762326692,Ana Carolina Santos,1955-11-03,F,71,4,
1312,754925207274518,Ayla da Cruz,1974-01-03,F,52,10,
1313,796803701169714,Dr. Heitor Pinto,1999-07-27,M,27,2,
1314,751507966044870,Maria Sophia das Neves,2023-05-12,F,3,1,
1315,719213983227576,Dra. Maria Helena Guerra,1999-01-18,F,27,8,
1316,720834442854147,Maria Sophia Pires,1981-12-21,F,45,7,
1317,735715545129000,Mariane Duarte,2008-02-09,F,18,10,2025-08-31
1318,716010802340355,Nina Rios,1972-02-07,F,54,4,
1319,785684546766912,Hellena Pereira,1991-08-21,F,35,8,
1320,729190100223702,Nicole Novaes,1986-11-12,F,40,9,
1321,724138444015972,Davi Miguel Jesus,1971-07-16,M,55,2,
1322,727026648076766,Ana Rios,2016-06-28,F,10,8,
1323,743773395415807,Gabriela Caldeira,1954-11-30,F,72,3,
1324,725964036264869,Dra. Maria Vasconcelos,1945-02-21,F,81,1,
1325,728718196443542,Bryan Fogaça,2007-01-22,M,19,10,
1326,784951841863704,Mariane Lopes,1961-05-04,F,65,9,
1327,742763376912546,Isabelly Guerra,1979-06-19,F,47,3,
1328,760144294242799,Dra. Lavínia Marques,1945-11-15,F,81,7,
1329,793896032504114,Davi Lucas Garcia,1999-01-09,M,27,3,
1330,775405854960638,Sara Costa,1983-03-01,F,43,9,
1331,756466638100965,Eloah da Paz,1944-04-17,F,82,4,
1332,753309701392391,Marina Rios,1998-02-27,F,28,9,2026-01-29
1333,744824206597626,Kamilly Nogueira,1995-08-03,F,31,1,
1334,754095183629009,Srta. Carolina Rocha,2004-07-01,F,22,1,
1335,770959945368584,Heloísa da Paz,2022-05-16,F,4,4,
1336,718644417430774,Larissa Garcia,2016-08-29,F,10,6,
1337,730364371091315,Sra. Jade Marques,2016-06-11,F,10,4,
1338,758510298899747,Eduarda Macedo,2006-11-10,F,20,6,
1339,754208015000221,Srta. Camila Mendonça,1940-10-20,F,86,10,
1340,776640033010883,Bruno Casa Grande,2025-01-31,M,1,3,
1341,772754035694688,Marina Ferreira,1995-07-08,F,31,3,
1342,741510267977732,Giovanna Sampaio,1973-03-18,F,53,1,
1343,722591809187729,Luiz Henrique Barros,1997-01-15,M,29,6,
1344,784370391493805,Maria Helena da Cunha,1978-02-08,F,48,1,
1345,797825699529996,Emilly Lima,1979-12-04,F,47,2,
1346,734942572993212,Brenda Andrade,2024-04-11,F,2,2,
1347,751157620382978,Miguel Pimenta,1942-12-24,M,84,4,
1348,796310471799281,Nathan Novais,2012-08-09,M,14,1,
1349,761965432138994,Bruna Vargas,1992-01-14,F,34,3,
1350,746079808038076,Srta. Isis Castro,2026-01-27,F,0,2,
1351,737729017628548,Diego Pimenta,1947-09-11,M,79,6,
1352,796918564201507,Isaac Borges,2013-10-09,M,13,4,
1353,752984236065502,João Vitor Albuquerque,2018-04-21,M,8,1,
1354,771106480919141,Enzo Silveira,1998-02-18,M,28,3,
1355,772509874670261,Marcelo Macedo,2016-10-18,M,10,3,
1356,744590431241455,Caleb da Cruz,1954-09-02,M,72,1,
1357,797148275275366,Olívia Pastor,1991-01-17,F,35,4,
1358,762846212163327,Amanda Melo,2011-09-30,F,15,5,
1359,769063512435387,Isabela Andrade,2017-03-07,F,9,9,
1360,787657633568363,Larissa Moreira,2018-06-18,F,8,8,
1361,724781838441850,Juliana Porto,1970-11-30,F,56,1,
1362,721236960546993,Amanda Souza,1968-03-25,F,58,9,
1363,763879236809279,Letícia Nogueira,2017-03-24,F,9,1,
1364,733326968353610,Maitê Sousa,2018-06-13,F,8,6,
1365,722442505238677,Dra. Stephany Rodrigues,2012-06-06,F,14,9,
1366,717138277789195,Emanuel das Neves,2017-07-10,M,9,6,
1367,748409455455796,Sr. Pedro Lucas Farias,1956-02-23,M,70,3,
1368,732698346752211,Sra. Rebeca Vargas,1984-11-19,F,42,10,2025-11-15
1369,725956011164834,Ana Vitória Silva,1958-04-28,F,68,5,
1370,730826125980755,Ravi Cavalcante,1994-07-16,M,32,3,
1371,742679534953093,Manuela Pinto,1978-09-28,F,48,2,
1372,728285215945507,Stephany Pereira,1968-11-14,F,58,9,
1373,751818036827435,Dante da Paz,1987-11-27,M,39,4,
1374,783481540754322,Isabela Aragão,1985-08-09,F,41,9,
1375,714237391390252,Natália Porto,1975-04-02,F,51,3,
1376,773466009882526,Laura Novaes,1999-08-05,F,27,8,
1377,747716121233889,Sr. Gael da Mota,1970-11-07,M,56,1,
1378,773162213180567,Renan Mendes,2003-11-21,M,23,9,
1379,782262070258956,Thales Monteiro,1956-05-18,M,70,1,
1380,769351478688338,Ravi Lucca Correia,1987-05-14,M,39,6,
1381,785749766836824,Larissa Lima,1943-02-13,F,83,3,
1382,757585171503135,Heloisa Marques,2011-07-04,F,15,9,
1383,730306865032682,Maria Alice Fonseca,1981-08-19,F,45,5,2025-12-20
1384,712491250579497,Melissa da Cunha,2025-10-09,F,1,9,
1385,742259079552583,Nina Brito,1944-03-29,F,82,4,
1386,728706619455707,Dr. Henry Fogaça,1955-07-09,M,71,9,
1387,769470672909073,Hellena Novais,1992-01-14,F,34,2,2025-10-09
1388,717349341034923,Maria Aragão,2001-03-17,F,25,8,
1389,745071684126454,Dr. Miguel Mendes,2007-11-17,M,19,1,
1390,755546370537571,Sra. Isis Gonçalves,1943-11-11,F,83,6,
1391,717807524160463,Natália Aragão,1994-03-07,F,32,8,
1392,770503128245222,Laura Fogaça,2001-08-31,F,25,7,
1393,791565857760313,Eduarda Pinto,1953-09-29,F,73,10,
1394,769702032860054,Sarah Brito,1970-02-12,F,56,6,
1395,791521366927965,Lunna Barros,1962-10-11,F,64,3,
1396,776126243013162,Maria Flor Sá,2022-03-07,F,4,3,
1397,742342765164749,Anthony Gabriel Costa,2012-01-13,M,14,4,
1398,747459047051305,Mariane Farias,1995-06-19,F,31,7,2026-01-02
1399,772223533136076,Lívia Siqueira,1958-07-15,F,68,10,
1400,768778449115792,Eloá Abreu,1967-12-07,F,59,2,
1401,783958036391203,Amanda Melo,1972-10-16,F,54,6,
1402,787949354874595,Isadora Montenegro,1985-11-20,F,41,2,
1403,712327986181508,Isabella Sá,1956-06-02,F,70,9,
1404,759680698244605,Alana Nascimento,1977-09-26,F,49,7,
1405,794381298604121,Lara Alves,1959-01-18,F,67,8,
1406,783955305852226,Benjamim Macedo,1968-02-25,M,58,7,
1407,762678985844810,Diogo Moreira,2022-04-22,M,4,10,
1408,797051276952719,Anna Liz Silva,1946-06-13,F,80,1,
1409,720799473520531,Isis Costela,2017-05-28,F,9,4,
1410,723522994355735,Vinícius Pires,1981-03-11,M,45,4,
1411,793396658943085,Raquel Araújo,1986-11-27,F,40,7,
1412,723999097398176,Ana Clara da Rocha,2010-08-14,F,16,3,
1413,765671899401537,Sr. Gael Costela,1989-05-13,M,37,3,
1414,785760448861531,Mirella Melo,1986-01-22,F,40,8,2025-12-27
1415,795537357904029,Dra. Maria Cecília Silva,1978-02-13,F,48,9,
1416,768636968231328,Rafaela Costela,1985-12-17,F,41,4,2025-12-05
1417,723982735354692,Lara Siqueira,2024-06-12,F,2,10,
1418,748022423914993,Srta. Helena Casa Grande,1944-11-30,F,82,9,
1419,758006632491841,Srta. Rafaela Gonçalves,1995-06-18,F,31,5,
1420,734549496850341,Maria Flor Pacheco,1992-12-07,F,34,7,
1421,731093492567794,Rael Casa Grande,2020-01-22,M,6,4,
1422,748455483506111,Fernanda Borges,1955-09-23,F,71,10,
1423,738993705638669,Sr. Diogo Machado,2003-08-14,M,23,8,
1424,777692569816214,Hadassa Cavalcante,1975-05-30,F,51,2,
1425,720437899919831,Joana Duarte,2003-03-15,F,23,3,
1426,728206709221389,Maria Júlia Azevedo,1985-12-11,F,41,6,
1427,733000707460154,Gabrielly Marques,1964-12-13,F,62,5,
1428,740037594295427,Dr. Théo Pacheco,1966-11-21,M,60,6,
1429,738273760392846,Breno Barros,1965-10-26,M,61,7,
1430,715199533852000,Melina Moura,1986-12-21,F,40,7,
1431,738383252288230,Maria Alice Mendes,1947-01-15,F,79,3,
1432,713097589156314,Rael Silveira,2016-02-21,M,10,9,
1433,789281348451980,Sr. Liam Leão,1943-06-01,M,83,5,
1434,771836775641986,Sarah Duarte,2022-01-08,F,4,2,
1435,715585890661658,Dr. Eduardo Carvalho,1993-03-27,M,33,2,
1436,742775628322973,Maria Flor Araújo,1959-06-13,F,67,5,
1437,714169840332762,Theo Sá,2017-10-13,M,9,10,
1438,752894394505572,Fernanda Albuquerque,1967-06-22,F,59,7,
1439,799196947258967,Maria Sophia Machado,1989-08-19,F,37,7,
1440,783569839757366,Sra. Maria Fernanda Souza,1952-04-21,F,74,9,
1441,731023814194832,Pedro Melo,1946-10-31,M,80,1,
1442,790308387429615,Luiz Felipe Montenegro,1999-06-21,M,27,1,
1443,737828891212850,Dr. Gustavo Henrique Ferreira,1976-07-16,M,50,6,
1444,776062308434129,Diego Moreira,1963-07-30,M,63,3,
1445,760903223232978,Otto Gomes,2013-08-01,M,13,7,
1446,742329447994183,Leonardo Moraes,2011-09-08,M,15,9,
1447,780952155370355,Isabel da Costa,1995-06-11,F,31,9,
1448,728899952771705,Giovanna Dias,1957-09-10,F,69,3,
1449,791211772809823,Otávio da Conceição,2008-09-04,M,18,1,
1450,763251225181400,Agatha Abreu,2015-04-05,F,11,5,
1451,779874487906827,Rhavi Castro,1954-09-06,M,72,7,
1452,712662908130287,Manuella da Luz,1940-10-25,F,86,3,
1453,734999626568022,Isabel Rocha,2025-07-16,F,1,9,
1454,774397090575896,Maria Luísa da Costa,2020-10-03,F,6,7,
1455,770299736345568,Rebeca da Luz,1993-02-25,F,33,1,
1456,751732531455105,Júlia Cirino,2000-09-22,F,26,4,
1457,768497244803754,Vitor Gabriel Andrade,1975-10-15,M,51,5,
1458,753706749555878,Eloá Gomes,1979-07-30,F,47,9,
1459,735209336057444,Laura da Rocha,1966-05-07,F,60,7,
1460,779183326253443,Dr. Alexandre Carvalho,1990-08-12,M,36,2,
1461,739107877020818,Lucas Gabriel Siqueira,1962-04-16,M,64,10,
1462,727890170110770,Natália Costa,2011-11-10,F,15,5,
1463,750496748167181,Lara Guerra,1959-03-10,F,67,2,
1464,735176050090659,Maria Helena Pires,2002-12-16,F,24,6,2026-01-15
1465,746109438945552,Marcelo Nunes,1978-06-13,M,48,3,
1466,712600433409205,Dra. Cecilia Freitas,2020-02-02,F,6,9,
1467,742827304684438,Maria Júlia Lima,2020-05-03,F,6,10,
1468,746691768224592,Cecília Ramos,1965-10-12,F,61,8,
1469,772492491743083,Kamilly Silva,1976-05-17,F,50,8,
1470,754335828767521,Luiz Fernando Marques,1995-03-29,M,31,10,
1471,722358177146491,Maria Cecília Pimenta,1990-05-31,F,36,1,
1472,757744528187889,Liz Campos,2022-11-23,F,4,2,
1473,771463872911943,Srta. Natália Farias,1984-08-07,F,42,1,
1474,722675426240605,Joana da Paz,1965-03-18,F,61,3,
1475,780553330237958,Ana Laura Ramos,2005-08-10,F,21,8,
1476,712620254492963,Catarina Pacheco,1940-09-18,F,86,10,
1477,774155351133407,Bryan Jesus,2015-05-17,M,11,1,
1478,788343073387756,Arthur Azevedo,2013-08-24,M,13,7,
1479,737447515616898,Ana Beatriz Novaes,1952-04-17,F,74,9,
1480,794447218777922,Mariane Novaes,2006-03-25,F,20,10,
1481,742120109258576,Dra. Isadora Silveira,1980-12-02,F,46,1,
1482,733829957484055,Sara Sousa,1997-05-28,F,29,8,
1483,737574334816425,Rebeca da Conceição,2014-07-28,F,12,9,
1484,748536113798692,Marcelo Araújo,1954-07-22,M,72,2,
1485,732568235788545,Giovanna Almeida,1949-09-04,F,77,10,
1486,777345639879694,Heitor da Mota,2003-08-17,M,23,3,
1487,770431073106526,Stella Jesus,1991-12-15,F,35,7,
1488,761493945281490,Bryan Ramos,2012-06-30,M,14,6,
1489,789967822830850,Pedro Lucas Santos,2001-09-26,M,25,6,
1490,741126414164149,Liam Melo,1999-03-18,M,27,9,
1491,733693618358369,Emanuel Barros,1986-04-23,M,40,4,
1492,730607846378114,Theo Novais,2016-06-16,M,10,5,
1493,747632191244246,Sr. Bento da Paz,2023-07-09,M,3,7,
1494,756702961051289,Davi Luiz Rodrigues,1963-05-08,M,63,10,
1495,716137462913971,Brayan Martins,1960-01-16,M,66,10,
1496,753489422320755,Mirella Lopes,1990-02-11,F,36,2,
1497,774970929901429,Ana Clara Porto,1996-10-23,F,30,6,
1498,719858431878265,Maria Flor Albuquerque,1994-06-21,F,32,5,
1499,732440447448742,Ana Vitória Mendes,2003-10-23,F,23,8,
1500,741461940236585,Elisa Costela,1962-02-16,F,64,5,
1501,757161300652583,Sr. Davi Miguel Pastor,2014-03-07,M,12,9,
1502,719082106996790,Maria Helena Moura,2022-03-24,F,4,5,
1503,715368380283031,Dr. Benício Novais,2001-08-29,M,25,4,
1504,780521863204114,Hadassa Fogaça,1958-07-29,F,68,10,
1505,785692176183755,Rafael Lopes,2017-12-04,M,9,8,
1506,754254991317717,Melissa Costela,1980-12-05,F,46,2,
1507,736375842601653,Letícia Caldeira,1964-04-15,F,62,7,
1508,799254572597589,Miguel Jesus,1957-12-30,M,69,1,
1509,732275776212221,Sr. Felipe Castro,2011-07-20,M,15,2,
1510,768723689123373,Benjamin Fonseca,2017-08-14,M,9,9,
1511,778557790128288,Kaique Fogaça,1990-10-11,M,36,4,
1512,764020120306914,Srta. Sofia Gonçalves,2018-03-20,F,8,9,
1513,787365890530552,Lorena Camargo,1957-10-19,F,69,4,
1514,760270321155383,Catarina Macedo,1995-07-17,F,31,10,
1515,777823004307555,Dante das Neves,2000-01-19,M,26,8,
1516,774452886556730,Kevin Moreira,1983-08-07,M,43,4,
1517,767171147440497,Alexandre Pastor,1953-03-31,M,73,3,
1518,797338555922524,Maria Liz Andrade,1962-03-27,F,64,5,
1519,730719271124205,Dr. Matheus Cunha,2007-01-27,M,19,4,
1520,729616025799648,Alícia Campos,1989-01-11,F,37,9,
1521,734216716052542,Evelyn Lopes,2017-12-19,F,9,9,
1522,761135853242012,Sara Garcia,1945-05-15,F,81,5,
1523,792420101933934,Davi Miguel Sousa,2013-03-22,M,13,4,
1524,794444880797762,André da Rocha,2004-02-21,M,22,8,
1525,797193489705106,Marina Santos,1946-07-31,F,80,4,
1526,779859191420180,Ana Lívia Azevedo,1984-03-13,F,42,3,
1527,712253262448317,Sarah Mendes,1988-08-14,F,38,10,
1528,766860837554687,Amanda Gomes,1957-08-20,F,69,9,
1529,782215933998817,Melina da Costa,1947-03-20,F,79,7,
1530,732857120078379,Marcela Silva,2004-01-19,F,22,4,2025-08-08
1531,727740890819316,Maria Cecília Ferreira,1975-07-02,F,51,8,
1532,729699242431242,Raul Andrade,1977-09-24,M,49,5,
1533,710398128767891,Noah da Costa,2015-08-16,M,11,8,
1534,738652562382435,Luiz Miguel Carvalho,1970-01-03,M,56,3,
1535,725304845911000,Clara Azevedo,1988-05-13,F,38,3,2025-09-01
1536,751893909781809,Benjamim Cunha,1981-09-24,M,45,9,
1537,722834048367070,Kevin da Rosa,1955-10-11,M,71,8,
1538,718290616944004,Ana Júlia Borges,2010-07-22,F,16,10,
1539,795172955051275,Luiz Felipe Vieira,2018-01-31,M,8,9,
1540,766364688594756,Yasmin Fernandes,1974-04-22,F,52,6,
1541,750374931238722,Yuri Abreu,1991-08-10,M,35,8,
1542,764344197551430,Luísa Azevedo,1962-08-23,F,64,1,
1543,738660366977552,Dr. Carlos Eduardo Barbosa,1978-12-05,M,48,7,
1544,710249373777176,Enzo Gabriel Pastor,1984-04-12,M,42,7,
1545,724248791217108,Leonardo Costela,2010-10-31,M,16,7,
1546,731502805119872,Alana da Mata,1979-12-05,F,47,3,
1547,738613857753123,Isis Jesus,1974-04-20,F,52,9,
1548,739805524788647,Ravi Lucca Andrade,1965-08-26,M,61,9,
1549,719457370783149,Maria Helena Monteiro,1993-01-06,F,33,8,2025-10-30
1550,756071665154522,Mirella Moraes,1984-04-09,F,42,8,
1551,734906032579311,Sr. Paulo da Cunha,1964-08-06,M,62,3,
1552,717796940439501,Ana Beatriz Marques,2005-12-01,F,21,7,
1553,722897431083612,Dr. Asafe Sales,2006-08-17,M,20,10,
1554,743409678746654,Sra. Jade Cassiano,1966-06-21,F,60,2,
1555,773697090465829,Clarice Teixeira,1968-08-09,F,58,2,
1556,796208641855235,Dra. Sophia Moreira,1968-05-22,F,58,9,
1557,760806149501668,Daniel Aragão,1972-08-22,M,54,8,
1558,754429358912826,Rafaela Vieira,1989-12-18,F,37,10,
1559,712229552452366,Ana Vitória Carvalho,1943-12-18,F,83,1,
1560,724839724878871,Emanuella Silveira,1975-03-04,F,51,7,
1561,730072045656104,Vinícius Cavalcante,1947-03-14,M,79,5,
1562,797839300540535,Liz Rodrigues,1989-06-02,F,37,3,
1563,748887258566777,Eloah Leão,2011-12-11,F,15,4,
1564,785000754549168,Dr. Matheus Albuquerque,1966-06-19,M,60,3,
1565,718153304010847,Ana Laura Andrade,2002-09-16,F,24,6,
1566,779324502994381,Luiz Miguel Cavalcanti,1951-05-11,M,75,2,
1567,740045926712947,Sra. Stephany da Mata,2023-09-28,F,3,3,
1568,790274962350139,Rafaela Macedo,1992-04-28,F,34,2,2025-09-24
1569,756037176345323,Caroline Cirino,1979-11-01,F,47,5,
1570,717328048486044,Nicole Pastor,2024-08-16,F,2,5,
1571,724599936060699,Srta. Maria Julia Vasconcelos,1969-02-19,F,57,6,
1572,767929026505771,Ágatha Costa,1975-12-19,F,51,3,
1573,779424860819261,Sr. Gustavo Alves,1983-01-08,M,43,10,
1574,793202678527246,Theo da Conceição,2005-11-05,M,21,7,
1575,742200768193450,Dr. Ravi Lucca Câmara,2023-05-30,M,3,5,
1576,783428157413305,Theodoro Cirino,1994-12-28,M,32,2,
1577,727479381513240,Dr. João Freitas,1951-12-03,M,75,6,
1578,783935624102494,Vitória Moura,2015-04-13,F,11,3,
1579,730728484226723,Hellena das Neves,1994-06-09,F,32,5,
1580,772422666507108,Maysa Barbosa,1956-08-22,F,70,10,
1581,737745603181453,Sara Rodrigues,2008-09-19,F,18,6,
1582,731183791434531,João Vitor Lima,1996-03-24,M,30,10,
1583,749913512519248,Hellena Vasconcelos,1944-01-08,F,82,7,
1584,748117657049295,Cecília Mendonça,1969-04-05,F,57,8,
1585,744725489713668,Sra. Mariane Cirino,1952-02-07,F,74,2,
1586,736936158149323,Brayan Fonseca,2023-08-19,M,3,10,
1587,752219985071568,Melissa Melo,2018-02-04,F,8,10,
1588,767813725539731,Igor Correia,1940-07-21,M,86,9,
1589,742972624021376,Henrique Melo,2003-08-06,M,23,4,
1590,769752732473061,Evelyn Rios,1996-10-22,F,30,8,
1591,721754038079527,Olivia Caldeira,1957-04-29,F,69,9,
1592,731502914441516,Ana Beatriz Cunha,1991-01-25,F,35,4,2025-09-10
1593,714403378829945,Diogo Monteiro,1972-01-04,M,54,10,
1594,792864635937716,Dr. Rael Borges,1959-05-16,M,67,1,
1595,713228056567297,Kamilly da Costa,2015-04-06,F,11,9,
1596,794762244186285,Camila Montenegro,1974-01-01,F,52,5,
1597,799132542847524,Sra. Maria Vitória Macedo,1990-03-10,F,36,8,
1598,742878440195238,Maria Clara Ribeiro,2004-05-28,F,22,3,
1599,743866431352915,Melina Gomes,1969-04-17,F,57,5,
1600,752278787815835,Maria Luiza Araújo,1976-01-02,F,50,8,
1601,746004915305564,Srta. Maria Flor Sousa,1947-11-20,F,79,3,
1602,738008603697749,João Pedro Fonseca,1961-12-24,M,65,2,
1603,745664850009558,Luara Costa,1990-08-03,F,36,10,
1604,714377730258540,João Guilherme Cavalcante,1980-01-03,M,46,6,
1605,785036788284906,Miguel Porto,1992-02-01,M,34,8,
1606,789210293104400,Melina Marques,1948-01-05,F,78,5,
1607,775015100224545,Lavínia Câmara,1965-12-29,F,61,9,
1608,795338456945326,Sr. Brayan Novaes,1958-09-10,M,68,5,
1609,785196194902065,Olívia da Rosa,1945-03-27,F,81,1,
1610,759602408094603,Sophie Peixoto,1985-03-07,F,41,7,
1611,725656643863082,Maitê Correia,2000-08-14,F,26,7,2025-08-31
1612,746769507963658,Cecília Barros,1981-01-27,F,45,9,
1613,734998532783635,Luiz Gustavo Silveira,2001-05-04,M,25,3,
1614,787448689312972,Maria Luiza Almeida,1973-03-17,F,53,6,
1615,768781809878499,Maria Fernanda Costa,1994-11-26,F,32,1,2025-11-23
1616,799828041869255,Dra. Lorena Casa Grande,1993-12-19,F,33,1,
1617,741306932245218,Ana Clara Jesus,1950-04-12,F,76,9,
1618,737363547439453,Henrique Lopes,1987-04-24,M,39,2,
1619,785451514967960,Raul Almeida,1989-10-03,M,37,7,
1620,720590963346307,Isis da Mota,1962-10-27,F,64,7,
1621,713464695554928,Mariah Teixeira,2012-06-12,F,14,8,
1622,770132966064239,Nina Cavalcanti,2000-08-27,F,26,10,2026-03-10
1623,763378595705081,Dr. Levi Pires,2012-12-29,M,14,6,
1624,798552822323869,Ravi Lucca Brito,1942-01-01,M,84,7,
1625,789655680502138,Hellena Macedo,1952-02-14,F,74,1,
1626,763408720373473,Dr. Benjamin Cunha,2018-12-04,M,8,5,
1627,785842020814584,Dra. Raquel da Mota,1971-05-30,F,55,4,
1628,754897913901572,Juliana Castro,1975-06-30,F,51,10,
1629,726123559713754,Camila Mendonça,1994-07-30,F,32,4,
1630,711007821730534,Maria Julia Pacheco,1999-05-26,F,27,2,2026-03-12
1631,763797877362866,Mariane Melo,2001-04-22,F,25,1,2026-01-23
1632,783477848891401,Arthur Peixoto,1949-09-08,M,77,2,
1633,763105225577469,Laís das Neves,2002-04-08,F,24,3,
1634,717302997747683,Letícia Cardoso,1971-08-02,F,55,5,
1635,765276664996234,Stephany Borges,2022-04-06,F,4,10,
1636,715006995832475,Murilo Fogaça,2020-12-21,M,6,5,
1637,749258907429857,Isabelly Rezende,1992-02-08,F,34,3,2026-02-24
1638,722439821093358,Srta. Isadora Rodrigues,1940-10-16,F,86,8,
1639,785001680686128,Bella Vieira,1982-12-16,F,44,1,
1640,776634521283837,Dr. Pedro Henrique Pimenta,1983-02-18,M,43,4,
1641,724574447759930,Aylla Monteiro,1971-07-21,F,55,7,
1642,748319826649706,Davi Lucas Castro,1971-04-15,M,55,7,
1643,720472912834377,Ana Vitória Sousa,1984-04-05,F,42,1,
1644,781936684187669,Emanuelly da Cruz,2001-10-10,F,25,1,
1645,776612058619240,Clara Guerra,2021-03-17,F,5,4,
1646,795638369891031,Stella Alves,1952-08-12,F,74,6,
1647,761514625623170,Dr. Luiz Fernando Oliveira,1985-03-17,M,41,8,
1648,728282602335657,Luiza Sá,1941-07-20,F,85,2,
1649,782918281039148,Antônio da Cunha,2001-01-27,M,25,3,
1650,798091200357081,Dra. Maria Clara da Mata,1975-02-25,F,51,10,
1651,783034565467158,Sra. Ana Sophia Pastor,1965-12-02,F,61,7,
1652,728177585945357,Calebe Campos,1957-04-18,M,69,1,
1653,765612107603435,Juliana Sousa,2012-06-15,F,14,3,
1654,792154110038070,Bruna Macedo,2018-10-08,F,8,1,
1655,718722881264191,Liam da Rocha,1955-02-18,M,71,5,
1656,762800024215090,Isaque Cavalcante,1960-07-13,M,66,9,
1657,761512051423451,Caleb Rios,1962-07-17,M,64,9,
1658,785071184386400,Dr. Thales da Mata,1944-06-25,M,82,8,
1659,711764397828328,Stella Aragão,1975-02-11,F,51,4,
1660,732847012101019,Aurora Mendes,1999-05-08,F,27,10,
1661,732907257129741,Carolina Borges,2000-08-02,F,26,3,
1662,766808320335218,Melissa da Luz,1979-08-02,F,47,1,
1663,768005713808614,Manuela Sá,1958-08-06,F,68,2,
1664,720090470649289,Luiza Barbosa,2006-09-11,F,20,5,
1665,748585569959977,Samuel Jesus,2011-02-13,M,15,8,
1666,735217939708866,Allana Lima,1990-03-09,F,36,4,2026-01-29
1667,746604413474507,Emanuelly Barbosa,1948-01-18,F,78,1,
1668,731105040939728,Dra. Bruna Sá,1956-10-02,F,70,6,
1669,798637289599289,Aylla Vargas,1942-03-19,F,84,6,
1670,761648205162756,Guilherme Rezende,2019-01-05,M,7,4,
1671,783084045834582,Sr. Arthur da Cunha,1947-02-19,M,79,10,
1672,773185103713696,Ana Cecília das Neves,1976-05-11,F,50,3,
1673,768288077439301,Eloá da Conceição,1988-08-09,F,38,10,
1674,767866541529183,Lívia Viana,1970-10-28,F,56,10,
1675,758984489688499,Dra. Sophie Fogaça,2014-10-17,F,12,2,
1676,744771143444731,Dra. Cecília Peixoto,1967-06-07,F,59,9,
1677,745195226721856,Natália Vieira,1961-11-16,F,65,6,
1678,781555265377778,Vitor Fernandes,2019-08-24,M,7,4,
1679,796918826138395,Sra. Ana Almeida,2015-05-17,F,11,7,
1680,712674402793891,Evelyn Novaes,1983-10-09,F,43,7,
1681,771964296182439,Miguel Monteiro,1940-08-06,M,86,5,
1682,744407767781861,Dr. Miguel Gonçalves,1964-12-31,M,62,2,
1683,747083547571475,Rafaela Garcia,1991-06-26,F,35,10,
1684,743957889694331,Dra. Gabrielly Marques,2000-07-11,F,26,1,2025-10-27
1685,762770473649654,Vitor da Rocha,1974-11-16,M,52,9,
1686,715845659744238,Henry Gabriel Duarte,1997-08-02,M,29,8,
1687,748111976370813,Dra. Aylla da Costa,1998-03-31,F,28,3,
1688,747981089649000,Bruno Mendonça,1950-06-05,M,76,1,
1689,793025886273301,Dr. Benício Casa Grande,2024-01-07,M,2,3,
1690,733904960345301,Giovanna Novaes,1956-03-27,F,70,3,
1691,746824038383372,Heloísa Novaes,1995-12-05,F,31,1,2025-10-04
1692,752656770594074,Esther Novais,2023-11-21,F,3,1,
1693,799350700759567,Alice Oliveira,2007-06-25,F,19,1,
1694,764977296094375,Isis Costela,2020-09-27,F,6,10,
1695,779139557217943,Vitor Caldeira,1964-05-11,M,62,3,
1696,795643389186699,João Pedro Casa Grande,1955-01-08,M,71,5,
1697,781821845713764,Theo Aparecida,1943-01-27,M,83,9,
1698,714238674410530,Luara Cavalcanti,1942-06-21,F,84,8,
1699,769563052300104,Laura Correia,1964-05-12,F,62,5,
1700,720806985398561,Isadora Ramos,1964-04-15,F,62,8,
1701,718740432657878,Kaique Cirino,2025-12-20,M,1,1,
1702,780138733340889,Carlos Eduardo Pacheco,1966-11-20,M,60,9,
1703,734860698449465,Eloah Vasconcelos,2024-04-07,F,2,3,
1704,735607782064413,Oliver Rocha,1946-06-23,M,80,4,
1705,723377109040397,Eloá Cardoso,2008-09-15,F,18,6,
1706,735145183817271,Sra. Anna Liz Marques,1973-11-26,F,53,1,
1707,794894239914332,Ágatha Oliveira,1990-12-23,F,36,4,
1708,747033725587776,Raquel da Costa,1986-02-16,F,40,8,
1709,759061427148702,Ana Júlia Vargas,1980-01-29,F,46,4,
1710,777306843653693,Stephany Ramos,2019-01-23,F,7,9,
1711,760475464354278,Bianca Pimenta,1952-10-22,F,74,3,
1712,787858764958458,Emanuella Duarte,2014-07-01,F,12,4,
1713,770394420684343,Amanda Nunes,2014-05-01,F,12,1,
1714,780829089855094,Nina Rocha,1953-12-11,F,73,4,
1715,774539806578882,Letícia Macedo,1994-12-10,F,32,8,
1716,749693520663393,Nina da Mata,2017-12-08,F,9,8,
1717,785689408510405,Ravi Lucca Dias,1978-03-28,M,48,6,
1718,765593758124043,Srta. Emanuella Barros,1997-02-20,F,29,8,
1719,745260834795329,Laís Garcia,1984-09-19,F,42,10,
1720,791013041716625,Benício Pereira,1994-11-13,M,32,1,
1721,726805276751518,Isadora Macedo,2004-09-08,F,22,1,2025-10-31
1722,733399686459033,Dr. Pedro Melo,1995-06-11,M,31,4,
1723,719663313876574,Sr. Vinicius Silva,2026-02-24,M,0,9,
1724,733791736937339,Ágatha Sampaio,1942-08-27,F,84,5,
1725,721537495813346,Vicente Nogueira,2000-10-18,M,26,1,
1726,796662156720280,Sr. Lorenzo Pimenta,1946-02-20,M,80,7,
1727,782173450473266,Maria Fernanda das Neves,1941-11-30,F,85,4,
1728,732613422196344,Amanda Câmara,1986-10-19,F,40,1,
1729,739588461435553,Sophia Ferreira,1949-05-06,F,77,5,
1730,754467467706633,Alice Moura,1955-03-13,F,71,6,
1731,737919638545157,Sra. Luna Rios,1989-03-18,F,37,6,
1732,766688562451701,Pietra Ramos,1980-08-20,F,46,9,
1733,769888581541148,Eduarda Albuquerque,1960-07-15,F,66,1,
1734,749631946040243,Elisa Fernandes,1946-12-22,F,80,8,
1735,760813883755726,Marcela das Neves,1987-04-28,F,39,3,2025-11-12
1736,774224207058895,Maya Cavalcante,1946-09-21,F,80,1,
1737,730535946727401,Dra. Cecilia Freitas,1992-10-07,F,34,5,
1738,750127229543962,Sophia Vieira,1943-07-03,F,83,1,
1739,794869739587517,Amanda Pimenta,1965-02-15,F,61,2,
1740,738809471874451,Ana Julia Fogaça,1976-02-28,F,50,1,
1741,711656044218136,Sra. Fernanda Viana,1957-10-25,F,69,6,
1742,792089274931214,Juliana Farias,1978-09-27,F,48,10,
1743,780483814892307,Joaquim Sales,1991-03-18,M,35,1,
1744,760134535045091,Pedro Lucas Peixoto,2012-11-16,M,14,9,
1745,730618756986041,Cauê Cardoso,1946-09-08,M,80,1,
1746,766543507664990,Maria Laura Barros,1975-08-12,F,51,2,
1747,732919491337839,Melina Azevedo,2011-08-23,F,15,9,
1748,769884877449531,Vinicius Pacheco,2021-06-02,M,5,5,
1749,742699016753329,Ana Laura da Costa,1954-06-29,F,72,10,
1750,739947283154908,Srta. Aurora Fonseca,1993-10-15,F,33,5,
1751,797277653458292,Sr. Daniel Campos,1978-01-25,M,48,3,
1752,778746115675476,Eloá Cassiano,2015-01-05,F,11,4,
1753,763192609765563,Maria Laura Barros,1942-04-10,F,84,2,
1754,755436850391662,Juliana Abreu,1948-07-06,F,78,3,
1755,789507145081968,Cecília Abreu,2018-11-01,F,8,8,
1756,798519955968218,Dra. Ana Sophia Fogaça,2000-04-18,F,26,2,
1757,791091207669468,Dra. Melissa Santos,2026-03-09,F,0,2,
1758,726595904684099,Letícia da Cunha,1966-01-11,F,60,9,
1759,730441750928799,Alexia Machado,1959-06-23,F,67,8,
1760,740154285847787,Dra. Daniela Monteiro,1945-08-20,F,81,8,
1761,713407399780468,Otávio Carvalho,1944-01-25,M,82,3,
1762,782425595916579,Sabrina Dias,1942-07-18,F,84,4,
1763,743944651450021,Isis da Cunha,2014-11-09,F,12,5,
1764,717204331690335,Manuela Souza,2003-08-08,F,23,10,
1765,743073806150504,Asafe Cirino,2020-09-20,M,6,3,
1766,767583115916608,João Guilherme Gomes,1978-07-28,M,48,7,
1767,734485842084200,Nicole Vieira,2012-06-28,F,14,3,
1768,719562544765639,Luísa Cavalcante,2023-10-29,F,3,6,
1769,718243064199210,Sr. Pietro Ferreira,1975-05-24,M,51,8,
1770,733676670707220,Fernanda Borges,1969-09-20,F,57,4,
1771,751394118994427,Nicole Lopes,2022-11-28,F,4,7,
1772,710645380513169,Lívia Abreu,2009-06-30,F,17,8,
1773,740329156499612,Joana da Luz,1961-12-01,F,65,3,
1774,727725533806017,Joaquim Rios,1970-08-23,M,56,7,
1775,754854009532796,Lara Pires,1994-12-15,F,32,10,
1776,793759242835791,Luan Souza,1981-03-06,M,45,3,
1777,737847011526396,Clarice Moraes,1998-07-18,F,28,2,
1778,794046079261228,Luigi da Conceição,1969-11-22,M,57,6,
1779,763779157705263,Raquel Lima,2003-12-31,F,23,7,
1780,759017920533499,Stella Nogueira,1942-10-28,F,84,10,
1781,773872667893690,Evelyn da Rosa,1957-04-25,F,69,3,
1782,771620974144649,Thomas da Rocha,1959-10-17,M,67,8,
1783,716766623581792,Dr. Mathias Rodrigues,1996-07-21,M,30,5,
1784,728463262802388,Clara Mendonça,1941-10-06,F,85,7,
1785,716601554159152,Larissa Casa Grande,2008-07-10,F,18,8,
1786,794046909975349,Benjamim Souza,1944-01-14,M,82,5,
1787,743432749722429,Thiago Sousa,1967-02-22,M,59,1,
1788,779505481554822,João Lucas Nunes,1986-12-28,M,40,8,
1789,796161635499592,Lunna Sá,1998-05-25,F,28,5,
1790,783898980067640,Lorenzo da Cruz,1987-10-12,M,39,6,
1791,742618494817499,Manuela Costa,2024-07-17,F,2,10,
1792,755447122509370,Otávio Sales,1968-01-15,M,58,3,
1793,790473518630513,Rafael Freitas,1946-12-25,M,80,2,
1794,712037522082012,Allana Leão,2020-09-30,F,6,10,
1795,744781906759111,Luna Cirino,2014-06-15,F,12,9,
1796,716717407316808,Kevin Novais,2025-05-07,M,1,2,
1797,786904420274410,Davi Luiz Barbosa,1987-10-21,M,39,1,
1798,795790185771548,Ravy da Cruz,2017-06-11,M,9,1,
1799,756714841325778,Kevin Teixeira,1984-02-11,M,42,2,
1800,771046592424277,Maria Clara Nascimento,1978-04-14,F,48,2,
1801,788277092989033,Vitória Freitas,1984-06-23,F,42,3,
1802,717499368487582,Heloisa Pacheco,2017-04-02,F,9,1,
1803,772838064646283,Ana Lívia Cavalcante,1994-06-25,F,32,8,
1804,719128335176109,Maria Isis Cirino,2017-12-20,F,9,6,
1805,777784605587459,Dra. Anna Liz Pereira,1980-06-18,F,46,8,
1806,755690881998113,Maria Cecília Barbosa,1989-09-03,F,37,5,
1807,798163159922115,Rael Costa,1994-06-26,M,32,2,
1808,753372392747114,Eloá Vasconcelos,2005-06-03,F,21,6,2025-11-12
1809,777754798510572,Dra. Gabrielly Cardoso,2014-10-16,F,12,7,
1810,742577648628233,Thiago Abreu,1959-04-01,M,67,4,
1811,736484196578284,Apollo Alves,1993-09-23,M,33,5,
1812,732649932682106,Letícia Brito,1997-06-02,F,29,10,
1813,732631663914513,Sara Carvalho,2009-10-02,F,17,9,
1814,778452044117443,Hellena Ferreira,1995-09-09,F,31,5,
1815,793066049462529,Otávio Borges,1956-10-13,M,70,10,
1816,787894675115700,Eloá Sá,1997-12-17,F,29,1,
1817,736564878145997,Dom Siqueira,1941-03-30,M,85,9,
1818,769177587586701,Sra. Jade Mendes,1985-06-28,F,41,5,
1819,741375306875469,Apollo Barros,1958-03-15,M,68,7,
1820,782620134841430,Apollo Nunes,2006-02-25,M,20,1,
1821,712124303636297,Sra. Olivia Cirino,1944-04-24,F,82,10,
1822,794847148583583,Luiza Porto,1995-06-14,F,31,3,
1823,718234312314248,Letícia Monteiro,1942-01-30,F,84,5,
1824,715265503300319,Ana Carolina Freitas,1982-05-08,F,44,3,
1825,755463984630663,Julia Moreira,1984-09-21,F,42,5,
1826,718932652924395,Maria Flor Aragão,1995-03-24,F,31,9,
1827,716118276174574,Maria Sophia Santos,2014-11-25,F,12,10,
1828,752083424220946,Giovanna Martins,1958-06-15,F,68,1,
1829,785709131414903,Liz Pastor,1946-04-25,F,80,10,
1830,728607387210297,João Pedro Gonçalves,1988-03-10,M,38,8,
1831,776515072218504,Benjamin Nogueira,1949-08-03,M,77,7,
1832,722726522819662,Ágatha Jesus,1956-10-28,F,70,9,
1833,723632789415356,Sr. Murilo Correia,1980-03-06,M,46,4,
1834,718344077452132,Dra. Natália Farias,1989-04-15,F,37,8,
1835,765307187096097,Enzo Gabriel Ferreira,1962-01-19,M,64,1,
1836,746156664958380,Dr. Vinícius Farias,1952-05-08,M,74,3,
1837,754008493093813,Pietra Brito,2000-10-18,F,26,6,
1838,724362401124395,Dra. Mirella Câmara,2005-06-03,F,21,7,
1839,758746768178203,Francisco Pinto,1979-06-21,M,47,6,
1840,769311977911927,João Miguel da Cruz,1981-02-15,M,45,7,
1841,723678112655173,Evelyn Martins,1982-11-26,F,44,8,2026-03-21
1842,752650746554759,Srta. Sara Alves,1945-01-25,F,81,3,
1843,796018721038429,Mariane Fonseca,2009-01-22,F,17,3,
1844,741998575915182,Théo Araújo,1958-10-17,M,68,8,
1845,732669241480139,Evelyn Martins,2018-11-25,F,8,4,
1846,767669840448988,Sra. Melina Cassiano,2015-10-26,F,11,5,
1847,791387051019820,Caleb Alves,1996-08-19,M,30,9,
1848,753420506004169,Heloisa da Costa,1961-03-10,F,65,3,
1849,757545786403004,Mariane da Costa,2003-07-15,F,23,8,
1850,766859095542620,Danilo Barros,1982-04-30,M,44,3,
1851,749606388695793,Maria Julia Monteiro,1945-04-24,F,81,10,
1852,747871812857783,Caio Rodrigues,1987-08-04,M,39,2,
1853,764389220348160,Henry Gabriel Sales,1976-05-06,M,50,3,
1854,715995296297923,Lorena Viana,1983-02-18,F,43,1,
1855,746481183230282,Sr. Juan Novais,1949-08-27,M,77,9,
1856,727878485786029,Maria Flor Sá,1993-03-09,F,33,7,
1857,718885331439364,Isaque Moraes,2013-06-02,M,13,5,
1858,747401745741198,Isadora Lima,1946-07-23,F,80,2,
1859,783435644122459,Sophie Cardoso,1998-02-04,F,28,3,
1860,792124250918808,Luiza Cirino,1970-11-25,F,56,8,
1861,774667071411116,Sophia Peixoto,1961-11-03,F,65,5,
1862,721542740497733,Kevin Cardoso,1964-03-14,M,62,4,
1863,766733675128355,Luiz Gustavo Pimenta,2016-06-19,M,10,1,
1864,756695749898741,Mathias Leão,2002-02-23,M,24,10,
1865,725207480194974,Yasmin Machado,1991-04-13,F,35,9,2025-08-01
1866,751209832902102,Arthur Fonseca,1978-12-19,M,48,2,
1867,798490885945105,Luiz Otávio Caldeira,2016-11-24,M,10,6,
1868,748813983884890,Lucca Costela,1975-03-14,M,51,2,
1869,766789320302757,Rael Pimenta,1945-01-15,M,81,1,
1870,747810945586510,Vitória Monteiro,1980-12-06,F,46,6,
1871,777355465087635,Sophie Vargas,1960-07-03,F,66,1,
1872,788522330835730,Antônio Aparecida,2011-02-07,M,15,9,
1873,777482911400179,Catarina Dias,2003-04-21,F,23,9,
1874,783034576753065,Nina da Rosa,1948-02-16,F,78,6,
1875,718731801446847,Bella Rezende,2003-03-29,F,23,10,
1876,714036394213724,Luana Gonçalves,1996-01-06,F,30,5,
1877,713380629100787,Daniela Peixoto,1983-05-12,F,43,6,2025-09-10
1878,746508250292938,Esther Casa Grande,2023-12-06,F,3,2,
1879,750036514376283,Luiz Miguel Garcia,2013-06-22,M,13,2,
1880,789591671948052,Dra. Maria Luísa Andrade,2004-06-08,F,22,2,
1881,799167311663103,Laís Oliveira,1941-05-18,F,85,9,
1882,766770314949115,Heloísa Cassiano,1947-05-27,F,79,4,
1883,761550954969876,Sr. Kevin Silva,1974-08-11,M,52,8,
1884,785520700722061,Ayla Castro,1977-08-07,F,49,1,
1885,725505078187759,Bruno Alves,1976-07-27,M,50,2,
1886,748705258336869,Valentina das Neves,1947-10-04,F,79,1,
1887,715381770207252,Júlia Barros,2012-04-15,F,14,7,
1888,718572165774807,Caio Gonçalves,2008-01-30,M,18,2,
1889,726839077847181,Larissa Pereira,1947-07-22,F,79,9,
1890,772841227662590,Maria Vitória Peixoto,2016-03-20,F,10,7,
1891,747273412408165,Miguel Duarte,1940-12-01,M,86,10,
1892,793410980560360,Ana Julia Ribeiro,1978-10-02,F,48,6,
1893,787302699890619,Isabel Novaes,1981-07-31,F,45,2,
1894,710818110898470,Sophia Moreira,2009-12-06,F,17,9,
1895,717887950769656,Rafael Monteiro,1968-09-11,M,58,3,
1896,722157588339842,Ísis Vieira,2015-03-14,F,11,4,
1897,749021680299142,Pedro Miguel Vasconcelos,1945-01-08,M,81,6,
1898,786641116223037,Sr. Antony Pires,2000-04-01,M,26,6,
1899,715924142473265,Maria Laura Machado,1973-01-02,F,53,4,
1900,750932148812863,Natália Alves,2011-06-07,F,15,6,
1901,767449010761811,Pedro Henrique da Costa,1969-02-07,M,57,3,
1902,788539703233227,Fernanda Almeida,1984-11-16,F,42,1,
1903,752700623269275,Lívia Ribeiro,2001-05-05,F,25,9,2025-08-25
1904,770535579699221,Nicolas Moreira,1989-02-27,M,37,3,
1905,779775449211855,Clara Macedo,1940-09-02,F,86,3,
1906,795093166716602,Yuri Abreu,1956-03-22,M,70,8,
1907,758439430431144,Beatriz Gonçalves,1959-07-19,F,67,2,
1908,720303388364615,Isadora Rodrigues,2020-07-06,F,6,6,
1909,712564549222383,Ana Julia da Costa,1978-12-28,F,48,2,
1910,774577373403404,Srta. Olivia Sá,1981-01-10,F,45,7,
1911,716174892261012,Clarice Andrade,1945-08-19,F,81,8,
1912,766519340682622,Helena Carvalho,1966-09-23,F,60,5,
1913,770530648827482,Danilo das Neves,1979-06-06,M,47,2,
1914,748769405781898,Ester Silva,1992-06-07,F,34,8,2026-03-05
1915,767095492442821,Ana Carolina Pacheco,1992-05-19,F,34,3,
1916,770626781710737,Vitor Hugo Jesus,2012-10-08,M,14,6,
1917,786595318086668,Manuela Rezende,2001-04-15,F,25,7,
1918,792146853622103,Ana Júlia das Neves,1957-04-26,F,69,9,
1919,726634992916293,Ayla Montenegro,1969-09-20,F,57,9,
1920,781811990101765,Dr. Davi Lucca da Rosa,1981-01-27,M,45,2,
1921,769790685346565,Olivia da Cruz,1942-03-23,F,84,8,
1922,716786623697605,Bárbara Gomes,2000-02-08,F,26,6,
1923,722761158562834,Luigi Siqueira,1988-06-12,M,38,3,
1924,752508908714034,Camila Castro,1967-08-14,F,59,6,
1925,734890464202113,Davi Lucca Pereira,1976-09-20,M,50,7,
1926,793603537567561,Antonella da Mota,2025-04-14,F,1,4,
1927,736615678538378,Josué Freitas,1982-02-12,M,44,3,
1928,794599994376359,Dra. Emanuelly Moreira,2018-02-10,F,8,6,
1929,786538905238277,Juan Costela,2025-05-20,M,1,8,
1930,769521322042747,Isabelly Borges,1955-10-17,F,71,4,
1931,793483297599653,Eloah da Rocha,1999-10-12,F,27,10,
1932,738844920024139,Maria Luiza Nogueira,1955-08-04,F,71,8,
1933,785958896577485,Rodrigo Macedo,2014-02-07,M,12,8,
1934,735234279729694,Emanuella Carvalho,1946-07-25,F,80,3,
1935,791344487027487,Sra. Milena Lima,1981-04-15,F,45,1,
1936,737591044181110,Elisa Carvalho,1973-06-02,F,53,6,
1937,727465222514616,Sra. Evelyn Casa Grande,1958-10-21,F,68,2,
1938,793190776438957,Srta. Ana Liz Novaes,2020-10-26,F,6,6,
1939,777841587368488,Bruna Sampaio,1940-08-27,F,86,7,
1940,773382297420601,Dra. Rafaela Machado,1979-07-20,F,47,10,
1941,719644736390180,José Cirino,2002-01-08,M,24,7,
1942,732126439919910,Laís Fonseca,1993-07-20,F,33,6,
1943,719436612608326,Srta. Bruna Guerra,1956-02-04,F,70,1,
1944,748442103509362,Ayla Fonseca,2015-12-09,F,11,5,
1945,788858098603677,Isis Martins,1965-08-22,F,61,4,
1946,748122714535671,Felipe Rios,1956-10-14,M,70,3,
1947,715381138045483,Diogo Teixeira,1983-05-23,M,43,10,
1948,744036674653294,Melina Cassiano,1946-10-02,F,80,4,
1949,758740402588546,Ana Sophia Rodrigues,2011-09-28,F,15,2,
1950,776939522555470,Laura Viana,1983-12-21,F,43,3,
1951,719639864982576,Josué Moreira,1960-01-22,M,66,7,
1952,747598357218837,Carlos Eduardo Siqueira,2000-10-05,M,26,6,
1953,752563698329018,Samuel Montenegro,1996-10-12,M,30,9,
1954,741535516343278,Alice da Rosa,1952-12-11,F,74,6,
1955,748345907366908,Arthur Gabriel Correia,1951-12-05,M,75,8,
1956,796652956981308,Maria Helena Dias,2010-07-04,F,16,6,
1957,780472371660343,Maria Clara Guerra,2023-02-05,F,3,5,
1958,713484889931289,Maya da Cruz,1999-11-05,F,27,1,2025-09-30
1959,742574100114541,Maria Vargas,1951-08-11,F,75,7,
1960,782281848076653,Zoe Aragão,1947-11-05,F,79,3,
1961,728607384965854,Ana Carolina Lima,1997-05-01,F,29,4,
1962,720593072165672,Dr. Bryan Silva,1963-09-08,M,63,5,
1963,736268919944901,Vitória Viana,2020-04-26,F,6,4,
1964,710501890010215,Cecilia Cardoso,1996-07-16,F,30,10,2026-03-25
1965,749642117519095,Nathan Gonçalves,1999-09-26,M,27,3,
1966,793316514212342,Heloisa da Costa,2013-06-05,F,13,5,
1967,742327643158334,Arthur Gabriel Correia,1959-05-12,M,67,3,
1968,756386294950073,Joana Leão,2016-12-29,F,10,1,
1969,722528478505904,Sophie Duarte,2001-07-17,F,25,3,
1970,723620182535943,Nina Gonçalves,1987-12-04,F,39,9,
1971,720199261499333,Maria Flor Pimenta,1948-01-19,F,78,8,
1972,723596907305072,Gustavo Henrique Souza,1952-06-14,M,74,1,
1973,743378161408832,Asafe Campos,1944-10-04,M,82,3,
1974,719328654153037,Carolina Rocha,1966-07-24,F,60,9,
1975,739742675236625,Maria Liz Montenegro,2008-11-30,F,18,7,2026-01-09
1976,758001211917988,Vinícius Costela,1956-12-28,M,70,1,
1977,773522577516133,Maria Vitória da Conceição,2001-06-29,F,25,7,2025-12-14
1978,717305147793712,Enzo Andrade,2026-04-29,M,0,9,
1979,781539743865118,Matheus Garcia,1964-04-14,M,62,9,
1980,797538940971464,Rebeca Moraes,1996-07-20,F,30,3,
1981,791942255915016,Caio Novais,2016-03-01,M,10,6,
1982,729824712065709,Zoe Albuquerque,1969-06-16,F,57,8,
1983,737870503713994,Nina Macedo,1963-12-02,F,63,10,
1984,723476316492938,Srta. Gabrielly Cassiano,2016-07-26,F,10,7,
1985,786110090043147,Lara Pinto,1948-02-26,F,78,1,
1986,774676307458251,Júlia da Cunha,1954-02-11,F,72,5,
1987,763102444675115,Antony Cassiano,1961-10-24,M,65,5,
1988,775513095343588,Oliver Macedo,1960-01-20,M,66,10,
1989,719851157814957,Bento Nunes,2006-04-07,M,20,7,
1990,777295093172699,Hadassa Cunha,2016-12-10,F,10,10,
1991,754655859913771,Benjamim da Cunha,2025-06-07,M,1,5,
1992,775127034452577,Nicole Monteiro,1971-12-06,F,55,8,
1993,749312141078087,Enrico Moreira,1976-12-07,M,50,6,
1994,785247670935708,Cecilia Lima,2005-01-14,F,21,2,
1995,778943932382289,Davi Miguel Farias,1970-07-23,M,56,10,
1996,779782105232433,Dra. Sofia Rezende,1946-09-10,F,80,2,
1997,720316732794787,Benjamim Castro,1946-03-10,M,80,4,
1998,763300969492420,Hadassa Cunha,2000-03-02,F,26,2,
1999,766001850933269,Vicente Sales,1950-11-21,M,76,3,
2000,736980663777625,Antonella Borges,1950-09-08,F,76,2,
2001,723959298517449,Gael Henrique Santos,1941-12-15,M,85,9,
2002,722518091766083,Benjamin Castro,1999-06-12,M,27,6,
2003,710319700389294,Maria Sophia Borges,2005-03-11,F,21,3,
2004,795058311131905,Alexandre Machado,1959-12-17,M,67,4,
2005,784645642018458,Cauê Duarte,2009-10-09,M,17,10,
2006,736467487299432,Maria Cecília Moreira,2001-03-01,F,25,7,
2007,716818368365943,Clara da Cunha,2000-04-18,F,26,9,
2008,720269456208336,Melissa Machado,1945-02-14,F,81,1,
2009,715439907825474,Alícia Fogaça,2018-02-28,F,8,1,
2010,760069054304450,Lívia Gomes,1962-03-01,F,64,8,
2011,762248733327689,Luiz Fernando Rodrigues,1987-09-04,M,39,3,
2012,746109067571418,Alice Ferreira,1972-09-28,F,54,8,
2013,748769410128641,Isabelly da Cruz,1997-07-30,F,29,1,
2014,742765227345799,Dr. Luigi da Mata,1980-08-11,M,46,5,
2015,793986737847051,Dr. Matteo Ramos,2007-12-18,M,19,7,
2016,752971758842758,Dr. Juan Nascimento,1963-12-25,M,63,8,
2017,732909263148811,João Gabriel Novaes,1970-08-20,M,56,7,
2018,776171662463096,Sra. Larissa Cirino,1987-10-09,F,39,2,2025-12-07
2019,738092257880337,Ana Sophia Viana,1956-08-08,F,70,7,
2020,710345839318602,Bryan Macedo,1967-10-08,M,59,5,
2021,756937572887210,Arthur Gabriel Pereira,2015-12-18,M,11,6,
2022,730511666677900,Anna Liz Mendonça,1968-04-19,F,58,8,
2023,799430496146981,Bella Monteiro,1964-02-20,F,62,2,
2024,767586511614829,Breno Castro,1994-07-30,M,32,5,
2025,757965679358299,Sr. Kevin Borges,2013-12-11,M,13,8,
2026,712042848120200,Levi da Cruz,1989-04-28,M,37,7,
2027,774575716083579,Matteo da Paz,1997-03-02,M,29,4,
2028,759390125529821,Stella Sampaio,1958-06-25,F,68,8,
2029,720996498605540,Srta. Hadassa Vasconcelos,2008-02-03,F,18,8,
2030,726921628453265,Sra. Elisa Santos,1966-06-27,F,60,10,
2031,728892760611684,Danilo Peixoto,2008-09-06,M,18,2,
2032,781671431864064,Augusto da Cruz,1987-11-05,M,39,6,
2033,794640603990892,Sra. Maria Liz da Cunha,2012-07-28,F,14,7,
2034,772289632125009,Alexia da Cunha,1989-05-28,F,37,5,2026-01-08
2035,757089473567137,Liz Fonseca,2004-05-09,F,22,6,2025-09-07
2036,740993262619486,Maria Helena Rodrigues,1970-08-31,F,56,5,
2037,712386366093434,Mirella Nascimento,1967-06-12,F,59,9,
2038,788377396535260,Valentim Cirino,2006-01-24,M,20,6,
2039,770317254204201,Cauê Vieira,1970-01-06,M,56,3,
2040,753069885839987,Miguel Araújo,2006-04-22,M,20,3,
2041,752908695198092,Maria Julia Nascimento,2008-11-01,F,18,2,2026-02-01
2042,755398637617303,Elisa Gomes,1965-05-21,F,61,3,
2043,733772330828712,Ana Júlia Guerra,2004-09-12,F,22,4,
2044,714123891737074,Antony Nunes,1988-03-22,M,38,9,
2045,722642623337597,Ana Vitória Silva,2021-04-04,F,5,2,
2046,755276324983038,Alícia Pacheco,2018-05-20,F,8,7,
2047,720858271440599,Helena Porto,1953-08-06,F,73,5,
2048,779396800036154,Ana Luiza Albuquerque,1967-01-01,F,59,1,
2049,746564130714535,Maria Flor Camargo,2010-11-14,F,16,6,
2050,759944480045513,Sra. Melina Cavalcante,1953-11-24,F,73,8,
2051,732973792736823,Sra. Sabrina Moreira,1982-03-28,F,44,8,
2052,730928528941762,Maria Luiza Costa,1946-06-27,F,80,3,
2053,755898636741966,Sra. Julia Macedo,1952-07-27,F,74,3,
2054,729151056960631,Luiz Miguel Monteiro,1947-12-13,M,79,9,
2055,792098152616961,Gabrielly Sampaio,1978-04-09,F,48,2,
2056,771206694715347,Joana Montenegro,1952-04-14,F,74,2,
2057,744478241108803,Dr. Brayan Brito,1979-07-19,M,47,6,
2058,794311340006803,Cecilia Vasconcelos,1946-09-19,F,80,6,
2059,793505333096337,Lorena Alves,1998-09-22,F,28,7,
2060,779670023680263,Clara Almeida,1975-11-10,F,51,8,
2061,789726899982348,Maria Luísa Moura,1969-01-27,F,57,10,
2062,771515757155313,Maria Alice Moraes,2018-05-02,F,8,8,
2063,726479880543056,Dra. Isabela Casa Grande,2023-08-13,F,3,4,
2064,755402272001801,Noah Guerra,2024-07-02,M,2,2,
2065,792285030534453,Bruna Pacheco,2015-12-08,F,11,9,
2066,770317607220233,Srta. Giovanna Rezende,1971-07-06,F,55,6,
2067,795438081468707,Luiz Fernando Vieira,1988-04-06,M,38,4,
2068,777333775038973,Luan Pereira,2022-08-14,M,4,3,
2069,736289441607320,Luna Moraes,1944-07-20,F,82,5,
2070,792759558853990,Catarina da Paz,1950-08-24,F,76,5,
2071,720745873652467,Stephany Santos,2013-09-28,F,13,8,
2072,735110871291429,João Lucas Ribeiro,2000-04-21,M,26,5,
2073,739367661418413,Daniela Araújo,1962-02-27,F,64,5,
2074,716877972394887,Matheus Correia,1978-06-26,M,48,9,
2075,751918591327987,João Pedro Correia,1971-01-25,M,55,3,
2076,731242340211702,Sr. João Pedro Monteiro,2003-06-30,M,23,7,
2077,735833347556258,Dr. Raul Souza,1994-09-17,M,32,3,
2078,770855084816801,Lavínia Vargas,2001-03-15,F,25,9,
2079,714324003356185,Maria Alice Marques,1953-08-18,F,73,6,
2080,733176200037643,Kamilly Machado,2005-05-12,F,21,4,2026-01-03
2081,736505627683905,Murilo Ferreira,2021-08-21,M,5,3,
2082,781028730593511,Antony Nogueira,1974-10-16,M,52,9,
2083,764255282566181,Ravy Siqueira,2025-12-12,M,1,7,
2084,786085738521415,Cecília Moura,2014-01-28,F,12,6,
2085,736378797259998,Gustavo Henrique Pimenta,1981-08-20,M,45,10,
2086,795009683602084,Maria Porto,1980-12-30,F,46,7,
2087,725120372963072,Mariane Ramos,1969-05-23,F,57,9,
2088,712236153654087,Heloisa Pimenta,1986-10-31,F,40,4,
2089,736343745001374,Otto da Cruz,2003-08-28,M,23,2,
2090,773077192475570,Diego Melo,2001-04-11,M,25,9,
2091,735143654232929,Liz da Cruz,1946-05-01,F,80,1,
2092,725625874474720,Nina da Luz,1967-08-14,F,59,1,
2093,764314063331278,Valentina Vargas,2022-05-07,F,4,1,
2094,746192012471249,Antonella da Rocha,1982-07-12,F,44,9,
2095,743023212148210,Enrico Machado,1982-02-20,M,44,4,
2096,786646947672487,Sr. Nicolas Camargo,1959-08-26,M,67,8,
2097,759322257871812,Kaique Sampaio,1984-03-30,M,42,2,
2098,766751810995839,Dr. Kevin Câmara,2011-04-13,M,15,9,
2099,733887102102142,Davi Fernandes,2015-01-19,M,11,3,
2100,712662017245906,Maria Clara Viana,2016-07-07,F,10,1,
2101,788669626455003,Luiz Henrique Almeida,1971-06-09,M,55,9,
2102,712412529664643,Letícia Novaes,1957-08-10,F,69,1,
2103,799391596881676,Paulo Rodrigues,1952-06-01,M,74,5,
2104,755651143901527,Maria Luiza Vasconcelos,1972-12-13,F,54,8,
2105,788634048465549,Ana da Mata,1957-09-11,F,69,9,
2106,736780651555006,João Miguel Mendonça,2009-10-22,M,17,3,
2107,758690977229165,Clara Rios,1954-09-27,F,72,3,
2108,792295714587961,Ana Beatriz Cirino,1960-10-10,F,66,2,
2109,769280679378364,Ágatha Jesus,1986-11-11,F,40,7,2026-03-10
2110,746825017584687,Emanuelly Costa,1992-07-07,F,34,2,2026-02-17
2111,758257225448833,Daniela Peixoto,1989-06-30,F,37,4,
2112,796726414429553,Vinicius Sousa,1941-06-01,M,85,10,
2113,718023128685779,Lavínia Ferreira,1956-10-22,F,70,3,
2114,781273460116496,Mariah Ramos,1974-12-16,F,52,6,
2115,779029131141034,Ana Carolina Fonseca,1943-03-08,F,83,10,
2116,729048187987742,Bianca Silveira,1946-07-26,F,80,7,
2117,729461227405543,Rafaela Barros,1961-02-02,F,65,5,
2118,748687737535553,Liz Fonseca,1955-07-01,F,71,2,
2119,713422648639105,Dr. Ravi Lima,2007-10-14,M,19,9,
2120,729089631730219,Oliver Cardoso,1947-10-24,M,79,2,
2121,720254088370486,Maria Eduarda Pinto,2015-05-25,F,11,8,
2122,735919586330018,Isis Melo,2023-03-19,F,3,3,
2123,752313564634089,Eloá Castro,2002-08-04,F,24,3,2026-03-21
2124,780901953319133,Nathan Correia,1994-10-19,M,32,9,
2125,745204868185147,Isis Melo,1963-08-10,F,63,2,
2126,762633251792711,Erick Rios,1971-09-21,M,55,3,
2127,726445239323803,Raquel Siqueira,1980-06-21,F,46,7,
2128,762411316874516,Manuella Novaes,1997-08-25,F,29,4,
2129,774597467525116,Maria Eduarda da Cunha,1993-04-19,F,33,4,
2130,733793712827111,Levi Vargas,2003-04-15,M,23,9,
2131,716793841735229,Hellena Câmara,1978-07-27,F,48,9,
2132,751097413430014,Sr. Erick Peixoto,2014-04-06,M,12,10,
2133,776597968300876,Sr. Davi Luiz Ramos,1951-06-11,M,75,4,
2134,762982821242750,Dra. Nicole Vargas,1971-12-22,F,55,9,
2135,772811233589674,Emilly Vargas,1984-04-10,F,42,7,
2136,751368597410129,Maria Fernanda Rocha,1960-06-09,F,66,10,
2137,732256252321282,Rafaela Aragão,2021-12-15,F,5,7,
2138,725553788399244,Vinicius Siqueira,1962-05-11,M,64,7,
2139,755982386112503,Srta. Olivia Silva,1991-04-03,F,35,1,
2140,784728191132021,Camila Macedo,1981-03-04,F,45,9,2025-08-03
2141,714885164858031,Júlia Alves,2017-09-11,F,9,4,
2142,748585948717650,Sarah Vieira,1973-04-20,F,53,2,
2143,774464995415512,Olívia Camargo,1999-04-26,F,27,5,
2144,771876572078997,Ana Vitória Costela,1964-07-27,F,62,6,
2145,717615950404886,Rafaela da Cruz,2000-04-28,F,26,6,
2146,792822583601206,Caleb da Conceição,1968-04-25,M,58,10,
2147,734798776667330,Maria Alice Vieira,1950-02-04,F,76,5,
2148,719084261076021,Raquel da Rocha,1979-08-29,F,47,6,
2149,734940227088875,Emanuel Guerra,1956-12-02,M,70,10,
2150,779910849976073,Ana Julia Macedo,1992-07-14,F,34,4,
2151,715048339508756,Augusto da Paz,1965-02-12,M,61,1,
2152,751363729089012,João Gabriel Ferreira,1986-09-02,M,40,5,
2153,723286877266643,Mariana Pires,1956-04-27,F,70,5,
2154,736403979039236,Sra. Emilly Araújo,2010-02-06,F,16,3,2025-08-03
2155,798856102767940,Bianca da Conceição,2004-07-24,F,22,6,2025-11-09
2156,780513370348128,Diogo Pires,1963-04-29,M,63,7,
2157,764021467233363,Luísa Moura,2023-08-20,F,3,8,
2158,782585784196033,Levi Novaes,1968-08-15,M,58,8,
2159,777413810489906,Luana da Paz,1999-01-09,F,27,8,2026-01-15
2160,719609173421638,Ágatha Oliveira,2009-06-10,F,17,6,2025-11-12
2161,753483112498927,Enzo Gabriel Aragão,1958-03-11,M,68,1,
2162,798616303778506,Alícia Ribeiro,1980-08-07,F,46,4,
2163,783526741839160,Luna Aragão,2017-07-18,F,9,6,
2164,740330196331720,Leonardo Lopes,1965-10-15,M,61,5,
2165,765706333810136,Lunna Abreu,1990-01-09,F,36,7,
2166,758154187071188,Isadora Araújo,2011-12-21,F,15,3,
2167,758807421535852,Elisa Cunha,1991-07-22,F,35,6,2025-08-07
2168,710883165023020,Caroline Moura,1970-04-19,F,56,4,
2169,763946930731490,Davi Lucas Jesus,1971-06-02,M,55,1,
2170,797976709537260,Alícia Farias,2001-12-22,F,25,9,
2171,792388388343677,Maria Fernanda da Luz,1982-08-11,F,44,4,
2172,733411202290975,Pietra Rodrigues,1996-02-24,F,30,8,
2173,795030358679639,Lunna Pereira,1970-02-19,F,56,7,
2174,724369983841928,Vitor Cirino,1990-05-06,M,36,1,
2175,779251849869654,Fernando Borges,1954-02-04,M,72,7,
2176,759009437540062,Gabrielly Gonçalves,2003-07-29,F,23,2,
2177,798840097956795,Sra. Daniela Borges,1945-04-03,F,81,10,
2178,753356046624208,Alana Fernandes,2025-06-12,F,1,8,
2179,731136549705434,Julia Montenegro,1967-02-07,F,59,4,
2180,767679454189731,Marcela Novaes,1950-04-12,F,76,5,
2181,736955226241779,Allana Abreu,2006-01-05,F,20,10,
2182,753754701508656,Yan Monteiro,2006-12-05,M,20,8,
2183,783333873324469,Yasmin Campos,2005-02-16,F,21,7,
2184,772928947727385,Bruna Pimenta,1964-06-26,F,62,8,
2185,712852319445081,Benicio Marques,2003-11-07,M,23,7,
2186,783876408243960,Srta. Alícia Câmara,1984-04-06,F,42,9,
2187,739022943961862,Eduarda Peixoto,2007-09-15,F,19,7,2025-08-16
2188,751928716845992,Sarah Melo,2019-04-03,F,7,6,
2189,764393811343787,Marcela Alves,2018-01-23,F,8,7,
2190,751636365561656,Daniela da Mota,1949-12-07,F,77,2,
2191,754470535486742,Larissa Casa Grande,2014-05-28,F,12,3,
2192,721027807495531,Ayla Melo,1974-08-06,F,52,6,
2193,715477861448130,Ana Sophia Macedo,1996-02-01,F,30,6,
2194,737094845609005,Melissa da Luz,1952-05-05,F,74,3,
2195,778445075027303,Ana Clara Moura,1960-12-27,F,66,5,
2196,713164273097379,Vitória da Rosa,2003-04-03,F,23,7,2025-10-04
2197,717807960653440,Dra. Maria Cecília Sales,2023-09-04,F,3,3,
2198,738816013724661,Eduarda Ramos,1943-06-29,F,83,7,
2199,780447385086836,Ana Carolina Mendonça,2020-11-16,F,6,8,
2200,733188053117125,Joana Vargas,2022-08-08,F,4,5,
2201,760799732425681,Théo Fogaça,1948-06-01,M,78,9,
2202,758678914932535,Luiz Gustavo Lopes,1949-12-10,M,77,3,
2203,750435392930194,Evelyn Monteiro,1962-12-09,F,64,1,
2204,771182700153028,Rafael Abreu,1976-09-15,M,50,9,
2205,741629550110003,Srta. Ana Luiza Vasconcelos,1971-08-08,F,55,2,
2206,761331016135294,Maria Clara Melo,2022-11-17,F,4,6,
2207,775502651202227,Marcela Mendes,2024-01-19,F,2,8,
2208,721783020901275,Camila Lopes,1953-05-14,F,73,10,
2209,714481007341271,Luan Novais,1956-09-27,M,70,10,
2210,793984200218402,Melissa Jesus,2020-12-03,F,6,3,
2211,732710451743398,Nathan Mendes,1967-03-08,M,59,1,
2212,712926648160298,Ana Júlia Nogueira,1955-05-17,F,71,6,
2213,798942023986087,Lara Sousa,2011-06-19,F,15,3,
2214,748731559923829,Letícia Silveira,1984-10-30,F,42,9,
2215,729362560258928,Amanda Martins,1990-04-08,F,36,2,
2216,773174459576920,Pietra Mendes,2012-06-15,F,14,2,
2217,739574002398845,Sophie Aparecida,1978-06-18,F,48,4,
2218,717950813039034,Pedro Lucas Mendes,1984-12-28,M,42,4,
2219,778048681917519,Mirella Alves,1986-02-18,F,40,3,
2220,761250637898114,João Vitor Albuquerque,1988-05-21,M,38,6,
2221,783495750071807,Caio Costela,1977-06-16,M,49,10,
2222,747066277687704,Rafael Correia,1948-07-05,M,78,7,
2223,746783357211367,Ravi Lucca Souza,1968-04-06,M,58,1,
2224,782410387291210,Allana da Paz,1976-12-16,F,50,7,
2225,790348804407846,Hellena Carvalho,1941-04-07,F,85,1,
2226,777406860733450,Sabrina Garcia,1964-09-07,F,62,1,
2227,741363518592278,Maria Luísa Fonseca,1991-09-13,F,35,2,
2228,771678685424714,Antônio Cardoso,1943-03-19,M,83,8,
2229,723129369574031,Joana Barros,1946-11-18,F,80,10,
2230,779976350296581,Vitor Hugo Sá,2008-05-01,M,18,8,
2231,793960294684743,Ana Sophia Teixeira,1991-09-01,F,35,8,
2232,752063013902072,Ana Carolina Aparecida,1997-10-30,F,29,8,
2233,799851527566748,Raquel Melo,1972-06-30,F,54,6,
2234,759797054412396,Bárbara Sales,1950-06-02,F,76,4,
2235,732418993044803,Isabelly Rocha,2004-07-07,F,22,2,
2236,745888804499545,Kamilly da Rosa,1999-06-26,F,27,6,
2237,724999596698109,Sra. Ana Beatriz Costela,1959-05-11,F,67,9,
2238,752470905522816,Sra. Rafaela Jesus,1950-11-23,F,76,5,
2239,761246557776814,Giovanna da Rosa,1950-04-22,F,76,2,
2240,730691860478145,Alícia Silveira,1974-11-29,F,52,4,
2241,748696086204726,Esther Camargo,2010-10-05,F,16,2,
2242,711180801715112,Emanuel Cunha,1942-07-14,M,84,10,
2243,779967052571840,Dr. João Montenegro,1945-12-09,M,81,5,
2244,719311642066668,Heitor Fernandes,2011-02-02,M,15,5,
2245,742636987511654,Maria Sophia Leão,1975-07-09,F,51,7,
2246,732699781517484,Maria Cecília Sales,1962-05-30,F,64,6,
2247,782762420132044,Ana Liz Viana,2022-09-30,F,4,2,
2248,779509225014100,Luísa Costa,2008-02-01,F,18,9,2025-08-17
2249,713945925880392,Srta. Esther Cavalcante,1959-03-17,F,67,3,
2250,757884509759679,Ana Beatriz Silveira,1941-06-04,F,85,4,
2251,715489353303354,Maria Alice Rezende,2011-01-21,F,15,3,
2252,711439119981900,Vitor Gabriel Pires,2010-11-22,M,16,1,
2253,739169760465734,Cauã Porto,1961-02-14,M,65,9,
2254,762946014693073,Raquel Castro,1960-11-01,F,66,7,
2255,716556373986257,Sra. Sara Costa,2012-04-28,F,14,2,
2256,788958630287508,Bianca Alves,1966-06-21,F,60,10,
2257,717110577017514,Lucas Gabriel Almeida,1992-02-15,M,34,1,
2258,781500437023516,Sr. João Miguel Peixoto,1977-11-23,M,49,10,
2259,718485203186049,Francisco Cardoso,1985-02-26,M,41,2,
2260,763758108619127,Yasmin Aragão,2007-03-09,F,19,2,
2261,785862268503330,Sr. Isaque Barbosa,1967-02-14,M,59,10,
2262,774727203233078,Maria Alice Pereira,1942-02-11,F,84,2,
2263,794556784702488,Dom Jesus,1949-07-05,M,77,6,
2264,716778881453043,Alexia Novais,1956-05-18,F,70,6,
2265,778565447910218,Dra. Maria Flor Rocha,1995-11-02,F,31,6,2025-09-03
2266,781801592619999,Mathias Vasconcelos,1942-04-18,M,84,4,
2267,781165146666145,Valentina Costela,2015-10-22,F,11,7,
2268,721751924824624,Brenda Barros,1974-03-09,F,52,7,
2269,739624377076130,Eloah Azevedo,2022-04-02,F,4,8,
2270,724731759691069,Dra. Stella da Mota,2009-02-17,F,17,5,2026-03-19
2271,788881598819398,Daniela Borges,1970-09-13,F,56,6,
2272,716153643792494,Dra. Eloah Farias,1986-01-29,F,40,4,
2273,726203158817338,Murilo Cassiano,1989-09-08,M,37,1,
2274,751632478041542,Mariana Castro,2011-06-18,F,15,3,
2275,730385558287355,Júlia Casa Grande,1991-02-08,F,35,6,
2276,741343331477390,Srta. Júlia Vasconcelos,2006-05-11,F,20,5,
2277,778683656474329,Emanuella Novais,2015-09-14,F,11,1,
2278,762542054237357,Srta. Nicole da Paz,2014-05-12,F,12,3,
2279,740631084333405,Raquel Cassiano,2007-09-13,F,19,1,
2280,774963049458214,Mariana Rios,1963-12-11,F,63,9,
2281,738695122708566,Sr. Matheus Sá,1951-08-18,M,75,9,
2282,718825068241635,Maya Vargas,1965-02-08,F,61,5,
2283,755808456678682,Evelyn Camargo,1995-01-31,F,31,1,2025-10-04
2284,721001264417833,Heloísa Costa,1988-06-18,F,38,2,2025-10-08
2285,721250048137752,Melina Cassiano,1963-02-13,F,63,5,
2286,718552891209876,Esther Albuquerque,1989-06-05,F,37,5,
2287,743545330329817,Luiz Miguel da Luz,2012-01-20,M,14,4,
2288,735269328890345,Marina Correia,1947-07-09,F,79,6,
2289,762728244862468,Dr. Ian Almeida,1987-03-06,M,39,4,
2290,748258027178698,Bruno Pires,2004-11-19,M,22,5,
2291,763995420642160,Lavínia Pacheco,1987-02-25,F,39,6,2025-12-29
2292,754459677077335,João Felipe Nunes,1974-02-09,M,52,6,
2293,784003120409358,Evelyn Pastor,2003-05-08,F,23,7,
2294,724161840208494,Leandro Novais,1986-06-30,M,40,5,
2295,777343972397997,Bella Cirino,1980-12-04,F,46,6,
2296,796119321182007,Renan Freitas,2021-10-06,M,5,5,
2297,752364781213776,Gael da Cunha,1958-11-01,M,68,1,
2298,711005333710489,Theodoro Fonseca,1999-12-05,M,27,9,
2299,748921883252688,Vinícius Martins,1991-06-25,M,35,7,
2300,726324737284985,Emanuella Santos,1942-08-08,F,84,3,
2301,790830489747849,Maria Luísa Moraes,1954-06-14,F,72,10,
2302,714593757138029,José Pedro da Cruz,1991-08-17,M,35,8,
2303,784641643388010,Hadassa Montenegro,2023-01-28,F,3,1,
2304,722509413068688,Ana Carolina Fernandes,1990-04-28,F,36,7,
2305,791646342589105,Clarice Costela,1943-06-02,F,83,10,
2306,722412226968250,Mariana Viana,1977-12-18,F,49,4,
2307,751307029081562,Antonella Rios,1951-04-04,F,75,1,
2308,779168616683591,Dra. Rebeca Vieira,1992-01-20,F,34,6,
2309,755199117786918,Bella Siqueira,1948-09-21,F,78,7,
2310,754141614292941,Sarah Jesus,1985-06-09,F,41,9,2025-10-15
2311,731107953123372,Luiz Felipe Duarte,1974-05-31,M,52,4,
2312,777183576132891,Marcela Abreu,1970-04-17,F,56,7,
2313,732829097816631,Theo Moura,1989-10-07,M,37,5,
2314,799706465390899,Bento Correia,1983-02-03,M,43,10,
2315,723699066522169,José Pedro Peixoto,2009-12-02,M,17,6,
2316,767193475551375,Stella da Conceição,2009-04-22,F,17,5,2026-02-11
2317,778603620735524,Laura Macedo,1943-07-19,F,83,4,
2318,714674682973877,André Camargo,1965-06-05,M,61,5,
2319,718380352081630,Arthur Miguel da Luz,1985-02-08,M,41,10,
2320,768844122126575,Letícia Camargo,2015-03-25,F,11,4,
2321,717377869268652,Sra. Marina Alves,1970-04-12,F,56,8,
2322,781418842326913,Dr. Rhavi da Mota,1949-11-19,M,77,9,
2323,770359757271559,Benjamin Fogaça,1987-03-20,M,39,3,
2324,716081777030576,Manuella Ramos,1956-06-24,F,70,7,
2325,761264039587305,Henry Ribeiro,1980-05-29,M,46,10,
2326,712786018669198,Otto Martins,1997-03-19,M,29,7,
2327,779732140500870,João Vitor da Cunha,1979-04-04,M,47,2,
2328,793595897757851,Lavínia Pires,2018-06-16,F,8,1,
2329,758114485011327,Leandro Viana,2025-08-22,M,1,10,
2330,744056622428569,Davi Miguel da Rocha,1960-05-17,M,66,4,
2331,761235578383905,Sofia Leão,1943-10-21,F,83,5,
2332,730949405311401,Dra. Ana Beatriz Freitas,1949-07-11,F,77,2,
2333,738499200068153,Ana Luiza Duarte,2002-08-10,F,24,6,2025-09-13
2334,731864180367542,Bárbara Pires,1967-03-25,F,59,9,
2335,722572822869633,Allana Vieira,1999-11-08,F,27,2,
2336,745301273812739,Ana Carolina Cunha,1974-05-21,F,52,10,
2337,711034069910110,Maria Vitória Jesus,1953-07-24,F,73,8,
2338,762188481955854,Ravy Câmara,2013-01-21,M,13,5,
2339,772850835933589,Sra. Bianca Rocha,1995-07-03,F,31,10,
2340,735717671413131,Isaque Marques,1945-05-22,M,81,9,
2341,769196225672572,Maria Laura Costa,1995-10-23,F,31,9,
2342,795190326693508,Leandro Brito,1992-03-26,M,34,5,
2343,744097885212864,Brenda Pereira,1998-07-16,F,28,3,
2344,717631225688136,Heloisa Vasconcelos,1944-11-23,F,82,2,
2345,781739508073975,Gabrielly das Neves,1956-02-02,F,70,2,
2346,753382627390065,Alice Oliveira,1999-10-21,F,27,8,2025-08-21
2347,736483582904840,Maria Luísa Almeida,2008-11-09,F,18,6,
2348,758624096759490,Olívia Guerra,2025-02-02,F,1,1,
2349,794036030080320,Lorena Brito,1977-08-29,F,49,10,
2350,797436204163312,Sr. Vicente Mendonça,1946-03-23,M,80,3,
2351,785912167625251,Sr. José Ferreira,2010-08-05,M,16,4,
2352,740612092562296,Luna Cardoso,1964-10-27,F,62,6,
2353,750736787589156,Alexandre Cunha,1965-11-13,M,61,1,
2354,787867340123858,Igor Leão,2004-03-04,M,22,6,
2355,770100541748158,Marina Aparecida,1989-03-25,F,37,7,
2356,755505946577489,Natália Correia,2000-11-06,F,26,1,2025-08-16
2357,758472056005665,Yago Novais,1977-07-04,M,49,4,
2358,741690364318144,Gustavo Henrique Mendonça,1959-05-21,M,67,3,
2359,755456783036641,Sra. Eloah Costela,1995-04-22,F,31,6,
2360,742492961196483,João Felipe Carvalho,2024-05-24,M,2,4,
2361,728772491709327,Lavínia Vieira,1969-06-02,F,57,4,
2362,790644590981863,Heloisa Jesus,1995-07-26,F,31,6,2026-02-23
2363,712776467901719,Elisa Barbosa,1947-01-12,F,79,7,
2364,768463895841532,Dra. Nina Moreira,1962-11-14,F,64,4,
2365,721384477724445,Júlia Pires,1974-10-16,F,52,6,
2366,750523833629149,Sr. Gael Henrique Viana,1963-09-20,M,63,6,
2367,716092059293140,Bianca Gomes,1951-09-29,F,75,9,
2368,757226960159453,Sra. Marina Mendonça,2025-09-06,F,1,10,
2369,788330824604452,Isis Moreira,1975-12-29,F,51,8,
2370,776916113125200,Dr. João Pedro Lima,2015-09-21,M,11,9,
2371,717577644644510,Maria Laura Costa,1992-07-26,F,34,10,
2372,739384470723720,Asafe Moraes,1976-05-25,M,50,8,
2373,776596715380424,Diego Cavalcanti,2019-12-24,M,7,8,
2374,773615700390366,Dra. Elisa Oliveira,2007-02-22,F,19,1,2025-12-12
2375,735956742084468,Nicole Machado,2017-02-08,F,9,9,
2376,736594827568768,Maria Laura Aparecida,1970-05-27,F,56,1,
2377,790463234404224,Carolina Camargo,1949-05-29,F,77,2,
2378,732529460311301,Melina Araújo,1985-02-10,F,41,1,2025-12-26
2379,725121071912741,Theodoro Cavalcante,2012-09-02,M,14,4,
2380,775496934704276,Thiago Moraes,2012-03-07,M,14,10,
2381,736049954957636,Milena Ramos,2002-02-21,F,24,4,
2382,782696796061193,Ana Cecília Pimenta,2005-04-29,F,21,6,2026-02-02
2383,733595987553993,Cauê Moura,2021-08-16,M,5,6,
2384,720745627610417,Srta. Maria Vitória das Neves,1995-01-19,F,31,3,
2385,755858807864187,Maria Fernanda da Mata,1974-07-29,F,52,7,
2386,738563609847503,Maysa Camargo,1971-04-02,F,55,1,
2387,794394581388523,Otávio Souza,1958-03-26,M,68,3,
2388,798141706571910,Srta. Joana Porto,2013-08-07,F,13,1,
2389,754612528048952,Nicole Ribeiro,1967-05-14,F,59,4,
2390,731819063580222,Arthur Sá,1995-04-08,M,31,7,
2391,726627561209298,Natália Gomes,2023-02-26,F,3,4,
2392,768292875975078,Rafael Gonçalves,1978-08-16,M,48,7,
2393,722940694714497,Amanda Souza,2001-06-21,F,25,10,
2394,744331111529767,Theodoro Pires,1961-07-02,M,65,7,
2395,725586256187887,Raul Nascimento,1953-11-11,M,73,5,
2396,789082057496047,Valentim Freitas,1996-12-18,M,30,10,
2397,786322215862151,Valentina Camargo,2003-06-03,F,23,1,
2398,760428634192617,Melissa Martins,1998-07-27,F,28,3,
2399,746833669047880,Dra. Ana Luiza das Neves,1983-10-30,F,43,7,
2400,721077355106056,Mateus Cassiano,1945-10-19,M,81,6,
2401,774995667952919,Lavínia Vasconcelos,1961-01-31,F,65,3,
2402,789059063655908,Caleb Teixeira,1983-02-02,M,43,2,
2403,720623439694955,Emanuelly Fernandes,1962-11-09,F,64,2,
2404,739619988166667,Davi Miguel Cavalcanti,1968-07-03,M,58,9,
2405,781776359050842,Mirella Pereira,1996-03-01,F,30,4,
2406,735150639473874,Calebe Cavalcante,2014-07-12,M,12,8,
2407,765700566362931,Mariana Macedo,1997-12-01,F,29,10,
2408,748522609136117,Davi Luiz Alves,1986-08-11,M,40,2,
2409,773760387719644,Júlia Farias,1996-07-31,F,30,1,
2410,759736449514187,Yuri Nunes,1958-05-14,M,68,4,
2411,721776616243945,Bento Sales,2012-05-05,M,14,4,
2412,739334241717295,Maria Fernanda Gonçalves,2026-01-16,F,0,4,
2413,746130494950552,Ana Sophia Cassiano,1973-07-29,F,53,10,
2414,781528045180999,Luana Pereira,1955-05-24,F,71,9,
2415,752537619629039,Davi Lucas Carvalho,1994-07-05,M,32,1,
2416,741879383806641,Sra. Stella Nogueira,1945-03-15,F,81,4,
2417,759925394111246,Lara Cirino,1942-09-23,F,84,1,
2418,736013674187698,Ana Sophia Duarte,1991-03-14,F,35,9,
2419,748405178005969,Liz Borges,1942-07-28,F,84,4,
2420,732869824874553,Matteo da Rosa,2006-04-20,M,20,8,
2421,731856876131102,Olívia Cavalcante,2005-10-06,F,21,1,
2422,715808916308479,Luan Pereira,1948-05-25,M,78,8,
2423,725199511081956,Anthony Gabriel Andrade,1948-06-15,M,78,6,
2424,734035334940188,Dr. Isaque Fonseca,1956-09-04,M,70,6,
2425,722089487193130,Benicio Ferreira,1993-12-25,M,33,2,
2426,793239124366553,Cauã Sousa,1978-12-14,M,48,6,
2427,716579811176883,Alexia Sales,1960-12-21,F,66,9,
2428,732216067169985,Ágatha Gomes,1982-02-27,F,44,8,
2429,738384858261085,Lorena Barros,1969-05-01,F,57,8,
2430,790609141627920,Sr. João Lucas Abreu,2008-11-10,M,18,6,
2431,750369780058982,Maria Eduarda Freitas,1959-11-29,F,67,3,
2432,726632030781602,Augusto das Neves,2012-09-15,M,14,3,
2433,746877715912750,Bernardo Santos,1992-03-15,M,34,5,
2434,753821242776805,Heloisa Silva,1980-02-13,F,46,9,
2435,792598449047220,Sophia Siqueira,1956-05-16,F,70,9,
2436,763626982686415,Larissa Nogueira,1963-06-10,F,63,1,
2437,799859742839744,Allana Macedo,1944-02-26,F,82,1,
2438,762117382321559,Ravi Lucca Abreu,1950-03-20,M,76,1,
2439,751663660846639,Srta. Isis Jesus,1975-07-08,F,51,4,
2440,762362898307376,Sra. Sophia Ribeiro,2025-09-22,F,1,10,
2441,759653191781765,Vitor Vargas,2009-02-12,M,17,2,
2442,773980038952827,Ágatha Novaes,2010-01-07,F,16,4,
2443,779458587952605,Sra. Maysa da Rosa,1963-07-31,F,63,8,
2444,714500842723094,Luiz Felipe Pastor,1940-10-28,M,86,7,
2445,766960938614705,Yago Nunes,2003-05-01,M,23,10,
2446,782536051207115,Julia Ramos,1997-04-22,F,29,8,
2447,720970372975400,Maria Luiza Borges,1988-10-31,F,38,7,2026-01-23
2448,752998293240909,Yasmin Nogueira,1940-08-07,F,86,2,
2449,730614063441893,Ryan Montenegro,1981-12-13,M,45,2,
2450,787742579088385,Raquel Andrade,1977-01-03,F,49,6,
2451,753407525759476,Esther Souza,1967-05-27,F,59,9,
2452,736138549457291,Bruna Costa,1966-09-12,F,60,10,
2453,717041913933196,Dra. Ágatha Fernandes,1942-06-16,F,84,4,
2454,777501823547151,Maria Clara da Conceição,1983-07-25,F,43,9,2026-03-09
2455,715037984167131,Luiz Otávio Silva,1966-05-09,M,60,5,
2456,741648829862053,Luiz Miguel Marques,2018-11-24,M,8,5,
2457,713538585050384,Luana Santos,1986-06-19,F,40,9,2025-12-19
2458,766127222311941,Laís Barros,1977-05-13,F,49,10,
2459,734679676535297,André da Cruz,1960-08-19,M,66,3,
2460,736249899150457,Srta. Milena Santos,1962-10-03,F,64,8,
2461,763910814944866,Thiago Sales,1986-01-25,M,40,4,
2462,761458149108052,Alana Oliveira,2016-03-27,F,10,10,
2463,755025671175467,Dr. Theo Abreu,2023-05-10,M,3,4,
2464,730827418446369,Mariah Aragão,1959-10-09,F,67,5,
2465,786686707593584,Isaac Cavalcante,1946-04-07,M,80,2,
2466,728058677493161,Yasmin Freitas,2018-08-18,F,8,6,
2467,730405940412932,Alexia Guerra,1985-01-31,F,41,4,2025-11-15
2468,771429279520589,Lara Correia,1950-03-08,F,76,6,
2469,773334517602269,Ana Vitória Lopes,1958-02-07,F,68,10,
2470,788955290452709,Milena Pimenta,1950-10-14,F,76,7,
2471,729626948760560,Heloisa Ramos,1965-10-14,F,61,7,
2472,746667103209020,Enzo Pires,1984-02-16,M,42,1,
2473,713698625959617,Isis Aparecida,1946-02-11,F,80,1,
2474,795876478695520,Samuel Fonseca,1984-04-25,M,42,4,
2475,734353841356768,Manuela Camargo,1983-09-11,F,43,3,
2476,759534211131388,Alice Borges,1959-07-21,F,67,10,
2477,777223797021477,Ana Vitória Nogueira,1948-01-27,F,78,4,
2478,763682675161150,Lavínia Cunha,1980-02-25,F,46,5,
2479,749987239882339,Maitê Vargas,2005-10-11,F,21,1,
2480,786246133689534,Amanda Fonseca,2025-05-03,F,1,5,
2481,714876456082395,Maria Flor Porto,1989-08-01,F,37,7,
2482,780144266025228,Luísa Fonseca,2014-02-08,F,12,7,
2483,710610183228093,Murilo Cardoso,1987-02-09,M,39,2,
2484,755589081553806,Ana Cecília Moura,2024-02-08,F,2,6,
2485,774319299117115,Srta. Ágatha Nascimento,1989-09-26,F,37,10,2025-10-10
2486,762234685421480,Beatriz da Paz,1952-03-16,F,74,3,
2487,771812069624127,Srta. Cecília Pimenta,1961-05-03,F,65,10,
2488,715553880269948,Jade da Rosa,2000-08-19,F,26,3,
2489,774995110641008,Dra. Isabella Ferreira,1993-07-25,F,33,9,
2490,758896319263096,Catarina Rezende,1941-03-29,F,85,4,
2491,794698481084331,Srta. Maya Pacheco,1983-11-04,F,43,9,2026-03-19
2492,770694963113314,Lucca Costa,1987-08-14,M,39,1,
2493,755176798198451,Lunna das Neves,1962-10-14,F,64,4,
2494,784961943704453,Srta. Juliana Casa Grande,1989-12-27,F,37,3,
2495,733687508657295,Dra. Laís Pires,2015-07-08,F,11,7,
2496,740426739574509,Ana Lívia Caldeira,1994-11-18,F,32,10,
2497,746284230589758,Diogo Casa Grande,1941-09-05,M,85,5,
2498,748598446881592,Melissa da Luz,1953-07-25,F,73,2,
2499,730562407177190,Sra. Maria Eduarda Campos,2019-05-15,F,7,8,
2500,753741702791243,Evelyn Cunha,1963-07-12,F,63,10,
2501,784032572971890,Vitor Gabriel da Mota,1968-03-29,M,58,2,
2502,785033900595859,Ravi Lucca Sá,2024-03-16,M,2,6,
2503,788794198102256,João Vitor Ramos,1994-05-02,M,32,6,
2504,738187406753899,Benicio Moreira,2024-04-01,M,2,7,
2505,712981706209529,Beatriz da Mata,1977-08-05,F,49,9,
2506,785434840936210,Stephany da Rosa,2021-12-30,F,5,8,
2507,742989448427431,Sofia Gonçalves,2025-10-04,F,1,7,
2508,720636664746694,Fernanda Silva,1952-08-29,F,74,9,
2509,794423861507195,Jade Cavalcante,1940-12-15,F,86,8,
2510,739432764498179,Gabrielly Vieira,1959-08-10,F,67,3,
2511,770658952664118,Antônio Silveira,1947-09-16,M,79,1,
2512,737841039284524,Camila da Rosa,1959-12-27,F,67,1,
2513,745394965460350,Ravy Castro,1978-06-22,M,48,4,
2514,712796052667377,Apollo das Neves,2007-11-10,M,19,9,
2515,798553753629931,Noah Vieira,1995-06-30,M,31,10,
2516,797154785509963,Isadora das Neves,2003-04-22,F,23,5,
2517,740892482309372,Nicole Vargas,1992-01-06,F,34,2,2026-01-12
2518,786377727289705,Mariane da Rocha,1976-06-14,F,50,3,
2519,712071878062185,Antônio Cavalcante,1976-03-03,M,50,2,
2520,752265867566328,Srta. Allana Albuquerque,1953-09-13,F,73,8,
2521,720561653733581,Anthony da Paz,1994-07-13,M,32,9,
2522,764346502944551,Maria Sophia Araújo,1991-07-29,F,35,2,
2523,722863604719803,Dra. Mariana Barbosa,2007-05-14,F,19,4,2026-02-13
2524,758848024649344,Ana Laura Macedo,1998-04-25,F,28,2,
2525,723235225019976,Bernardo Souza,2020-08-31,M,6,4,
2526,738813741730012,Srta. Maysa Novais,1942-07-31,F,84,7,
2527,729747122513881,Benjamim Moraes,1979-08-31,M,47,7,
2528,728249202447585,Heloísa Nunes,1972-05-29,F,54,9,
2529,744152357759566,Stella Peixoto,1955-05-23,F,71,2,
2530,738015065325917,Marcela Machado,1946-04-16,F,80,8,
2531,788203141340810,Rafael Nogueira,2021-12-27,M,5,6,
2532,727929468982634,Ana Laura Oliveira,1962-01-01,F,64,7,
2533,745087313744210,Mariane da Rosa,1955-11-01,F,71,7,
2534,735213431619831,Manuella Almeida,1966-07-04,F,60,9,
2535,745127281203709,Sra. Ana Laura da Rocha,1994-08-19,F,32,6,
2536,790883810243151,Allana da Rocha,2004-06-17,F,22,10,
2537,793893470503589,Lucca Macedo,1969-07-28,M,57,1,
2538,745702017533368,Mathias Vasconcelos,1953-08-19,M,73,2,
2539,717488961417011,Raquel Pereira,1999-03-04,F,27,6,
2540,731362231229408,Eduardo Pereira,1987-01-06,M,39,6,
2541,754959025948008,Theodoro Pereira,2009-06-20,M,17,1,
2542,755976445325407,Ana Liz Lima,2009-04-05,F,17,1,
2543,790091402733464,Cecília Garcia,1942-02-12,F,84,8,
2544,755675665520767,Cauã Pires,1997-05-05,M,29,2,
2545,757029730162858,Ana Júlia Peixoto,1973-05-07,F,53,10,
2546,714579837015457,Apollo Santos,1944-07-12,M,82,2,
2547,773105676998148,Theodoro Azevedo,2008-09-07,M,18,7,
2548,728741420111067,Maria Sophia Lopes,1989-11-02,F,37,6,
2549,761871645238777,Lavínia Nascimento,2026-01-02,F,0,6,
2550,784944807422088,Gabrielly Mendonça,1950-03-22,F,76,6,
2551,770397676399643,Maria Flor Garcia,1970-05-06,F,56,5,
2552,790326899539653,Mariana Gomes,1941-01-10,F,85,10,
2553,719705747183674,Maria Eduarda Caldeira,1982-09-07,F,44,3,
2554,767818479780538,Sara da Rosa,1981-04-26,F,45,3,2025-08-13
2555,734792680124095,Sra. Carolina Fogaça,2014-05-09,F,12,4,
2556,796721537525987,Davi Dias,1982-11-20,M,44,1,
2557,767922141454180,Dante Machado,2007-12-11,M,19,3,
2558,787192856598434,Luiza da Cunha,1943-12-24,F,83,6,
2559,712179133203061,Maria Sophia Nunes,1988-05-26,F,38,6,2025-12-10
2560,764183619171750,Helena Correia,1962-08-07,F,64,3,
2561,773065728014432,Joana Vieira,1940-08-23,F,86,5,
2562,798912202711809,Marcela das Neves,2004-06-14,F,22,8,
2563,798728423155562,Vitor Hugo Moreira,2015-05-28,M,11,6,
2564,784045549988291,Dra. Ana Liz Costela,2025-10-13,F,1,6,
2565,794718685854475,Stella Monteiro,1957-04-04,F,69,1,
2566,791717468010274,Letícia Aparecida,2011-12-25,F,15,3,
2567,789937214922558,Melissa Abreu,1989-01-31,F,37,8,
2568,720193965065564,Nina Peixoto,1954-06-15,F,72,7,
2569,764443036336932,Srta. Mariah da Luz,1991-07-05,F,35,6,2025-09-23
2570,759800560550442,Samuel da Costa,1977-05-05,M,49,8,
2571,746828709440087,Laura Rezende,1999-10-02,F,27,10,
2572,738689541465923,Sra. Mariah Pacheco,1957-07-03,F,69,7,
2573,729341817738495,Otávio Pereira,1992-12-30,M,34,10,
2574,737493890953109,José Miguel Almeida,1984-03-15,M,42,2,
2575,712041358024436,Yasmin Cirino,1946-05-17,F,80,10,
2576,760424681701841,Luiz Otávio Montenegro,1964-03-12,M,62,2,
2577,773073774381491,Luiz Miguel Andrade,1945-08-01,M,81,4,
2578,721119133844910,Emilly Lopes,1999-08-21,F,27,4,2025-09-26
2579,795322385707930,Elisa Pires,1997-04-19,F,29,7,
2580,781988185179148,Bianca Araújo,1991-09-27,F,35,4,
2581,762923290653853,Maria Julia Abreu,1971-10-24,F,55,10,
2582,746979160259675,Allana Lima,1952-08-23,F,74,9,
2583,714244153889335,Heloísa Alves,1971-11-29,F,55,5,
2584,770854510979902,Luna Garcia,2023-04-08,F,3,4,
2585,753310040658677,Ana Júlia Silva,1971-02-17,F,55,1,
2586,783148034949276,Ana Cecília da Paz,1972-05-17,F,54,6,
2587,717263764128601,Ana da Paz,2010-01-17,F,16,3,
2588,756846640624495,Raul Fonseca,2016-11-01,M,10,3,
2589,742664566944943,Mariana Novaes,1963-02-11,F,63,5,
2590,718124122702550,Luna Fogaça,1994-11-18,F,32,10,
2591,742955184657121,Sr. Davi Luiz Sales,2003-05-10,M,23,4,
2592,784771896847676,Olívia Moreira,1953-11-02,F,73,4,
2593,782108613250198,Ana Vitória Caldeira,1949-02-07,F,77,2,
2594,754559890203174,Caleb Cirino,1953-01-02,M,73,9,
2595,728844013856576,Luísa Santos,2026-01-23,F,0,5,
2596,786501180825358,Cauã Machado,1982-12-18,M,44,4,
2597,755891599847790,Luigi Barros,2024-04-06,M,2,2,
2598,784561144442187,Giovanna Montenegro,2005-04-27,F,21,2,
2599,762301671785108,Ana Liz Nogueira,1953-02-23,F,73,1,
2600,781526430169048,Sra. Melina Azevedo,1989-06-28,F,37,10,
2601,713222129790761,Manuela Sousa,1979-06-21,F,47,9,
2602,732744276696602,Isabella Ribeiro,1992-11-02,F,34,6,
2603,764954143705231,Sra. Natália Fogaça,1974-10-09,F,52,3,
2604,718191844767309,Samuel Souza,1952-11-25,M,74,3,
2605,737399813222175,Lívia Barbosa,1973-11-18,F,53,2,
2606,723927867198590,Mariane Almeida,2008-12-28,F,18,8,2025-09-25
2607,792542831190635,Eloá Rodrigues,1949-01-13,F,77,9,
2608,783684565705852,Maria Fernanda Cassiano,1974-03-15,F,52,7,
2609,787035590666935,Srta. Ana Araújo,1982-11-06,F,44,3,
2610,738282921337697,Nathan Barbosa,1984-09-23,M,42,7,
2611,774798697031511,Sr. Mateus Souza,1975-08-05,M,51,7,
2612,778624716810541,Alice Casa Grande,1984-05-27,F,42,1,
2613,796982394836641,Sra. Pietra Costa,1946-05-26,F,80,8,
2614,762391527934063,Arthur Miguel Campos,1972-12-23,M,54,7,
2615,725967408690189,Maria Cecília Macedo,1953-08-14,F,73,3,
2616,718177243005579,Ana Carolina Montenegro,2016-06-10,F,10,1,
2617,765893489176748,Dante Lopes,1945-07-03,M,81,8,
2618,788668262690777,Ana Sophia Câmara,1973-10-11,F,53,9,
2619,795738976602012,Sarah da Conceição,2003-02-23,F,23,10,
2620,757154034076345,Bento Costa,1995-01-17,M,31,8,
2621,783221109711132,Vinícius Monteiro,1979-10-01,M,47,2,
2622,798265954051332,Noah Brito,1975-06-26,M,51,5,
2623,778624810694476,Liam Borges,1965-09-25,M,61,4,
2624,737615727226098,Dr. Henry da Mota,1961-12-01,M,65,4,
2625,753966244511286,Lara Correia,2016-08-10,F,10,10,
2626,751685873093624,Marina Duarte,1987-11-05,F,39,3,
2627,760985227249438,Pietra Machado,2006-02-21,F,20,3,2025-11-15
2628,766579819830848,Vicente Pinto,1985-10-24,M,41,10,
2629,761286563808248,Marcos Vinicius Nascimento,1978-09-25,M,48,2,
2630,743278739808762,Lucas Gabriel Fogaça,1971-01-31,M,55,10,
2631,759099555265673,Benicio Moraes,1951-08-30,M,75,2,
2632,741738227703088,Rael Cassiano,2005-02-17,M,21,3,
2633,772418363785551,Maria Luiza Rezende,1952-11-24,F,74,8,
2634,724392748019205,Srta. Maria Laura Jesus,1946-09-18,F,80,2,
2635,746939533853517,Agatha Barbosa,1952-08-26,F,74,4,
2636,769113663890799,Esther Silva,1997-11-26,F,29,3,
2637,787006730862602,Stella Casa Grande,1956-09-15,F,70,9,
2638,752159221014430,Rafaela Dias,1989-09-30,F,37,4,
2639,726812896344389,Dr. José Miguel Araújo,2012-12-01,M,14,6,
2640,798155465076022,Sra. Maria Eduarda Gonçalves,1941-10-15,F,85,7,
2641,778973476644630,Dra. Clarice Machado,2015-11-24,F,11,9,
2642,725789507075867,Hellena Silva,2007-02-25,F,19,10,2025-11-05
2643,755714485922669,Dr. Paulo Costa,1966-10-17,M,60,2,
2644,792658207466292,Sr. Isaac Mendes,1974-04-14,M,52,10,
2645,730926395669796,Srta. Lunna da Luz,2011-02-22,F,15,10,2025-10-27
2646,776342456802468,Rafael Montenegro,1992-04-19,M,34,1,
2647,759794506080963,Carolina Siqueira,1985-08-24,F,41,6,
2648,797328190396845,Augusto Siqueira,2005-07-30,M,21,6,
2649,741050594237296,Bruna Araújo,1950-11-17,F,76,8,
2650,789076793446664,Dra. Emilly Porto,1977-06-13,F,49,10,
2651,758171426228644,Lara Marques,1997-07-26,F,29,3,
2652,753650512388749,Sra. Alícia Castro,1989-02-01,F,37,1,
2653,715152110847206,Srta. Luna Costela,1991-03-25,F,35,6,
2654,754970707341843,Stephany Novaes,2013-01-17,F,13,4,
2655,765675148221952,Raquel Cirino,1993-02-01,F,33,3,
2656,766070417293304,Renan Lopes,1997-05-12,M,29,5,
2657,733153055968575,Júlia Lima,1979-02-24,F,47,10,
2658,771695937393502,Dr. Paulo Novaes,2008-02-14,M,18,8,
2659,711886908587593,Maria Fernanda Cavalcante,1960-02-03,F,66,4,
2660,737522229884075,Juliana Fogaça,1990-04-07,F,36,1,
2661,714344484877381,Caroline Casa Grande,1997-07-21,F,29,6,2025-11-25
2662,726097867734399,Emanuel Aragão,2022-12-28,M,4,2,
2663,712823925400920,Arthur Monteiro,1953-06-05,M,73,7,
2664,750361192358341,Maria Luiza Pacheco,2024-09-09,F,2,6,
2665,724087767062932,Dom Campos,1998-03-31,M,28,3,
2666,756537690689523,Enzo Gabriel Camargo,1944-11-01,M,82,2,
2667,748294414647337,Aurora Marques,2008-11-10,F,18,7,2026-03-07
2668,733717173981415,Luiz Miguel Fernandes,1989-02-13,M,37,3,
2669,740644634713614,Ian da Rocha,1988-09-12,M,38,2,
2670,762488149439437,Stephany Casa Grande,2015-12-26,F,11,9,
2671,790404935893320,Sofia Machado,1977-02-16,F,49,4,
2672,731800214265249,Luiza Peixoto,1995-12-15,F,31,2,
2673,760060342872704,Lunna Azevedo,2019-04-12,F,7,4,
2674,748287973134865,Caroline Porto,1959-10-15,F,67,10,
2675,715351406551790,Letícia Vasconcelos,1992-05-20,F,34,3,2026-03-19
2676,748492079176152,Davi Miguel Marques,2015-07-25,M,11,3,
2677,777289278341057,Sra. Brenda Moura,2001-06-26,F,25,6,
2678,711448150624953,Ana Sophia das Neves,1943-09-23,F,83,5,
2679,752177506162547,Clara Aparecida,1994-04-21,F,32,1,
2680,736035977086652,Maria Pastor,1956-04-12,F,70,5,
2681,710267393766763,Dr. Antônio Duarte,1964-10-27,M,62,4,
2682,716377533567558,Luiz Fernando Carvalho,2000-12-16,M,26,6,
2683,794495493620017,Dra. Ana Clara Pires,1989-06-05,F,37,2,
2684,747280507707968,Maria da Cunha,1993-09-27,F,33,7,
2685,784467534563825,Sr. Lucca Dias,2007-11-14,M,19,10,
2686,794479196936541,Caleb Abreu,2011-05-08,M,15,3,
2687,770329813565833,Cecilia da Paz,1962-09-02,F,64,3,
2688,773148859144400,Sr. Bruno Campos,1971-02-05,M,55,2,
2689,777084697624871,Dra. Laís Fonseca,2022-01-30,F,4,2,
2690,775207022244036,Ana Julia Mendonça,1987-12-28,F,39,2,2026-02-18
2691,735055406824235,Ravi Lucca Ramos,2004-12-14,M,22,2,
2692,714881076686182,Sr. Pedro Henrique Aragão,1979-03-10,M,47,3,
2693,734335668302027,Dra. Heloisa Mendonça,2003-05-06,F,23,8,
2694,757411668957553,Bruna Nogueira,1940-12-18,F,86,9,
2695,729003320890112,Srta. Kamilly Ramos,2011-12-27,F,15,9,
2696,759268742442121,Pietro Costa,2017-08-27,M,9,4,
2697,740738433098962,Bernardo Aragão,1972-05-16,M,54,4,
2698,777581071027236,Asafe Rodrigues,1963-03-30,M,63,9,
2699,758477668243217,Marcelo Garcia,1988-07-13,M,38,3,
2700,792161372308839,Isis da Mota,1973-01-22,F,53,10,
2701,747452245980567,Sra. Maria Liz Garcia,2004-04-26,F,22,5,
2702,797824513236089,Caroline Borges,1984-10-20,F,42,6,
2703,740427384893061,Mariana Aparecida,1974-12-12,F,52,7,
2704,728296456448574,Mateus Ferreira,1978-06-30,M,48,3,
2705,754020488290880,Elisa Montenegro,1990-10-27,F,36,7,
2706,719997646663943,Luna Jesus,2001-07-10,F,25,1,
2707,719384866543242,Bruna Macedo,2011-04-21,F,15,9,
2708,768075593581140,Lucca da Cruz,1976-05-12,M,50,3,
2709,730040491103492,Melina Santos,1966-07-01,F,60,1,
2710,736840342880838,Paulo Araújo,1953-01-19,M,73,5,
2711,762222111426426,Giovanna Cavalcante,1992-04-09,F,34,10,
2712,745303497950565,Sara da Costa,1977-05-11,F,49,6,
2713,733132244798608,Jade Novais,2009-09-20,F,17,10,
2714,746339721794644,Alexia da Luz,1984-12-25,F,42,3,
2715,731955079392872,Carolina Cirino,2021-03-07,F,5,7,
2716,754642403819298,Dr. Vitor da Luz,2015-02-09,M,11,1,
2717,785718204167055,Pietra Guerra,1953-02-08,F,73,10,
2718,712337409703009,Zoe Nogueira,1978-01-11,F,48,2,
2719,795376041762736,Sr. Augusto Borges,1966-01-07,M,60,2,
2720,756484455415715,Hadassa Cirino,1957-07-06,F,69,4,
2721,790966530136868,Lorena Gonçalves,1968-05-28,F,58,6,
2722,748402981297810,Isabela Montenegro,1949-03-16,F,77,2,
2723,750326873184766,Catarina Pacheco,2006-10-14,F,20,4,
2724,711740569253642,Olívia Jesus,1949-09-29,F,77,3,
2725,753143588118604,Maitê Correia,1944-02-18,F,82,4,
2726,712578538798981,Maria Clara Cardoso,2019-04-06,F,7,10,
2727,724308107879941,Raquel Sales,1942-10-09,F,84,3,
2728,744883274324899,Isaque Pereira,1997-07-29,M,29,3,
2729,774400657662793,Dante da Mota,1968-09-23,M,58,7,
2730,762285320796170,Sra. Ayla Casa Grande,1998-12-06,F,28,8,2025-12-06
2731,760664923887148,Maria Sophia Garcia,2001-09-11,F,25,10,
2732,733604225769573,Thomas Cavalcante,1974-08-21,M,52,7,
2733,710823574866875,Isaac Siqueira,1950-11-30,M,76,5,
2734,743140487958216,Rafael Cunha,2004-04-14,M,22,5,
2735,714268684043905,Mariane Albuquerque,1984-03-08,F,42,7,2025-12-29
2736,777314436092168,Stephany Rios,1988-12-12,F,38,3,2025-09-04
2737,764097573013375,Sra. Marcela Camargo,1994-04-28,F,32,5,
2738,762541892010087,Davi Luiz Fonseca,1966-04-18,M,60,4,
2739,783611664912512,Lunna Pastor,1964-01-20,F,62,6,
2740,789937270050158,Isis Ferreira,1996-11-04,F,30,5,
2741,761257875743275,Bryan Vasconcelos,1994-02-17,M,32,1,
2742,758370404459324,Stephany da Mata,1992-08-18,F,34,3,
2743,758290436022475,Sra. Maria Júlia Moura,1941-09-13,F,85,7,
2744,790845045890767,Anna Liz Novaes,2016-04-04,F,10,5,
2745,780015351047398,Ana Beatriz Andrade,1954-07-09,F,72,10,
2746,798447652982091,Marcela Barros,2003-10-15,F,23,2,
2747,756379209426794,Luara Araújo,2012-11-09,F,14,6,
2748,746906014628115,Alana Garcia,1980-10-29,F,46,1,
2749,793720299356308,Léo Marques,2013-12-17,M,13,4,
2750,769033776341101,Melissa Castro,1950-05-08,F,76,8,
2751,796368758296778,Aurora Peixoto,1987-12-12,F,39,8,
2752,715425775941863,Isaac Mendonça,2020-06-01,M,6,5,
2753,774598381042268,Dra. Maria Fernanda Carvalho,1988-07-28,F,38,5,
2754,766768602734707,Maria Eduarda Barbosa,1954-12-12,F,72,7,
2755,798580230647498,Maria Julia Montenegro,2011-05-31,F,15,6,2025-10-11
2756,799139048173862,Fernanda Guerra,1969-04-12,F,57,10,
2757,737680250522894,João Miguel Fernandes,1979-11-29,M,47,9,
2758,711967729745039,Júlia Aragão,1990-04-23,F,36,1,2025-12-02
2759,781712189242656,Francisco Cirino,1975-03-06,M,51,1,
2760,724419373041331,Raul Abreu,2001-11-06,M,25,6,
2761,785521973505003,Luiz Gustavo Araújo,1958-12-23,M,68,2,
2762,738656479973229,Ana Liz Leão,1998-10-05,F,28,1,2025-09-25
2763,758151112065989,Laura da Paz,1946-08-06,F,80,6,
2764,718054713254383,Daniela Câmara,1999-09-21,F,27,3,
2765,761164888217533,Raul Costela,1955-11-03,M,71,2,
2766,713387388013427,Melina Mendonça,1956-02-29,F,70,3,
2767,743193932737405,Maria Flor Cunha,2011-12-21,F,15,7,
2768,716581563241827,Srta. Vitória Peixoto,2017-06-22,F,9,9,
2769,733355623991335,Dr. Arthur Gabriel Moreira,1973-07-12,M,53,4,
2770,756363381445136,Alexia Câmara,2018-02-06,F,8,9,
2771,765460597132251,Caroline Fonseca,2003-03-01,F,23,10,2025-08-06
2772,723019232696541,Evelyn da Costa,1972-10-22,F,54,5,
2773,775142973315685,Dra. Jade Peixoto,1976-02-19,F,50,3,
2774,770685379590075,Isaque Monteiro,2009-04-15,M,17,2,
2775,729618454598047,Manuella da Cunha,2000-08-18,F,26,4,
2776,780481970065194,Benjamim Brito,1964-07-29,M,62,6,
2777,734940869737602,Maitê Pires,1963-10-05,F,63,8,
2778,783717913272852,Luan das Neves,2025-11-02,M,1,1,
2779,780355482881096,Davi Ramos,2004-05-19,M,22,7,
2780,734564642879441,Marina Albuquerque,2008-03-12,F,18,7,2026-03-04
2781,735251612990800,Clara Nogueira,2006-03-26,F,20,8,
2782,794860212284196,Rhavi Rocha,1988-08-30,M,38,5,
2783,740219886047514,Ana Vitória Carvalho,1993-08-03,F,33,4,
2784,792212583928354,Antonella Fonseca,2008-07-01,F,18,5,2025-09-14
2785,789229276998403,Guilherme Montenegro,2003-05-13,M,23,7,
2786,716163404265327,Sophia Teixeira,1997-07-18,F,29,10,
2787,732701792788268,Benjamin Rios,2012-06-04,M,14,8,
2788,729211836250380,Juliana Dias,2006-06-28,F,20,6,
2789,744575794550422,Olívia Silva,2017-02-26,F,9,5,
2790,727409621130748,Sarah Lima,1957-09-03,F,69,2,
2791,792100917787232,Henry Gabriel Cunha,1947-06-22,M,79,9,
2792,795092565650096,Heloisa Machado,1961-01-29,F,65,4,
2793,762704861711373,Emilly Novaes,1990-08-07,F,36,8,
2794,733237219547426,Paulo Ribeiro,2022-08-08,M,4,4,
2795,799891472017049,Maria Luísa Vasconcelos,2018-11-08,F,8,7,
2796,768755832911185,Benicio Vargas,2004-07-31,M,22,6,
2797,717166369483209,Cecília Ferreira,2006-08-04,F,20,4,
2798,780968455383178,Ana Julia Ramos,1986-01-30,F,40,9,
2799,737790358053577,Nathan Barros,2005-04-09,M,21,3,
2800,755906742934596,Luiz Miguel Sousa,1993-01-26,M,33,8,
2801,762925413907087,Zoe Novaes,1982-06-29,F,44,3,
2802,719787265403917,Dra. Ana Julia Viana,1942-12-13,F,84,7,
2803,721819175342019,Kevin Aragão,1986-03-11,M,40,10,
2804,752006847700836,Srta. Julia Pires,2016-12-03,F,10,7,
2805,721753552725832,Cecilia Montenegro,2021-04-15,F,5,3,
2806,779920538490014,Ana Cecília Leão,2018-03-17,F,8,7,
2807,712802121622295,Julia Barros,1966-10-13,F,60,1,
2808,719591928816179,Srta. Clarice Machado,2002-07-28,F,24,9,
2809,754759438376129,Liz da Rosa,2013-05-01,F,13,4,
2810,789724201699453,Isabella Moraes,1965-01-28,F,61,7,
2811,726107298020169,Sra. Lara Pinto,2002-02-28,F,24,8,
2812,711744287865307,Caroline Moraes,1998-12-06,F,28,10,
2813,736092689239656,Sra. Maria Eduarda Pinto,2022-02-28,F,4,5,
2814,772998372702246,Nina Casa Grande,1951-06-14,F,75,3,
2815,730454328644467,Srta. Cecilia Almeida,1951-01-08,F,75,10,
2816,735159987596133,Nicole Pereira,1983-12-09,F,43,10,2025-08-05
2817,742156132354110,Melina da Mota,1977-10-24,F,49,5,
2818,736046897824094,Isadora Sales,2002-09-25,F,24,10,
2819,796228527130765,Otto Carvalho,1972-05-16,M,54,7,
2820,726407590443818,Sra. Maria Luiza Rezende,1972-09-04,F,54,7,
2821,780893342406552,Mirella Castro,2020-10-14,F,6,8,
2822,714196316043159,Manuella Siqueira,1986-04-16,F,40,5,
2823,767858542768401,Asafe Lima,1965-12-30,M,61,5,
2824,748888659808668,Anthony Gabriel Jesus,1998-10-31,M,28,9,
2825,794634422638834,Srta. Lívia Porto,2003-09-06,F,23,2,
2826,772459448979168,Ana Luiza Porto,2015-06-03,F,11,1,
2827,720562768728714,Dr. Kaique Pimenta,2022-09-24,M,4,4,
2828,772689524656862,Maria Vitória Rezende,1990-06-04,F,36,10,
2829,733112714615635,Dra. Maria Cecília Azevedo,2018-10-27,F,8,10,
2830,724911345791723,Theodoro Nogueira,2012-06-29,M,14,9,
2831,767165687298753,Renan Lopes,2005-04-07,M,21,9,
2832,791143380196422,Maria Marques,2011-08-30,F,15,10,
2833,751740710701932,Dom Monteiro,1991-09-13,M,35,6,
2834,788087709619408,Vitor Cavalcanti,1994-07-06,M,32,6,
2835,755180425601901,Maria Julia Cardoso,1992-06-05,F,34,5,
2836,770100784446341,Catarina Pacheco,1994-07-06,F,32,6,
2837,799437964310492,Isabelly Brito,1965-06-10,F,61,8,
2838,753991326303451,Sra. Luiza Silveira,1996-05-20,F,30,5,2026-03-22
2839,720688080008613,Davi Miguel Pires,1963-04-22,M,63,7,
2840,737503909705261,Samuel Nascimento,1977-10-01,M,49,1,
2841,799991784765615,Júlia Araújo,1997-02-23,F,29,2,
2842,725494219396219,Aylla Garcia,1967-05-16,F,59,7,
2843,754903474992273,Anna Liz das Neves,1979-12-08,F,47,9,
2844,727603794834914,Sra. Emanuella Vargas,1958-05-28,F,68,3,
2845,711821327864601,Pedro Sales,2019-10-25,M,7,4,
2846,784862580741954,Kamilly da Costa,1948-04-29,F,78,10,
2847,713409960037187,Lunna Caldeira,1966-05-21,F,60,4,
2848,769781822367973,Thiago Lima,1950-07-27,M,76,10,
2849,765645524417929,Isadora da Cruz,2025-06-27,F,1,2,
2850,728437966567231,Nicole Araújo,1955-01-03,F,71,6,
2851,782717734065890,Giovanna Moreira,1953-10-01,F,73,2,
2852,726772160799506,Maria Julia Dias,1945-11-01,F,81,10,
2853,762672476737249,Clarice da Mata,1969-08-29,F,57,1,
2854,776732698338151,Clarice Guerra,1950-11-11,F,76,8,
2855,780468641335218,Ágatha Cassiano,2010-11-10,F,16,6,2026-01-30
2856,777216522475078,Sra. Maria Cecília Pimenta,2019-10-06,F,7,5,
2857,755294916403880,Marina Pacheco,1942-06-25,F,84,3,
2858,768084654266302,Eloá Costela,1954-11-27,F,72,7,
2859,724485022504068,Emanuelly Costa,1942-07-11,F,84,3,
2860,770775827930044,Caio Melo,1965-08-18,M,61,7,
2861,719822825507835,Juliana Costela,1977-01-02,F,49,3,
2862,752277100327547,Vicente Araújo,1986-06-22,M,40,4,
2863,735721004957756,Juliana Câmara,2022-10-02,F,4,4,
2864,783154624165343,Brenda Jesus,1982-02-23,F,44,8,
2865,767761203366530,Milena Rodrigues,1997-12-14,F,29,4,2025-11-06
2866,754802059521976,Kamilly da Cunha,2023-10-15,F,3,1,
2867,743151007178795,Maria Clara Melo,1999-05-29,F,27,2,
2868,738618757737421,Josué Carvalho,1967-02-27,M,59,6,
2869,718022291469395,Bella Cavalcanti,1977-06-05,F,49,8,
2870,747823201986413,Mirella Abreu,1949-11-01,F,77,8,
2871,711091988955031,Dra. Gabriela Duarte,2011-05-22,F,15,10,
2872,760767875840318,Raquel Campos,1976-07-31,F,50,4,
2873,797728121566607,Sr. Yan Barbosa,1964-12-02,M,62,8,
2874,747163371028795,Isaac Campos,2004-01-08,M,22,8,
2875,795426294592929,Levi Costela,1974-09-12,M,52,3,
2876,714227360654386,Yasmin Barros,1984-09-07,F,42,2,
2877,746316335107154,Eduardo Lopes,1975-02-20,M,51,8,
2878,740279830489722,Cecília Castro,1991-10-15,F,35,8,
2879,762274245610917,Gael Nogueira,2020-01-30,M,6,2,
2880,753343205316263,Rael Moreira,1960-03-11,M,66,8,
2881,720751550751119,Dante Mendes,1986-12-14,M,40,3,
2882,788227793007457,Heloísa da Mata,1973-09-12,F,53,8,
2883,758479992355952,Benjamim Cassiano,1967-07-23,M,59,2,
2884,760236301969739,Sr. Enzo Gabriel Sá,1951-09-09,M,75,2,
2885,795598869598417,André da Mota,1956-12-08,M,70,10,
2886,768579065574441,Maria Liz Cavalcante,1949-07-26,F,77,2,
2887,747329079185778,Júlia Cunha,1983-06-08,F,43,4,
2888,746032914749985,Melissa Correia,1974-11-08,F,52,6,
2889,740767065135340,Dr. Lorenzo Borges,1953-06-22,M,73,10,
2890,715602747676646,Anthony Gabriel Nunes,1978-03-10,M,48,4,
2891,723055297934469,Dra. Lara Cavalcante,1949-03-24,F,77,9,
2892,759507851811353,Sr. Emanuel da Costa,1988-02-09,M,38,7,
2893,751327003508632,Miguel Viana,1984-08-06,M,42,2,
2894,772261190549516,Maria Vitória Câmara,2019-10-07,F,7,10,
2895,739611037575790,Manuella Pacheco,1952-02-17,F,74,4,
2896,734148520434874,Davi Lucca Aparecida,1973-09-02,M,53,3,
2897,720720589890590,Jade Barros,2012-02-08,F,14,6,
2898,766768335192508,Maya Leão,2019-05-15,F,7,1,
2899,741665550824197,Matheus da Paz,1964-07-24,M,62,1,
2900,752184364723743,Dra. Luísa Mendonça,1989-12-11,F,37,6,2025-10-31
2901,759277871414810,Josué Cardoso,1968-06-12,M,58,6,
2902,797635142045568,Valentina Moraes,1968-05-31,F,58,10,
2903,775002831927063,Manuella Monteiro,1980-03-03,F,46,7,
2904,782791257906597,Gustavo da Mota,1990-07-23,M,36,7,
2905,776003914107268,Zoe Cavalcanti,2007-11-20,F,19,9,2025-08-17
2906,715677668953401,Laura Pinto,2009-02-25,F,17,2,
2907,754651246189630,Davi Miguel Cunha,2012-09-24,M,14,2,
2908,759370480790991,Mariane Caldeira,1964-01-03,F,62,8,
2909,792559132082554,Allana Moraes,1999-03-17,F,27,9,
2910,767737055406898,Yasmin Casa Grande,2018-11-30,F,8,7,
2911,716448879042377,Amanda Borges,1959-04-07,F,67,8,
2912,743787139671108,Mariana Mendes,1980-08-26,F,46,9,
2913,788727139876990,Maria Machado,2002-05-10,F,24,7,
2914,719016130034252,Maria Isis Freitas,2015-06-14,F,11,9,
2915,721030258804519,Sr. Théo Cavalcante,2008-10-26,M,18,6,
2916,791588909631263,Isadora Duarte,2000-09-14,F,26,1,2025-09-13
2917,779235746899816,Murilo da Cunha,1944-07-14,M,82,3,
2918,752937022544512,Emanuel Albuquerque,2009-06-11,M,17,5,
2919,782827263435822,Enzo Vargas,1970-05-19,M,56,10,
2920,783290243579087,Luiz Otávio Farias,2008-09-17,M,18,7,
2921,715062906564788,Juliana Gomes,2008-10-04,F,18,3,
2922,795472075214582,Juliana Cavalcanti,1962-01-27,F,64,7,
2923,754146597343823,Vinicius Camargo,1973-04-29,M,53,2,
2924,778920179284740,Melina Pimenta,2012-09-29,F,14,4,
2925,748652602001440,Srta. Mariane Vargas,2022-05-05,F,4,3,
2926,777367387403329,Alice Fonseca,2018-11-28,F,8,4,
2927,723233623067299,Alexia Fernandes,1962-11-08,F,64,8,
2928,787896933649304,Benjamim Vargas,1947-12-18,M,79,8,
2929,744736468777523,Rafaela Macedo,1945-08-02,F,81,10,
2930,740591212292684,Eduarda Silveira,1958-05-22,F,68,1,
2931,791234882202211,Emanuelly Albuquerque,1981-05-20,F,45,6,
2932,783277130468174,Sra. Maria Liz Silva,2009-04-01,F,17,8,2025-12-11
2933,775941540157046,Maitê Fonseca,1940-09-30,F,86,3,
2934,791680748283932,Maria Eduarda Vieira,1995-01-15,F,31,6,
2935,723324822448027,Isaac Montenegro,2014-03-06,M,12,10,
2936,730439338382378,Maria Liz Costela,2012-06-07,F,14,6,
2937,732978022589609,Clara da Paz,1989-05-08,F,37,7,
2938,740016312006299,Fernanda Rios,2011-01-27,F,15,10,
2939,781462757906306,Julia Lima,2009-06-20,F,17,10,
2940,786027568956952,Dra. Yasmin Silveira,1948-01-23,F,78,1,
2941,712165035550193,Isadora Carvalho,2021-12-05,F,5,4,
2942,788699616135970,Ana Laura Cavalcanti,2014-11-23,F,12,10,
2943,715015320513314,Maria Julia Garcia,1954-05-12,F,72,3,
2944,751165806366050,Lucas da Rosa,2008-03-28,M,18,9,
2945,794176340897730,Luan Cassiano,1973-10-10,M,53,8,
2946,755190206290129,Zoe Azevedo,1964-11-04,F,62,9,
2947,763201088627667,Dra. Milena Pinto,1961-09-11,F,65,3,
2948,770801770671880,Ana Clara Rodrigues,1975-01-26,F,51,4,
2949,710613426586186,Dr. Miguel Gomes,2020-01-31,M,6,7,
2950,721838486141832,Sr. Francisco da Costa,1994-01-18,M,32,8,
2951,710035516785946,Aylla Porto,2004-04-04,F,22,8,
2952,766277977840395,Luiz Miguel Sampaio,1966-01-24,M,60,5,
2953,742046193764112,Ana Beatriz Novais,1951-12-03,F,75,4,
2954,751862125578848,Mariana Andrade,2015-10-25,F,11,8,
2955,754048611045583,Maya da Cunha,1964-06-03,F,62,10,
2956,740459906036107,Olivia Ferreira,1952-06-10,F,74,6,
2957,767790630939360,Maria Luiza Ferreira,1950-03-06,F,76,7,
2958,720804644002492,Daniela da Rocha,2003-08-29,F,23,5,2025-09-22
2959,736765935309756,Ana Vitória Pastor,1982-11-18,F,44,10,
2960,790082094462781,Sr. João Lucas Aragão,1946-11-24,M,80,8,
2961,735993117124680,João Felipe Siqueira,2008-10-12,M,18,10,
2962,748880401808457,Nina Câmara,1994-02-08,F,32,4,
2963,787894578740389,Lívia Siqueira,1967-01-21,F,59,6,
2964,765213317823245,Aylla Siqueira,1980-06-23,F,46,9,
2965,786051337410094,Gabriela Guerra,1953-02-17,F,73,7,
2966,765139832257706,Isadora Castro,2007-04-25,F,19,7,
2967,722331627203649,Oliver Jesus,1956-01-22,M,70,8,
2968,782041165973773,Allana Rios,1986-04-07,F,40,7,
2969,713579434791955,Lorenzo Peixoto,2002-12-07,M,24,5,
2970,777986053142283,Lucca Cirino,1980-05-03,M,46,5,
2971,766707978271600,Sra. Aurora Vargas,1980-10-06,F,46,8,
2972,718510338390276,Erick da Cunha,2004-11-16,M,22,6,
2973,738075085926733,João Gabriel Moraes,1967-01-14,M,59,6,
2974,784683132407558,Sra. Hellena Casa Grande,1993-10-09,F,33,1,
2975,767715876864391,Fernanda Costa,1974-10-06,F,52,8,
2976,776593608983835,Yan Fonseca,2019-06-15,M,7,5,
2977,774062457316795,Manuela Peixoto,1970-08-24,F,56,8,
2978,791837782413082,Maitê Pereira,1998-12-08,F,28,7,
2979,780610846819739,Theo Cunha,2011-08-15,M,15,6,
2980,757944153353037,Hellena da Conceição,1951-12-25,F,75,9,
2981,710418159740557,Isadora Vieira,1982-11-02,F,44,7,2026-01-30
2982,748740841119350,João Gabriel Rios,1946-04-03,M,80,5,
2983,751003874771602,Srta. Maria Clara Jesus,1950-07-01,F,76,7,
2984,721414267973724,Ana Carolina Vargas,1993-06-08,F,33,3,
2985,735697307222774,Emanuelly da Mata,1962-10-16,F,64,2,
2986,791154466276064,Caio Novaes,1987-02-17,M,39,8,
2987,760568328201404,Pietra Cavalcanti,1948-04-26,F,78,5,
2988,783702309646067,Benjamin Moraes,2013-04-21,M,13,6,
2989,770225801117578,Renan das Neves,2007-10-03,M,19,8,
2990,768579235755736,Luiza Fernandes,1967-09-05,F,59,10,
2991,759175320127243,Carlos Eduardo Novaes,1965-03-23,M,61,3,
2992,737957213258343,Maria Novais,1997-08-31,F,29,1,
2993,750964894476898,Caleb Albuquerque,1960-09-22,M,66,4,
2994,720395353080307,Guilherme da Rocha,1947-12-09,M,79,4,
2995,741088396595161,Maya da Rosa,1967-06-19,F,59,6,
2996,769998340226971,Luan Pastor,1975-02-18,M,51,9,
2997,781998231533522,Hellena Moraes,2014-10-10,F,12,4,
2998,742436599548555,Milena Santos,2021-04-03,F,5,6,
2999,725475635929945,Benjamin Farias,2013-09-02,M,13,1,
3000,760499287667499,Ana Laura Oliveira,1959-06-26,F,67,9,
3001,793053027833136,Dra. Olívia Ferreira,1988-05-13,F,38,10,
3002,734463743180317,Dr. João Miguel Barros,1968-03-27,M,58,9,
3003,729554275178544,Gustavo Henrique Sá,1982-07-16,M,44,5,
3004,781333772584660,Bárbara Barros,1973-06-02,F,53,5,
3005,756444080068362,Maria Cecília Mendes,2017-10-01,F,9,6,
3006,731779522619356,Elisa Peixoto,2017-09-09,F,9,4,
3007,799340530338034,Thales Pimenta,1985-08-13,M,41,2,
3008,762745163747900,Nicole Dias,2021-01-12,F,5,10,
3009,761474909885449,Ana Lívia Nascimento,1979-08-22,F,47,10,
3010,731157725008520,Melissa Rodrigues,1990-12-22,F,36,8,
3011,741634704966863,Stella Macedo,2023-10-06,F,3,5,
3012,731735482354962,Samuel Cardoso,2008-08-28,M,18,10,
3013,737615092043580,Gael Henrique Cardoso,1958-01-13,M,68,3,
3014,799725740815617,Amanda Fernandes,1958-12-30,F,68,6,
3015,761046630902858,Gael Henrique Camargo,1994-12-22,M,32,9,
3016,724086468731211,Dra. Esther Casa Grande,2000-08-19,F,26,3,
3017,749625202266666,Ravi Mendes,1953-11-27,M,73,6,
3018,762307980206547,Maria Sophia Melo,1948-11-02,F,78,4,
3019,734255583521138,Maria Fernanda Carvalho,1976-02-22,F,50,10,
3020,711945516907837,Esther Pimenta,1996-01-01,F,30,2,
3021,749664347261917,Dr. Davi Lucca Monteiro,1998-09-24,M,28,4,
3022,788455024548899,Isadora Monteiro,1976-11-27,F,50,7,
3023,775596384188378,Liz Rodrigues,2009-10-25,F,17,1,
3024,747552061001275,Julia da Mota,1951-02-12,F,75,8,
3025,753510043797931,Sra. Mirella Aparecida,1999-01-09,F,27,4,
3026,719906925964832,Maria Fernanda Silva,1987-04-15,F,39,2,2025-09-26
3027,769089362988431,Evelyn Moreira,1951-03-09,F,75,4,
3028,765669487199222,Theodoro Peixoto,1987-04-23,M,39,6,
3029,771500871699125,Apollo Fernandes,1951-11-24,M,75,8,
3030,728368109979851,Stephany Moura,1981-09-23,F,45,5,
3031,737224595960219,Ágatha Cassiano,2017-02-21,F,9,9,
3032,741597143720779,Liz Almeida,1986-03-20,F,40,9,
3033,760723887570428,Bárbara Borges,1962-06-12,F,64,4,
3034,792368938078662,Miguel Macedo,1964-07-02,M,62,5,
3035,780946729720743,Pietra Macedo,1963-11-14,F,63,3,
3036,766007875301330,Stephany da Cruz,1986-11-10,F,40,3,
3037,768106763958695,Rafael Oliveira,2021-08-14,M,5,9,
3038,738640074438954,Dra. Gabrielly Costela,2016-07-25,F,10,5,
3039,780101057808921,Giovanna Vasconcelos,1995-10-29,F,31,5,
3040,782808215962761,Léo Aparecida,1991-01-10,M,35,5,
3041,736164387103540,Melissa Duarte,1951-02-27,F,75,10,
3042,785392405271421,Lunna Andrade,2017-12-08,F,9,5,
3043,711251095581983,Gabriela Machado,2025-11-05,F,1,9,
3044,710397690481128,Srta. Maria Luísa Sousa,2025-02-21,F,1,5,
3045,749842961938277,Julia Ribeiro,1960-11-18,F,66,8,
3046,733954713901750,Ana Beatriz Sampaio,1976-11-23,F,50,4,
3047,733368026879231,Isis Mendes,2025-03-01,F,1,3,
3048,783532517419577,Dr. Samuel Siqueira,1976-04-29,M,50,3,
3049,792984681722551,Dra. Alana Correia,1966-09-28,F,60,9,
3050,714008525209553,Rafaela das Neves,2019-04-06,F,7,10,
3051,721437175940720,Mateus Nascimento,1958-06-26,M,68,2,
3052,759886409635149,Maria Luísa Costela,2000-03-05,F,26,7,
3053,757616403128656,Benjamim Carvalho,1965-11-08,M,61,7,
3054,792921413450401,Maria Helena da Luz,1957-08-07,F,69,3,
3055,710104105636827,Theo Cardoso,1989-03-27,M,37,7,
3056,772054738783584,Srta. Juliana da Luz,2024-12-20,F,2,10,
3057,766921817305345,Erick Fogaça,1955-01-18,M,71,2,
3058,782603415666110,Pedro Pacheco,1948-10-13,M,78,4,
3059,788003455614756,Luiz Henrique Rocha,1941-08-22,M,85,2,
3060,761764335100382,Manuella Sá,1940-07-21,F,86,3,
3061,781113046141055,Joana Carvalho,1982-10-12,F,44,5,
3062,724301489374497,Isis Carvalho,1949-12-07,F,77,7,
3063,715684554630834,Ana Júlia Guerra,1961-01-07,F,65,1,
3064,756729089531724,Eduarda Camargo,2013-06-30,F,13,2,
3065,715736375629235,Dr. Caio Oliveira,1949-02-21,M,77,7,
3066,757670763369626,Liam da Paz,2009-12-30,M,17,5,
3067,742094133753850,Ana Carolina Fogaça,2022-06-12,F,4,10,
3068,791822429740284,Manuela Silva,1953-09-13,F,73,6,
3069,799010681732032,Gabriel Peixoto,1970-05-15,M,56,9,
3070,780941263611658,Lunna Vasconcelos,1995-06-18,F,31,4,
3071,794134997722654,Maya Souza,2014-08-13,F,12,9,
3072,784874706137838,Lavínia Moreira,1969-06-09,F,57,9,
3073,764617552256094,Luna Abreu,1952-03-19,F,74,1,
3074,792284579104585,Olívia Guerra,1987-10-08,F,39,2,
3075,753116596047461,Henry Gabriel Oliveira,1945-11-25,M,81,5,
3076,723245618617532,Ágatha Ribeiro,2009-01-06,F,17,4,
3077,757389187347270,Maria Liz Cirino,1954-05-17,F,72,8,
3078,772092750093711,Manuela Rodrigues,1948-11-05,F,78,10,
3079,779272423828402,Ana Laura Jesus,1976-04-28,F,50,4,
3080,775201627241246,Emilly Fogaça,1989-11-19,F,37,2,2025-12-27
3081,758211364839881,Marcelo Pastor,2002-09-11,M,24,8,
3082,764505732183388,Brenda Câmara,1980-04-18,F,46,6,
3083,778973390473720,Aylla Cunha,1998-10-28,F,28,2,
3084,769852904784413,Evelyn Caldeira,1958-12-27,F,68,3,
3085,785713323486731,Dr. Bento Rezende,2026-01-21,M,0,5,
3086,780703700096760,Dra. Lunna Cassiano,1976-01-05,F,50,5,
3087,775070750746561,Yan da Costa,2019-11-18,M,7,9,
3088,749962234262593,Clara Novais,1975-08-08,F,51,2,
3089,777205053486909,Srta. Emanuelly Oliveira,1994-10-26,F,32,4,
3090,729460880535976,Sarah Rios,1975-03-13,F,51,9,
3091,741722564190259,Dr. Bento Araújo,1961-04-18,M,65,2,
3092,798576520922910,Luan Fonseca,2020-02-15,M,6,1,
3093,780254839715567,Diogo Siqueira,2015-06-29,M,11,7,
3094,722774474370630,Carlos Eduardo Moura,1964-12-26,M,62,9,
3095,767325550413364,Felipe Vargas,1942-12-08,M,84,6,
3096,766499370210561,Ryan Martins,1977-04-24,M,49,10,
3097,772185846715065,Maya Oliveira,1993-12-05,F,33,10,
3098,757940796328619,Melina Souza,1988-07-01,F,38,4,
3099,764195524841410,Lara Viana,1972-07-11,F,54,1,
3100,794230781708274,Camila Gomes,1987-02-05,F,39,8,2025-08-04
3101,751648626332356,Manuela Porto,1951-02-25,F,75,7,
3102,733010794021006,Fernando Sales,1942-03-13,M,84,6,
3103,740765894460681,Danilo Nascimento,2010-09-05,M,16,3,
3104,774109253772269,Gael Henrique Araújo,1945-11-13,M,81,10,
3105,775380404059187,Esther Sampaio,1945-09-04,F,81,1,
3106,713168988855587,Dra. Milena Costela,1949-10-16,F,77,1,
3107,720708164435852,Bruna Pires,1966-10-22,F,60,9,
3108,742442526805273,Dante Ferreira,1945-05-10,M,81,9,
3109,758780761329087,Maria Isis Vieira,1945-01-16,F,81,10,
3110,763603233695024,Dr. Lucca Viana,1955-03-21,M,71,1,
3111,792461385108140,Giovanna Rezende,1965-11-04,F,61,1,
3112,723773170273577,Liam Ribeiro,2021-03-09,M,5,8,
3113,769288330366882,Maria Flor Montenegro,2015-10-11,F,11,7,
3114,788104695013813,Bruno Garcia,1998-08-15,M,28,4,
3115,773123491301560,Anthony da Conceição,2022-07-02,M,4,10,
3116,773010938175564,Stella da Conceição,1942-01-18,F,84,3,
3117,725311691680650,Antony Porto,2003-10-13,M,23,9,
3118,792541247584418,Dr. Cauê Vieira,2026-01-25,M,0,4,
3119,775919226215510,Vitor Vargas,2009-07-09,M,17,2,
3120,721936236677180,Manuella Cassiano,2007-08-16,F,19,7,
3121,716968611984564,Thomas Azevedo,2022-02-03,M,4,6,
3122,719809605339733,Joana Souza,1987-06-30,F,39,6,
3123,769622287688173,Rafaela Pastor,2004-12-10,F,22,10,2025-12-10
3124,721673556180347,Luigi Guerra,2022-04-02,M,4,6,
3125,773942694331906,Bernardo Pereira,1977-04-19,M,49,4,
3126,761476542668624,Ana Carolina Nunes,2018-01-13,F,8,7,
3127,785383269885985,Isadora Costa,2011-10-26,F,15,7,
3128,790450653813021,Sophia Fernandes,1991-09-11,F,35,10,
3129,787317406708857,Bella Barros,1940-09-14,F,86,8,
3130,726424490345153,Murilo Vargas,1946-08-08,M,80,4,
3131,781624968777479,João Miguel Santos,1952-01-01,M,74,6,
3132,796045791542080,Ana Beatriz da Mata,1961-04-18,F,65,6,
3133,741370022021216,Maria Luísa Nogueira,2008-10-23,F,18,9,
3134,714122392138965,Esther Barros,2014-06-06,F,12,2,
3135,768625261223699,Bryan Gomes,1990-07-11,M,36,7,
3136,740402086038404,André Fonseca,2018-05-06,M,8,3,
3137,757856114395535,Pedro Lucas Novaes,1979-03-11,M,47,7,
3138,725862861476799,José Miguel Almeida,2015-08-18,M,11,7,
3139,721545357770935,Felipe Dias,2000-10-11,M,26,1,
3140,771404750074197,Luiz Fernando Fogaça,1994-03-14,M,32,9,
3141,731068231892107,Heloisa Abreu,1958-05-21,F,68,2,
3142,754920453038043,Ana Liz Ribeiro,2008-07-10,F,18,10,
3143,724908743577815,Ísis Azevedo,2016-04-20,F,10,2,
3144,746339737315900,Enzo Carvalho,1968-05-10,M,58,10,
3145,776180818424695,Luísa Rocha,1959-08-17,F,67,3,
3146,782741967271936,Ravy Lima,2014-06-12,M,12,9,
3147,766636570565389,Vinicius Gonçalves,1978-02-13,M,48,3,
3148,743723177000598,Marcela Caldeira,2002-02-24,F,24,10,
3149,786960283016371,Dra. Marcela da Luz,1988-10-10,F,38,9,
3150,720891520591181,Vitória Melo,1998-09-22,F,28,7,
3151,756303614140703,Miguel Ribeiro,2014-10-18,M,12,10,
3152,771212330956507,Isadora Cirino,1988-09-04,F,38,6,2026-01-02
3153,769274130974997,Esther Macedo,2000-07-03,F,26,8,
3154,729273651569304,Sra. Stephany Cavalcanti,1971-09-08,F,55,1,
3155,749831480121117,Ana Sophia da Mota,1975-11-29,F,51,4,
3156,771508686679450,Daniela Abreu,1958-01-14,F,68,4,
3157,776810987604544,Arthur Barbosa,1981-04-19,M,45,2,
3158,792697290216849,Srta. Larissa Cardoso,1970-10-16,F,56,1,
3159,746438770449742,Raquel Andrade,2000-09-17,F,26,4,2026-01-03
3160,781407704538811,Juliana Caldeira,1965-04-20,F,61,8,
3161,737047663724806,Dra. Olívia Macedo,1958-05-26,F,68,2,
3162,791204418015397,Aurora Sousa,2024-11-17,F,2,9,
3163,749389027348829,Beatriz Novais,1952-09-26,F,74,1,
3164,756678795173369,Sr. Francisco Barros,1993-03-30,M,33,10,
3165,778704064662122,Lucas Albuquerque,2019-04-26,M,7,8,
3166,733655675453647,Maya Rezende,2018-12-13,F,8,7,
3167,765085876367124,Luiz Gustavo Costa,1962-08-07,M,64,4,
3168,712032790094006,João Lucas Borges,1970-04-27,M,56,9,
3169,743539811087154,Isadora da Cruz,1969-06-17,F,57,1,
3170,719359985348925,Mateus Carvalho,1992-10-09,M,34,10,
3171,715168019732728,Ana Luiza Casa Grande,2015-08-09,F,11,3,
3172,770982638102370,Maria Fernanda da Cruz,1948-03-26,F,78,8,
3173,779885088793538,Matteo Araújo,1989-12-04,M,37,3,
3174,764564651138225,Matheus Garcia,1967-05-17,M,59,1,
3175,755325569841091,Srta. Maria Julia Sousa,2000-07-29,F,26,9,
3176,717373342079850,Maria Laura Monteiro,1970-01-01,F,56,5,
3177,725519244183542,Otávio Camargo,1966-06-19,M,60,1,
3178,779803723799833,Sra. Zoe Oliveira,1995-08-25,F,31,3,
3179,728569012905433,Sr. Lorenzo Viana,1957-11-16,M,69,10,
3180,762750063104545,Isabelly Ribeiro,2014-12-16,F,12,1,
3181,747502037061049,Sarah Pires,1977-07-19,F,49,8,
3182,784173366545039,Maria Helena Correia,2000-09-18,F,26,10,
3183,761353735551776,Raquel Pires,2009-01-08,F,17,4,
3184,713248472865186,Melissa Correia,2019-09-17,F,7,3,
3185,793604802107689,Sra. Maria Luísa Azevedo,1965-06-26,F,61,2,
3186,759792365874930,Dra. Luna da Costa,1990-09-16,F,36,9,2026-02-17
3187,767454007644064,Vitor Martins,1978-01-18,M,48,8,
3188,782371406869954,Sarah Caldeira,1975-12-11,F,51,3,
3189,717971571289864,Clarice Cirino,2012-10-01,F,14,9,
3190,733746708037786,Dr. Daniel Lopes,2014-05-20,M,12,2,
3191,755818933757291,Maria Fernanda Sales,1987-11-07,F,39,7,2026-02-20
3192,710378927941819,Srta. Evelyn Andrade,1994-06-03,F,32,2,
3193,787411400963561,Oliver Cassiano,1954-09-16,M,72,8,
3194,787145492949929,Agatha Novaes,2005-08-26,F,21,2,
3195,796233194888519,Lavínia Brito,1940-08-04,F,86,6,
3196,738629296817395,Pietra Macedo,1996-09-07,F,30,9,
3197,765581355342076,Renan Vasconcelos,1949-01-19,M,77,2,
3198,795214150182904,Davi Lucas da Mota,1967-09-10,M,59,8,
3199,719511375427341,Lucas Costela,2023-04-06,M,3,4,
3200,728088271697247,Aylla Oliveira,1942-02-27,F,84,7,
3201,786562285347391,Vicente Lopes,1997-08-10,M,29,2,
3202,716980075514961,Sra. Rebeca Correia,1971-05-10,F,55,9,
3203,791404106012036,Lavínia Ramos,1983-11-05,F,43,10,
3204,742899833477244,Catarina da Rocha,2017-05-06,F,9,8,
3205,758477382408753,Beatriz Alves,1963-12-05,F,63,9,
3206,713225494679463,Enzo Gabriel Ferreira,1983-04-20,M,43,3,
3207,738564365670496,Kaique Barros,1979-12-31,M,47,8,
3208,723852056692065,Maria Luiza Correia,1958-11-30,F,68,1,
3209,780618350539197,Dra. Ana Sophia Lopes,2024-01-09,F,2,7,
3210,723612610719299,Natália Fonseca,1971-06-15,F,55,9,
3211,794501842300227,Vicente Aragão,1944-08-22,M,82,6,
3212,753059448799664,Isabel Ribeiro,2022-11-15,F,4,2,
3213,764768837270483,Maria Casa Grande,1997-09-09,F,29,9,
3214,747262559136684,Srta. Aurora Caldeira,1969-08-29,F,57,1,
3215,740013264220445,Valentina Cunha,1957-05-28,F,69,4,
3216,752096261558863,Davi Lucas Gomes,1981-08-25,M,45,1,
3217,751055658807724,Brayan Mendes,1956-05-29,M,70,3,
3218,787525834120359,Paulo Mendes,2019-05-30,M,7,7,
3219,769801582237714,Maria Clara Pinto,1970-10-10,F,56,7,
3220,730859346665000,Dr. Enzo Rezende,1952-12-21,M,74,2,
3221,799705659507948,Theodoro Borges,2013-09-21,M,13,2,
3222,747594917648638,Alice Pastor,1953-04-17,F,73,4,
3223,794454637163265,Fernando Vargas,1973-07-17,M,53,3,
3224,713227686119020,Sr. Davi Lucas Castro,1945-11-22,M,81,6,
3225,763134614791589,Srta. Jade Pacheco,1952-03-30,F,74,5,
3226,756390160026745,Caroline Duarte,1985-08-23,F,41,3,2026-02-02
3227,718719114145356,Yasmin das Neves,1949-06-04,F,77,5,
3228,752356775849656,Bianca da Paz,1990-04-23,F,36,6,
3229,772778137685168,Anna Liz Nascimento,1946-02-12,F,80,2,
3230,787143003250448,Luan Brito,1955-11-08,M,71,2,
3231,798025077292067,Júlia Andrade,2020-05-15,F,6,1,
3232,742943603995676,Sr. Ryan Sales,1978-02-22,M,48,5,
3233,714966078156572,Sra. Clara Almeida,2014-09-11,F,12,8,
3234,786223172049513,Ryan Ramos,1961-12-09,M,65,5,
3235,722306563584726,Bianca das Neves,1978-07-24,F,48,6,
3236,725486051178682,Amanda da Mata,1940-11-18,F,86,2,
3237,735102154669802,Arthur Gabriel Silva,1952-10-06,M,74,2,
3238,785596303135475,Diego Cavalcante,1981-07-21,M,45,5,
3239,754713295178405,Maria Luísa Andrade,1990-05-12,F,36,3,
3240,785825391529271,Helena Garcia,1991-05-31,F,35,9,
3241,722510066356630,Aylla da Costa,1993-06-19,F,33,1,
3242,720161423255324,Isabella Sousa,2011-12-03,F,15,6,2025-08-21
3243,736570020920380,Arthur Miguel Almeida,2014-07-06,M,12,2,
3244,726410653348578,Antonella Câmara,2000-01-23,F,26,8,2025-08-11
3245,779999844363983,Sofia Nogueira,1952-06-09,F,74,3,
3246,788470787106548,Maria Luiza Farias,1951-04-14,F,75,5,
3247,761805430653351,Lavínia Lopes,1989-03-08,F,37,10,
3248,741294249510645,Julia Silva,1993-02-25,F,33,5,
3249,710244437987160,Nina Camargo,1962-01-14,F,64,7,
3250,747116094244937,Dr. Mathias Novais,1953-03-25,M,73,1,
3251,719316655188026,Sara Andrade,1972-09-11,F,54,6,
3252,779504463710450,Ravi Lucca Cardoso,1949-02-24,M,77,3,
3253,738322815265358,Maria Flor Peixoto,2020-11-23,F,6,3,
3254,755241266185529,Rebeca Rocha,2004-06-19,F,22,4,2026-02-15
3255,757811223979252,Dra. Ágatha Fogaça,1962-03-18,F,64,3,
3256,741131627445730,Maria Luiza Correia,2017-09-11,F,9,3,
3257,769002842093542,Felipe Nunes,1966-10-18,M,60,4,
3258,726766154101537,Gael Henrique Viana,2010-04-06,M,16,6,
3259,775075460268609,Stella da Conceição,1978-01-30,F,48,8,
3260,726658660531921,Eloá Pinto,2018-10-29,F,8,6,
3261,792155088333891,Dra. Lara Viana,1973-12-17,F,53,3,
3262,770199711979810,Ayla Caldeira,2015-09-04,F,11,10,
3263,774782384505326,Dra. Sarah Cassiano,1978-07-19,F,48,7,
3264,756870612357573,Cecília Vargas,1983-05-28,F,43,7,2025-12-31
3265,787829109633939,Dra. Luana Gonçalves,2006-10-26,F,20,9,
3266,759386480985436,Ayla Viana,1979-04-08,F,47,4,
3267,742923001270030,Maria Vitória Teixeira,2010-07-11,F,16,9,
3268,768622804797517,Maria Isis Pastor,1969-09-17,F,57,4,
3269,750191601531778,Srta. Natália Moraes,1960-04-19,F,66,8,
3270,797564531739726,Sabrina da Cunha,1990-06-02,F,36,6,
3271,740296785979598,Sra. Nicole Freitas,2006-01-20,F,20,2,
3272,737988312161786,Alice Nogueira,1992-02-21,F,34,6,
3273,733303624470404,Milena Duarte,1957-10-26,F,69,1,
3274,775142817991412,Luiz Miguel Rezende,1975-12-31,M,51,5,
3275,748403685433818,Mariah Fernandes,2023-03-30,F,3,6,
3276,723623639522778,Benjamin Porto,2020-10-19,M,6,3,
3277,788029229810020,Danilo Moreira,1966-10-26,M,60,7,
3278,745635184758472,Rebeca Pinto,2007-04-02,F,19,4,
3279,795763636341342,Carolina Ramos,1961-02-03,F,65,6,
3280,713304569404040,Fernando Santos,1959-04-03,M,67,1,
3281,715680519397355,Dr. João Gabriel Correia,1968-12-18,M,58,9,
3282,796459575087688,Anna Liz Costa,2017-12-07,F,9,3,
3283,779330600757562,Srta. Ana Laura Nunes,2003-01-16,F,23,6,
3284,768760078872029,Rafael Cardoso,1950-07-23,M,76,10,
3285,772696478973228,Maria Cecília Camargo,1961-07-31,F,65,3,
3286,795507573484749,Laura Casa Grande,1964-12-20,F,62,3,
3287,716119777187565,Luiz Fernando Pastor,2005-09-30,M,21,2,
3288,797714640807840,Nicole Vargas,1994-06-27,F,32,10,2025-11-12
3289,775836104263529,Mirella Rios,2015-01-30,F,11,7,
3290,784448483771815,Leandro Cardoso,1965-04-27,M,61,7,
3291,727338100570195,Sra. Marina Fernandes,2005-07-28,F,21,3,
3292,767271685906414,Ana Laura Carvalho,1970-06-09,F,56,7,
3293,750666905144583,Sr. Vitor Gabriel Casa Grande,1996-12-14,M,30,8,
3294,740914237197469,Manuela Sales,2001-05-20,F,25,5,
3295,750548162387836,Pietra Mendes,2025-12-26,F,1,4,
3296,771054748069509,Dra. Maria Clara Nogueira,1979-02-20,F,47,3,
3297,714969923192773,Dra. Luna Cirino,2005-08-19,F,21,9,2025-08-05
3298,762881183576768,Bianca Silveira,2000-04-09,F,26,2,
3299,734353393404829,Kevin Monteiro,2002-02-03,M,24,7,
3300,751374780304753,Pedro Lucas Ferreira,1981-11-26,M,45,6,
3301,772068555853878,Luna Farias,1953-03-28,F,73,10,
3302,755527195720748,André Fernandes,1947-10-25,M,79,1,
3303,763117483767770,Hadassa Silva,2023-07-12,F,3,5,
3304,731660458435138,Maya Souza,1947-08-18,F,79,10,
3305,732470754939098,Maria Fernanda Marques,1967-08-18,F,59,7,
3306,733774944123244,Noah Sales,2011-02-13,M,15,2,
3307,756246029330299,Sabrina Campos,1982-01-28,F,44,2,2025-10-29
3308,712496316598781,Gabriela da Rocha,2020-12-28,F,6,10,
3309,728896720320558,Sr. Pedro Miguel Cirino,1983-04-22,M,43,10,
3310,795387861795414,João Felipe Brito,1971-07-09,M,55,4,
3311,797130759740014,Brenda Castro,1955-06-10,F,71,5,
3312,759765294113422,Sr. Pedro Sampaio,1955-06-21,M,71,2,
3313,768014671415947,Ana Julia Cassiano,1997-02-05,F,29,9,
3314,742645172619923,Maria Cecília Fernandes,1957-10-14,F,69,6,
3315,712882119402304,Amanda Lopes,1984-11-19,F,42,8,2026-02-11
3316,745122314904084,Maysa Silveira,1944-02-17,F,82,4,
3317,765830543764149,Lara da Paz,1947-03-15,F,79,2,
3318,781154802506734,Dra. Larissa Aparecida,2009-06-18,F,17,6,
3319,795608044927614,Lunna Ramos,1952-01-04,F,74,1,
3320,764757746479725,Calebe Mendonça,2008-12-10,M,18,4,
3321,769346674586701,Vitória Fernandes,2007-09-30,F,19,4,
3322,763367788155659,Dr. Bryan Andrade,1976-12-25,M,50,7,
3323,729883200494064,Rafaela Lopes,1991-06-05,F,35,4,2026-01-12
3324,776781401480156,Laura Costa,2011-08-22,F,15,8,2025-12-05
3325,767013237627562,Marcela da Luz,2019-03-27,F,7,8,
3326,723168032521700,Sr. Lorenzo Guerra,2018-07-21,M,8,4,
3327,749365823668704,Maria Luiza Ramos,2011-09-27,F,15,4,
3328,788768810944663,Alana Andrade,1949-06-14,F,77,9,
3329,765564576677490,Guilherme Rocha,2006-10-19,M,20,10,
3330,720013353595964,Maria Luiza Siqueira,1985-01-03,F,41,8,
3331,762268104026880,Samuel Santos,1990-11-11,M,36,7,
3332,717460766643845,Dr. Juan Rezende,1976-10-01,M,50,3,
3333,711043743341727,Sr. Dom Lopes,1975-05-23,M,51,10,
3334,778608348778861,Srta. Bianca Vieira,1971-02-10,F,55,2,
3335,780330196774685,Maria Flor da Luz,2025-05-12,F,1,7,
3336,741607049844776,Cauã Vasconcelos,1971-09-24,M,55,8,
3337,710502965008135,Paulo Sampaio,1960-04-09,M,66,1,
3338,784884448108152,Natália Sampaio,2012-10-17,F,14,8,
3339,775159012691314,Diego da Rocha,1972-07-07,M,54,8,
3340,792887251970244,Eloah Castro,1977-02-10,F,49,4,
3341,720399037119998,Luara Teixeira,1988-11-05,F,38,2,
3342,768251514461594,Heloísa da Luz,1975-10-25,F,51,10,
3343,760218629630441,Dra. Bárbara Cardoso,2008-02-18,F,18,3,
3344,760502894347645,Beatriz Pires,1968-05-25,F,58,8,
3345,793024929242118,Maria Clara Rocha,1954-11-16,F,72,9,
3346,768493032568541,Marina da Rosa,1969-07-09,F,57,1,
3347,771353808443082,Brayan Mendonça,1991-05-11,M,35,1,
3348,777339897923771,Vicente Martins,2007-10-13,M,19,8,
3349,773758045637469,Diego Souza,1980-12-10,M,46,5,
3350,778073310679152,Josué da Conceição,1972-01-15,M,54,10,
3351,796356867583032,Eduarda Freitas,1962-11-13,F,64,1,
3352,753294477548540,Kamilly Barbosa,1999-07-10,F,27,2,
3353,715041257254444,Fernanda Brito,1978-08-14,F,48,10,
3354,784714658919741,Luísa Garcia,1997-12-24,F,29,1,
3355,720073507905132,Ana Cecília Gonçalves,2004-04-07,F,22,5,
3356,744048444296832,Benjamin Silva,1983-06-05,M,43,3,
3357,757466507644901,Daniela Sá,2000-07-10,F,26,3,
3358,788779596558984,Daniela Rodrigues,1971-01-09,F,55,3,
3359,789332687349116,Stephany da Costa,1985-05-26,F,41,5,
3360,711869768489745,Dante da Luz,1994-03-21,M,32,6,
3361,787543053167375,Ana Júlia Nogueira,2024-04-08,F,2,6,
3362,717924144263202,Ana Vitória Novais,1996-03-28,F,30,5,
3363,731812459304154,Maria Laura Alves,1970-03-14,F,56,3,
3364,735957292907412,Fernanda Leão,2012-02-11,F,14,4,
3365,719465915811619,Maysa das Neves,1993-09-23,F,33,7,
3366,760668003591771,Maria Clara Marques,2024-02-26,F,2,10,
3367,760753092692754,João Novaes,1986-08-20,M,40,9,
3368,734485898716238,Evelyn Correia,1943-02-27,F,83,7,
3369,754738064883751,Isabelly Porto,1998-04-25,F,28,7,
3370,799210872531018,Antônio Duarte,1998-09-14,M,28,6,
3371,764203717361175,Dr. Erick Dias,2008-09-23,M,18,9,
3372,777569417788385,Isaque Peixoto,2022-05-22,M,4,3,
3373,780624780696831,Ana Beatriz Oliveira,2008-02-15,F,18,5,2025-12-22
3374,784724502701137,Ana Lima,1981-10-12,F,45,5,
3375,737119868607872,Emanuel da Rocha,1978-09-22,M,48,9,
3376,758836878249446,Ana Lívia Novaes,1943-07-26,F,83,4,
3377,790106027691988,Luana Andrade,1969-05-15,F,57,8,
3378,730216648082932,Maria Fernanda Martins,2018-04-20,F,8,1,
3379,789538220880683,Dr. Eduardo Oliveira,1948-08-10,M,78,8,
3380,738416940983719,Kamilly Albuquerque,2006-08-13,F,20,5,
3381,762435997609517,Sra. Letícia Lopes,1961-10-01,F,65,7,
3382,773717302359765,Davi Miguel Fogaça,1971-07-29,M,55,6,
3383,795360794795749,Allana Sales,2017-06-28,F,9,1,
3384,758145537162883,Leandro Brito,1997-11-15,M,29,7,
3385,714593665649418,Maria Júlia Correia,1958-11-10,F,68,9,
3386,786642905791847,Maria Liz Ferreira,2008-10-29,F,18,1,
3387,735733389115985,Oliver Melo,1978-08-06,M,48,10,
3388,793530073524200,Eloah Fonseca,2016-08-06,F,10,1,
3389,780604098952980,Srta. Anna Liz Azevedo,1971-12-02,F,55,6,
3390,758902944805700,Larissa Nunes,1942-02-24,F,84,5,
3391,788827125520060,Emanuella Brito,1951-08-15,F,75,4,
3392,746195673316215,Melissa das Neves,2013-01-20,F,13,1,
3393,733580822829110,Maria Sophia Cavalcante,1996-01-13,F,30,5,2025-11-27
3394,795492352846572,Marcos Vinicius Campos,1991-07-23,M,35,3,
3395,719993021376574,Danilo Pires,2000-03-10,M,26,1,
3396,762014196427018,Maria Laura Peixoto,1944-06-29,F,82,5,
3397,758593751258776,Vitória Câmara,1972-10-12,F,54,9,
3398,717516060596985,João Pedro Jesus,1970-09-30,M,56,6,
3399,767731084126105,Sra. Fernanda Leão,1964-11-05,F,62,10,
3400,713422899810183,Gael Leão,1994-03-20,M,32,6,
3401,721492980325658,Alexandre Camargo,2017-05-17,M,9,2,
3402,731514241850383,Maria Camargo,1954-11-15,F,72,2,
3403,792679966143444,Eloá da Cunha,2003-09-29,F,23,5,
3404,764698133364404,Isaac Melo,1960-09-02,M,66,7,
3405,737011844005988,Caio Ramos,2007-07-24,M,19,10,
3406,723709315912444,Ana Cecília Farias,1950-09-20,F,76,6,
3407,746137588203004,Pedro Henrique Ramos,1993-01-29,M,33,5,
3408,710311341498278,Sra. Raquel Farias,2017-05-20,F,9,5,
3409,776807877975321,Ana Beatriz Garcia,1969-12-22,F,57,6,
3410,789153819386687,Ana Borges,2020-12-28,F,6,2,
3411,796056324943636,Júlia Martins,1956-01-07,F,70,10,
3412,780065933818159,Isabella Costa,1977-08-25,F,49,9,
3413,795220048631354,Gael Melo,2010-12-18,M,16,3,
3414,767022998697937,Ana Lívia Marques,2001-03-15,F,25,8,2025-11-16
3415,728489358806885,Melissa Santos,2001-06-05,F,25,5,2025-10-07
3416,777114932669288,Antonella Gonçalves,1956-10-25,F,70,2,
3417,740844000436067,Clara da Cruz,1969-06-06,F,57,3,
3418,787892931135205,Valentim Pastor,1978-12-05,M,48,6,
3419,763014002053393,Maya Novaes,1958-10-05,F,68,6,
3420,777403036436203,Eduarda Moura,1971-02-14,F,55,3,
3421,761173968447340,Ana Sophia Araújo,1988-04-28,F,38,9,
3422,741275917001160,Ana Costa,1951-07-23,F,75,10,
3423,781335015305181,Isadora Rocha,2001-06-29,F,25,9,2026-03-03
3424,733612525560559,Eloá Martins,2021-04-13,F,5,10,
3425,737828354203270,Gabrielly Costela,1992-01-22,F,34,2,
3426,777685001824673,Mariane Castro,2008-12-11,F,18,8,
3427,739486704251636,Raquel Montenegro,1991-07-25,F,35,2,2026-03-01
3428,758489298689413,Sophia Monteiro,1951-10-01,F,75,6,
3429,714851389855237,Cecilia Brito,2008-05-04,F,18,9,2026-02-20
3430,730099754538276,Camila Rezende,2009-08-12,F,17,6,
3431,729813341145821,Alexandre Marques,1962-02-19,M,64,10,
3432,780184799337102,Caroline Oliveira,2018-05-28,F,8,8,
3433,789491926703764,Srta. Beatriz Fonseca,1949-04-18,F,77,1,
3434,727725888760391,Dra. Maria Sophia Ramos,1960-10-25,F,66,4,
3435,781602461721601,Stephany Vieira,1993-04-03,F,33,7,
3436,786333514004349,Anthony Gabriel Fonseca,1944-07-25,M,82,9,
3437,719938808936954,Maria Isis Azevedo,2002-05-06,F,24,4,
3438,735709336632505,Maria Alice Pimenta,1990-03-19,F,36,4,
3439,767861182517633,Ana Júlia Camargo,2020-03-16,F,6,9,
3440,715855827301731,Maria Julia Nunes,1971-01-13,F,55,5,
3441,797895532314890,Ravy da Luz,2003-05-23,M,23,5,
3442,771383554784615,Dr. Dante Pires,1982-12-23,M,44,2,
3443,768241325304548,Stephany Mendonça,1974-12-18,F,52,10,
3444,753660610229366,Lorena da Mota,1940-08-08,F,86,9,
3445,781549533220714,Olívia Cunha,2012-04-22,F,14,7,
3446,758018062162598,Caroline Pimenta,1964-04-01,F,62,4,
3447,755800009967525,Eloá da Luz,1942-11-25,F,84,9,
3448,738590834972973,Heloisa Aparecida,2018-06-15,F,8,3,
3449,793831393252631,Dra. Larissa da Rocha,1945-06-30,F,81,5,
3450,792700502211321,Calebe da Rocha,1987-09-13,M,39,4,
3451,726477959210558,Sr. Thomas Rocha,1969-01-06,M,57,6,
3452,738154076883439,Yago Barbosa,1956-03-03,M,70,5,
3453,770951453295045,Heitor Pires,1974-09-23,M,52,7,
3454,779081972712239,Sra. Esther Fogaça,1958-02-28,F,68,6,
3455,750037837590148,Eloá Viana,2004-10-30,F,22,9,
3456,743485167769909,Maria Alice Macedo,2011-11-29,F,15,3,
3457,787473655583856,Pietra da Paz,2005-11-07,F,21,6,
3458,798723271784809,Heloísa da Luz,1966-03-23,F,60,9,
3459,798416101498254,Bruno Macedo,1943-12-25,M,83,2,
3460,794945894819245,Otávio Ferreira,1980-11-07,M,46,3,
3461,754673870964015,Dra. Maria Fernanda Cunha,2010-01-20,F,16,6,
3462,787546584256891,Lavínia Novaes,2015-10-16,F,11,2,
3463,763182214874217,Maria Luiza Costela,1999-04-26,F,27,1,2025-10-23
3464,798775706548115,Alice Fogaça,1952-06-30,F,74,5,
3465,796174467323826,Paulo Sousa,1970-02-20,M,56,8,
3466,766332355325646,Maria Alice Pereira,1948-01-30,F,78,5,
3467,775838568676730,Camila Moura,1957-07-29,F,69,8,
3468,781299829477814,Ana Lívia Guerra,1957-06-08,F,69,10,
3469,711878563671458,Eloá Cavalcanti,1998-07-25,F,28,10,
3470,794605329519851,Melina Silveira,2007-10-28,F,19,3,
3471,785126384755304,Luiz Felipe Dias,1990-06-29,M,36,4,
3472,796914604059790,Yasmin Novais,1972-02-25,F,54,3,
3473,765297608692969,João Vitor Correia,1966-03-04,M,60,1,
3474,731125379338329,Maria Júlia Freitas,1946-03-10,F,80,10,
3475,760593493913351,Juliana Porto,2000-03-12,F,26,7,
3476,799614011130026,Pedro Henrique da Costa,2023-12-12,M,3,6,
3477,755512453310613,Rafaela Viana,1985-05-14,F,41,5,
3478,768918806254927,Isabella Borges,1990-10-30,F,36,10,2025-08-24
3479,733103638582684,Gustavo Henrique Sousa,1957-08-30,M,69,4,
3480,768812669345078,Luara Freitas,1959-06-18,F,67,9,
3481,778270084688631,Allana Rocha,1946-05-14,F,80,7,
3482,797727398200198,Larissa Correia,1968-10-12,F,58,4,
3483,754491071878834,Sra. Isabela Porto,1956-07-17,F,70,3,
3484,764095460370051,Maria Clara da Conceição,1953-09-29,F,73,8,
3485,772818493505177,Ayla Pimenta,1999-09-24,F,27,4,
3486,730807745390562,Isadora Rios,1966-11-06,F,60,2,
3487,778771254932658,Cecília da Mota,1975-11-06,F,51,3,
3488,714684110108156,João Vitor Ramos,1993-08-22,M,33,5,
3489,716161062951258,Isabela Carvalho,1975-09-21,F,51,6,
3490,774531465031762,Sr. Gustavo Henrique Viana,2000-09-30,M,26,5,
3491,781059746960577,Apollo Moura,1944-02-05,M,82,5,
3492,741479278807560,Joana Aragão,1992-10-29,F,34,2,
3493,794156976013597,Elisa Vargas,1961-12-01,F,65,6,
3494,766652911559420,Bruna Teixeira,1978-02-21,F,48,7,
3495,794240564850685,Yasmin Novais,2022-01-06,F,4,8,
3496,711410906055535,Isaque Fogaça,1959-03-09,M,67,2,
3497,785196935740626,Dra. Bruna Nunes,1988-05-31,F,38,6,2025-08-21
3498,796670037944162,Luana Rios,1988-01-11,F,38,10,
3499,741250570395548,Brayan Melo,2023-10-26,M,3,7,
3500,786014500931829,Helena Melo,2014-11-02,F,12,2,
3501,789771456826864,Luiza Monteiro,1961-07-29,F,65,6,
3502,717914161297755,Danilo Vasconcelos,1977-03-03,M,49,5,
3503,764422906862230,Aurora Guerra,1990-07-10,F,36,3,
3504,716185363584931,Maria Júlia Sampaio,1975-04-19,F,51,3,
3505,798874110820383,Zoe da Conceição,1988-11-29,F,38,7,
3506,728872226886174,Isabella Cavalcanti,2007-02-20,F,19,3,
3507,782469524395763,Valentim Barros,2020-04-21,M,6,6,
3508,755892727779480,Francisco Montenegro,2016-03-12,M,10,6,
3509,731603950681533,Eloah Garcia,1952-03-12,F,74,2,
3510,787040367572945,Olivia Pacheco,1994-09-21,F,32,6,
3511,789237826662914,Benjamin Castro,2018-10-30,M,8,6,
3512,739696492899943,Larissa Carvalho,1953-03-11,F,73,1,
3513,711625165947376,Théo Garcia,1946-10-31,M,80,8,
3514,741984986226262,João Felipe Mendes,1943-12-15,M,83,2,
3515,777705366112158,Apollo Guerra,1970-08-03,M,56,2,
3516,733792396419800,Antony Pires,1981-09-03,M,45,7,
3517,729699421816096,Maria Flor Teixeira,1966-02-02,F,60,6,
3518,738583268714998,Emanuel Nogueira,1994-11-20,M,32,6,
3519,779938555707130,Dra. Maria Cecília Montenegro,1940-06-11,F,86,3,
3520,763651477111701,Isabelly Barbosa,2011-06-19,F,15,6,
3521,721939044718196,Isabela da Luz,1963-09-21,F,63,8,
3522,721925155880192,Leandro Martins,1993-09-24,M,33,5,
3523,771588614513824,Sr. Miguel Silveira,1956-04-17,M,70,6,
3524,711564868220363,Sr. Otávio Castro,2012-04-09,M,14,10,
3525,715223029917285,Maria Clara Rodrigues,1998-01-14,F,28,9,
3526,781192514523340,Kaique Teixeira,2005-05-31,M,21,5,
3527,788315094830324,Hellena Moraes,1991-05-04,F,35,2,
3528,738252937762760,Fernando Caldeira,1998-05-27,M,28,4,
3529,797864107898765,Mirella Fogaça,2006-02-07,F,20,9,
3530,792666224664102,Anthony Viana,2006-10-18,M,20,10,
3531,729752978672655,Mariane Aragão,1945-05-14,F,81,5,
3532,718721206350301,Ana Laura Costela,2002-02-06,F,24,10,
3533,714861688201706,Sr. Nicolas Camargo,2014-12-24,M,12,5,
3534,785503486970158,Eloah Gonçalves,1967-03-16,F,59,8,
3535,772459283921133,Maria Flor Nunes,2003-08-20,F,23,7,2025-12-02
3536,773651344230341,Luiz Henrique Dias,1975-03-12,M,51,6,
3537,718604848686729,Stella Pires,1977-03-25,F,49,8,
3538,711275241879867,Maria Julia Castro,1946-12-19,F,80,5,
3539,776516988921280,Ágatha Abreu,1996-02-05,F,30,10,
3540,721401998014772,Ana Julia Guerra,1977-07-31,F,49,9,
3541,728465883271835,Dra. Eduarda Sales,1983-08-28,F,43,10,2025-10-17
3542,775853830418488,Ryan da Paz,2018-01-13,M,8,4,
3543,733328858976156,Ana Beatriz Novaes,2015-05-31,F,11,7,
3544,715556363478900,Oliver Macedo,1981-09-15,M,45,4,
3545,791929138106496,Dra. Luísa Câmara,2018-02-23,F,8,3,
3546,742526121008912,Sabrina Camargo,1964-10-03,F,62,7,
3547,710165432283979,Sofia Duarte,1954-06-26,F,72,6,
3548,790814805850195,Maria Liz Santos,2006-09-30,F,20,6,2026-01-23
3549,767543564559230,Anna Liz Moura,2013-10-28,F,13,2,
3550,755097013488111,Isis da Conceição,1955-02-11,F,71,2,
3551,753360557483543,Catarina Carvalho,2024-02-12,F,2,4,
3552,764496100725080,Ísis Dias,1969-03-28,F,57,1,
3553,766544921603258,Juliana Sá,1977-10-16,F,49,1,
3554,740109597660458,Aurora Nascimento,1958-03-16,F,68,6,
3555,734101512951715,Isis Peixoto,2015-04-07,F,11,4,
3556,760813340952285,Ester Freitas,2022-03-06,F,4,10,
3557,787610621014237,Stella Melo,1989-10-25,F,37,9,
3558,731639091963981,Esther Rezende,1995-05-27,F,31,9,
3559,716427980788150,Lucas da Luz,1949-03-15,M,77,7,
3560,750272868009971,Sr. Théo Martins,1988-03-31,M,38,8,
3561,758781927322989,Gabriela Cunha,1949-10-28,F,77,1,
3562,712349549049716,Isabela Jesus,2016-11-06,F,10,4,
3563,766108327004530,Antônio Carvalho,1953-11-21,M,73,1,
3564,762244807737358,Melina Andrade,1987-05-06,F,39,10,2026-03-10
3565,726639541404094,Miguel Garcia,1959-08-19,M,67,6,
3566,747203583839522,Sra. Maria Cecília Sales,2022-02-07,F,4,2,
3567,774547462981510,Eduarda Albuquerque,2000-01-12,F,26,2,
3568,716830713468548,Laura Pereira,1976-11-07,F,50,2,
3569,716242274717256,Hellena Pereira,1953-07-27,F,73,6,
3570,774943386013619,Sr. Arthur Miguel Novais,2006-06-19,M,20,2,
3571,758994365584906,Melina da Costa,1940-07-15,F,86,7,
3572,782693755025804,Hadassa da Rocha,1972-06-02,F,54,7,
3573,767372262489910,Dr. Enzo Gabriel Pereira,2008-02-28,M,18,4,
3574,726952382156879,Lucas Gabriel Gonçalves,1952-04-25,M,74,10,
3575,747107550775601,Sra. Ana Carolina Montenegro,1949-05-16,F,77,8,
3576,769123552123362,Gabriela Farias,2015-02-21,F,11,10,
3577,753144784279170,Maria Luiza Rodrigues,1950-12-03,F,76,8,
3578,772099796517641,Henrique da Luz,2013-04-04,M,13,9,
3579,792351145391410,Ana Beatriz Nunes,2010-02-12,F,16,1,
3580,736930390933898,Alexia Porto,1989-09-27,F,37,1,
3581,749152089617730,Sr. Mateus Rocha,1959-10-26,M,67,5,
3582,732987959715047,Carolina Gonçalves,2000-04-29,F,26,2,
3583,718630954497795,Gael Henrique Cardoso,1998-02-20,M,28,9,
3584,782648580836305,Renan da Paz,1966-06-27,M,60,6,
3585,714937633114199,Maria Luiza Pereira,2001-08-12,F,25,6,
3586,790850180842675,Gael Henrique Duarte,1957-10-07,M,69,3,
3587,779255292959938,Ana Beatriz Moraes,1944-03-12,F,82,4,
3588,762790573518733,Benjamim Cirino,1980-04-06,M,46,2,
3589,766049627320525,Dr. Luiz Otávio Araújo,1960-09-28,M,66,1,
3590,775958780257079,Srta. Bruna da Cruz,2005-08-15,F,21,6,
3591,763270771177949,Sra. Bianca Barbosa,1944-09-22,F,82,5,
3592,775516632681869,Alícia Abreu,2017-11-27,F,9,9,
3593,777562497750474,Igor Almeida,2002-04-03,M,24,3,
3594,714121562482704,Srta. Clarice Martins,1991-07-20,F,35,6,
3595,783900053521298,Renan Sousa,1987-12-14,M,39,3,
3596,784025472432581,Antonella Camargo,1967-05-28,F,59,3,
3597,781624951110594,Ester das Neves,1991-03-30,F,35,1,
3598,747698949251793,Srta. Giovanna da Rocha,1976-07-22,F,50,10,
3599,756642164810062,Emanuella Cassiano,2026-03-12,F,0,10,
3600,777016852127820,Dr. Luiz Otávio Borges,2020-10-30,M,6,6,
3601,713243208656473,Emanuelly das Neves,1997-11-27,F,29,8,2025-12-09
3602,733633242124478,Mirella Vieira,2020-04-13,F,6,8,
3603,788227417064039,Srta. Hadassa Aparecida,1988-01-13,F,38,10,
3604,717255024275107,Maya Silva,1991-04-08,F,35,4,2025-09-20
3605,782724753922027,Ana Laura Câmara,2011-09-09,F,15,9,2025-11-15
3606,748673501687537,Evelyn Freitas,2003-09-15,F,23,3,2025-09-20
3607,750681997148219,Ana Júlia das Neves,1953-08-02,F,73,7,
3608,767697894124931,Ísis Cardoso,1954-10-05,F,72,5,
3609,723090242455189,Allana Viana,1962-08-03,F,64,9,
3610,738395873458182,Sarah Freitas,1982-04-12,F,44,6,
3611,781390559504084,Matteo Teixeira,1946-07-23,M,80,4,
3612,729846141107797,Ana Novais,1997-02-11,F,29,2,2025-08-01
3613,763285661585895,Sr. Davi Martins,2012-02-28,M,14,5,
3614,727150422883228,Diego Cassiano,2002-08-04,M,24,6,
3615,745315245304217,Júlia da Cunha,1972-12-19,F,54,5,
3616,720227727486700,Oliver Teixeira,1942-10-19,M,84,9,
3617,725645880996995,Arthur Miguel Ferreira,2009-10-18,M,17,4,
3618,780830094868023,Antonella Vieira,2010-02-02,F,16,1,
3619,786781316845255,Olivia da Cunha,1965-03-31,F,61,1,
3620,786650259980157,Davi Lucas Barbosa,1979-01-21,M,47,9,
3621,782808005402284,Maria Flor Araújo,2022-05-06,F,4,6,
3622,755863973117205,Giovanna Rios,1970-08-09,F,56,1,
3623,783161551576996,Sr. Luiz Miguel Barros,1958-09-03,M,68,7,
3624,758556035998375,Dr. Isaque Rodrigues,1940-08-23,M,86,5,
3625,733867834059606,Carolina Aragão,2020-04-15,F,6,2,
3626,757015065421849,Bryan Gonçalves,1999-11-11,M,27,9,
3627,777731957345444,Sarah Guerra,1964-03-06,F,62,6,
3628,790274315666954,Sabrina Cavalcante,1952-04-01,F,74,7,
3629,772731603124339,Isabella Leão,2022-01-01,F,4,5,
3630,779122536727365,Anna Liz Guerra,2010-04-21,F,16,7,
3631,710130941689599,Nicole Novaes,1978-08-02,F,48,2,
3632,795585767174069,Camila Andrade,1940-07-05,F,86,7,
3633,723613831140118,Ana Liz Rocha,1967-08-10,F,59,8,
3634,742953783254817,Sofia Marques,2003-06-16,F,23,10,2026-01-28
3635,748305094521865,Clarice Sá,2006-01-24,F,20,5,
3636,737734660323050,Heloísa Marques,2002-02-05,F,24,5,2025-12-26
3637,755597166767927,Lucas Gabriel Dias,1991-04-30,M,35,5,
3638,728856481395613,Cecilia Gomes,2004-10-05,F,22,6,2025-09-07
3639,728904989667831,Dr. Dante Martins,1958-10-04,M,68,5,
3640,765808075862551,Rafaela Gomes,1979-01-26,F,47,8,
3641,785220516801375,Clarice da Mata,1943-07-14,F,83,6,
3642,791705480956764,Eloah Aragão,2025-05-04,F,1,3,
3643,798370101329298,Julia Castro,1988-06-02,F,38,1,
3644,780385014724250,Lara da Cruz,1945-05-01,F,81,5,
3645,758390105434100,Antônio Duarte,1972-01-12,M,54,3,
3646,763680137392880,Sophie Câmara,2021-02-15,F,5,1,
3647,765869848156446,Allana Santos,2018-02-01,F,8,3,
3648,727458726538595,Ana Luiza da Mata,1944-09-10,F,82,3,
3649,729730962763367,Manuela Cassiano,2022-05-28,F,4,5,
3650,798581999112939,Nina da Mota,1998-05-01,F,28,8,
3651,777359976863453,Sofia Fonseca,1941-07-04,F,85,2,
3652,724484748944840,Maria Alice Rodrigues,1975-12-29,F,51,5,
3653,721307862678552,Mariana Cavalcante,1943-02-11,F,83,2,
3654,710191919402770,Emanuelly Leão,1951-11-19,F,75,10,
3655,794686406413837,Juliana Castro,2008-11-15,F,18,5,
3656,733911541920715,Gabrielly Ramos,2013-04-16,F,13,2,
3657,738261847057085,Luiza Ferreira,1977-03-21,F,49,10,
3658,781798152339922,Dra. Maria Sophia Leão,1961-08-15,F,65,7,
3659,765367037435839,Dra. Daniela da Paz,1956-07-15,F,70,10,
3660,755009279285167,Srta. Nina Pires,1999-08-05,F,27,3,
3661,721434535369015,Maria Alice Caldeira,1958-06-23,F,68,10,
3662,781304318927917,Isaque Barros,1981-06-14,M,45,9,
3663,721491416525110,Enzo Ribeiro,1994-08-12,M,32,4,
3664,735659901371609,Bruno Camargo,1964-10-06,M,62,5,
3665,738891172296652,Mariana Rios,1955-08-14,F,71,1,
3666,782025859216697,Isis Pacheco,1967-03-10,F,59,10,
3667,793683388861238,Levi Vieira,2023-07-17,M,3,5,
3668,772383199680387,Sra. Marina Carvalho,1963-10-04,F,63,2,
3669,724441877979606,Vinicius Farias,1988-02-07,M,38,7,
3670,724574971825941,Sra. Clara Garcia,1999-12-30,F,27,3,2026-01-11
3671,765351547445762,Vitória Vieira,2001-01-19,F,25,7,2026-03-02
3672,741604329723985,Liz Pereira,1954-09-08,F,72,4,
3673,797634972878627,Luiz Fernando Vieira,1975-12-09,M,51,8,
3674,775628683414181,Léo Sá,1998-09-21,M,28,3,
3675,714697676405378,Ana Julia da Conceição,2003-09-11,F,23,5,
3676,748693031730669,Apollo Carvalho,1993-09-14,M,33,7,
3677,742970702532059,Dr. Rael Machado,1983-02-08,M,43,5,
3678,745209237832960,Kevin Santos,1966-08-19,M,60,6,
3679,715990361007005,Mateus Fonseca,2002-09-25,M,24,8,
3680,784164508593339,Clara Peixoto,1986-09-14,F,40,6,
3681,785910712127371,Natália Machado,1959-03-27,F,67,8,
3682,745919745422998,Ana Beatriz Montenegro,1981-11-20,F,45,6,2025-10-25
3683,795304821609388,Valentina Cavalcante,1983-07-16,F,43,6,
3684,744349918653544,Thomas Ribeiro,2019-11-10,M,7,7,
3685,720555654757036,Cauã Rocha,1970-12-05,M,56,7,
3686,736723891489110,Vicente Moreira,1970-02-01,M,56,5,
3687,779186211529241,Cecilia Andrade,2005-12-04,F,21,9,2025-08-10
3688,778772820153164,Maria Luísa Nascimento,1940-12-23,F,86,2,
3689,791294856358576,Dra. Marcela Andrade,2022-02-06,F,4,6,
3690,797220644814944,Davi Lucca Fernandes,1962-09-19,M,64,5,
3691,792385848741319,Isaac Farias,1976-12-06,M,50,1,
3692,736375027562338,Noah Fogaça,2008-05-08,M,18,6,
3693,720694813844552,Sra. Juliana Pereira,2022-02-11,F,4,4,
3694,780451019875620,Melissa Rocha,2019-04-04,F,7,5,
3695,721434626722145,Hellena Brito,1954-02-02,F,72,2,
3696,747771873635847,Pietro Fernandes,2013-05-15,M,13,3,
3697,736154891949485,Emanuelly Almeida,1988-07-25,F,38,1,
3698,766517950916260,Mirella Freitas,1981-01-19,F,45,1,
3699,753699628132454,Kamilly Vieira,2012-11-30,F,14,9,
3700,724534789365469,Beatriz Cassiano,1985-12-18,F,41,7,
3701,795169861690336,Nathan Pires,2023-01-02,M,3,2,
3702,743153408720051,Caroline Sá,1961-05-28,F,65,1,
3703,742764891157977,Maria Ramos,1999-11-11,F,27,10,
3704,762638939111714,Júlia Machado,1970-05-21,F,56,7,
3705,751566981997239,Esther Carvalho,1978-09-24,F,48,2,
3706,768605520723263,Sr. Rhavi Andrade,2010-11-27,M,16,9,
3707,726076499640184,Marina Camargo,1987-03-25,F,39,7,2026-03-30
3708,784779493888366,Ana Lívia Souza,2008-07-05,F,18,7,
3709,751513112653844,José Miguel Teixeira,1942-08-11,M,84,1,
3710,721975057064269,Laura da Costa,1948-09-08,F,78,10,
3711,736823297654894,Maria Julia Guerra,2010-11-09,F,16,10,
3712,785891463242374,Lavínia Cardoso,1982-04-07,F,44,9,
3713,727387812131085,Aurora Lopes,1945-12-12,F,81,8,
3714,785677835756572,Maria Isis Abreu,2003-04-25,F,23,4,
3715,752493702821590,Srta. Valentina Novais,1955-02-19,F,71,7,
3716,789729234229934,Stella Câmara,2009-08-21,F,17,2,2026-03-23
3717,777473806010237,André Garcia,1964-07-27,M,62,6,
3718,788397590412882,Esther Brito,1977-12-10,F,49,2,
3719,719423939702854,Anthony Aparecida,1948-01-20,M,78,10,
3720,786213084739905,Davi Camargo,2011-05-22,M,15,7,
3721,792477343111010,Eloah Ferreira,1960-08-11,F,66,5,
3722,790632121923819,Yasmin Lima,1981-05-28,F,45,1,
3723,756228680566750,Aylla da Cunha,2003-03-21,F,23,2,
3724,764310823415541,Melina Moreira,2021-01-16,F,5,4,
3725,792102317484752,Dra. Caroline Camargo,1963-06-02,F,63,8,
3726,712440195699035,Fernanda Andrade,2013-11-10,F,13,5,
3727,797096466142153,Fernanda Abreu,1945-01-23,F,81,2,
3728,766001312675226,Maria Júlia Ferreira,2008-09-08,F,18,4,
3729,739809635509873,Raquel Guerra,1953-06-25,F,73,5,
3730,779815850200460,Aylla Moura,2012-11-16,F,14,2,
3731,740206377942117,Julia Fonseca,2020-08-24,F,6,7,
3732,727489010271504,Dr. Enzo Vasconcelos,1960-04-06,M,66,5,
3733,750450051767245,Amanda Silveira,1948-07-24,F,78,5,
3734,727869884996979,Eloah Ribeiro,1987-10-23,F,39,10,
3735,777478531555396,Antônio Sampaio,2003-07-24,M,23,1,
3736,786909684124103,Marina Duarte,2009-01-11,F,17,1,2025-10-16
3737,771266915794003,Maria Luísa Ribeiro,1992-07-13,F,34,9,
3738,767742283937409,Maria Helena Ramos,1968-05-01,F,58,10,
3739,730225978101726,Dr. Juan Vargas,1982-11-21,M,44,5,
3740,747736296137548,Noah Caldeira,1954-11-24,M,72,7,
3741,713965999168481,Pedro Costa,1954-01-07,M,72,10,
3742,712163251873695,Henrique Pimenta,1966-08-06,M,60,1,
3743,795111421219315,Bernardo Pereira,1982-02-26,M,44,5,
3744,781395027891031,Sra. Júlia Câmara,1949-08-13,F,77,9,
3745,751082467548498,Larissa das Neves,1951-10-02,F,75,8,
3746,752181443751456,Leonardo Albuquerque,1996-09-11,M,30,3,
3747,726593345448408,Srta. Maria Sophia Leão,1991-04-12,F,35,6,
3748,711583701807426,Aylla Martins,1979-03-08,F,47,6,
3749,763772482746281,Marcela Rocha,1943-08-03,F,83,5,
3750,741157054909642,Antonella Pacheco,2019-08-03,F,7,8,
3751,714627578580885,Valentim Nogueira,2018-02-04,M,8,3,
3752,767850320215020,Theo Lopes,2004-02-21,M,22,4,
3753,732785658343479,Olivia Borges,2013-01-23,F,13,10,
3754,792457170017812,Elisa Jesus,2000-04-22,F,26,2,
3755,774603132959350,Arthur Gabriel Farias,2025-01-06,M,1,1,
3756,798300119991776,Ravi da Rosa,1962-01-05,M,64,4,
3757,775394532089475,Sarah Dias,2019-12-04,F,7,2,
3758,714452043661416,Sra. Ana Nascimento,2009-01-17,F,17,8,
3759,751597158650973,Davi Luiz Guerra,1949-07-09,M,77,9,
3760,716946504573684,Gael Henrique Melo,1982-10-19,M,44,6,
3761,773948871393114,Gabrielly Camargo,2024-02-28,F,2,2,
3762,752546511121045,Valentina Silveira,2016-07-29,F,10,8,
3763,783286514268563,Dante Oliveira,1946-08-19,M,80,2,
3764,716635681142946,Brenda Castro,1994-10-19,F,32,4,2025-09-07
3765,737093487664844,Maria Laura Casa Grande,1999-12-18,F,27,10,
3766,738422977490233,Maria Julia Costela,1941-11-02,F,85,6,
3767,719189789242884,Kamilly Camargo,2001-05-29,F,25,6,
3768,737329141545959,Maria Cecília Gomes,1954-05-06,F,72,10,
3769,747500566336143,Maria Melo,1957-05-23,F,69,8,
3770,731596103923453,Luiz Henrique Viana,1971-04-07,M,55,9,
3771,777897444099483,Allana Pastor,1945-06-17,F,81,2,
3772,775633906140465,José Pedro Pires,1950-10-25,M,76,8,
3773,757160714005465,Sra. Maria Cecília Borges,1959-08-22,F,67,9,
3774,796416834697189,Srta. Bianca Vargas,1980-04-13,F,46,5,
3775,757428111114431,Maitê Mendonça,1955-12-13,F,71,3,
3776,739047406613227,Manuela Jesus,1969-08-16,F,57,1,
3777,727904449287481,Sr. Felipe Monteiro,1989-06-25,M,37,10,
3778,777826885607480,Gabrielly Duarte,1988-04-12,F,38,10,
3779,761489353992541,Sr. Theodoro Cardoso,1977-12-16,M,49,5,
3780,755562801796851,Eloah Moreira,2017-09-10,F,9,8,
3781,722606575595684,Maria da Mata,1952-02-17,F,74,3,
3782,736769509086458,Mariana Monteiro,1963-03-22,F,63,1,
3783,714379674897635,Luiza Martins,2022-07-25,F,4,5,
3784,735428475221164,Kevin Pinto,1951-03-04,M,75,1,
3785,785389274481955,Otávio Pires,1966-01-31,M,60,3,
3786,732932952393195,Jade da Rosa,1949-05-30,F,77,5,
3787,735536680572986,Srta. Maria Cecília Vasconcelos,1996-09-18,F,30,4,
3788,780396675609818,Dr. Gustavo Martins,1989-01-10,M,37,7,
3789,747614356786580,Maria Sophia Dias,2008-08-29,F,18,8,
3790,738927037047833,Maria Luiza Monteiro,1981-09-18,F,45,9,
3791,714189802544467,Ísis Peixoto,1994-07-04,F,32,1,2025-08-23
3792,743072652115357,Sara Sousa,2015-05-18,F,11,2,
3793,744289463251275,Isabela Viana,1945-02-23,F,81,7,
3794,772639916711775,Luna Sampaio,1992-07-08,F,34,10,2025-12-23
3795,726765132271874,Sophia Vargas,1979-01-28,F,47,6,
3796,735343538095084,Kamilly Azevedo,1944-08-24,F,82,6,
3797,790237641564112,Nathan Aparecida,1947-01-26,M,79,9,
3798,770021197556125,Sr. Liam da Paz,1963-09-05,M,63,7,
3799,792476664308292,Sabrina Lima,1995-12-11,F,31,2,
3800,734955484135772,Maria Costela,1962-02-19,F,64,10,
3801,723703754433964,Srta. Lívia Oliveira,1941-05-03,F,85,5,
3802,714782360493626,Marcela Ramos,1987-10-01,F,39,1,
3803,766340287267846,André Carvalho,2015-11-10,M,11,4,
3804,779987442553619,Rodrigo Oliveira,2008-02-05,M,18,10,
3805,776055130623858,Sra. Maria Helena Novais,1987-08-05,F,39,2,
3806,748040859081824,Raul Andrade,2012-08-05,M,14,6,
3807,733881860519650,Kamilly Pinto,1951-05-10,F,75,3,
3808,746467753081318,Isaque Cirino,2020-10-12,M,6,1,
3809,728216774192664,Lunna da Mata,1992-04-28,F,34,6,
3810,735506109269201,Sr. Igor Câmara,1988-04-25,M,38,10,
3811,789990923969128,Theo Rodrigues,1944-01-28,M,82,2,
3812,750458900096774,Fernando Mendes,2024-07-25,M,2,9,
3813,718137908573118,Amanda Nascimento,1943-08-26,F,83,2,
3814,772441955060790,Srta. Ana Liz Cardoso,1957-07-29,F,69,5,
3815,716930870304176,Sophie Lopes,1986-04-01,F,40,8,
3816,739791160728720,Júlia Correia,2026-04-22,F,0,1,
3817,759319097347077,Maria Clara Rocha,1944-09-23,F,82,9,
3818,713058749537644,Ísis Rezende,2020-01-16,F,6,1,
3819,715232597085686,Olívia Siqueira,1988-03-20,F,38,2,
3820,760609692275864,Sra. Alana Camargo,1966-05-07,F,60,3,
3821,789670734591318,Léo Monteiro,1976-06-09,M,50,2,
3822,752353564434896,Ana Lívia Pires,1953-12-19,F,73,1,
3823,716451514798827,Aurora Lima,1971-08-25,F,55,2,
3824,761343149786862,Sra. Luísa Araújo,2016-09-17,F,10,1,
3825,736693769401762,Sabrina Rocha,1953-09-04,F,73,5,
3826,728326567499664,João Lucas da Rocha,1978-11-28,M,48,6,
3827,710027772253129,Yuri Vieira,1999-10-07,M,27,5,
3828,744538387060095,Mateus da Mota,1995-03-04,M,31,9,
3829,731935267607354,Agatha Castro,1984-01-25,F,42,10,
3830,742690018516144,Vitória Nunes,1959-02-18,F,67,2,
3831,723365440755567,Ravi Lucca Gomes,1983-04-03,M,43,4,
3832,793153299359479,Maria Eduarda da Luz,1946-11-02,F,80,2,
3833,757964546717548,Lara Barros,1973-02-19,F,53,10,
3834,774173877772288,Benicio Dias,1958-04-08,M,68,9,
3835,792123590968286,Liz Cassiano,1943-01-27,F,83,9,
3836,716184830889061,Luiz Gustavo Gomes,2023-06-06,M,3,4,
3837,775302325201883,Dr. Yan Silva,1992-09-24,M,34,5,
3838,737125856131341,Maria Júlia Mendonça,1955-06-05,F,71,2,
3839,783575368876862,Caio Nascimento,1964-03-22,M,62,5,
3840,789435314278187,Davi Miguel da Mota,1994-01-17,M,32,5,
3841,779751504510757,Luan Silveira,1977-02-28,M,49,5,
3842,787332986804466,Emanuella Garcia,1964-12-29,F,62,9,
3843,763517484154600,Liz Cavalcante,1994-09-30,F,32,8,
3844,785662520925045,Ana Lívia Vargas,1968-10-24,F,58,7,
3845,785133384659867,Maria Fernanda Teixeira,1982-10-27,F,44,1,
3846,749840773244679,Beatriz Sales,2022-06-20,F,4,1,
3847,716312359085143,Sr. Calebe Fogaça,1965-12-31,M,61,1,
3848,799404975415787,Lavínia Carvalho,2007-11-27,F,19,4,
3849,712140379912126,Cecilia Silva,1986-01-22,F,40,4,
3850,724265570632427,Raquel Santos,2004-05-12,F,22,2,2025-09-09
3851,754595090854635,Sra. Maria Cecília Sousa,2021-05-09,F,5,5,
3852,768018297032064,Ana Sampaio,2012-05-22,F,14,4,
3853,720422453602679,Mariah Caldeira,1965-10-18,F,61,6,
3854,791780022553213,Manuella Caldeira,1977-12-28,F,49,5,
3855,772459850711346,Luiza Barbosa,2008-03-14,F,18,5,2025-09-02
3856,786348097887738,Ísis da Cunha,1960-12-09,F,66,1,
3857,788411790535681,Ana Vitória da Conceição,2005-03-26,F,21,7,
3858,718792113976552,Dra. Cecília Souza,2006-07-12,F,20,6,
3859,750183129244096,Sra. Ana Lívia Moura,1994-11-28,F,32,7,2025-09-29
3860,710614157034834,Vinícius Leão,1969-12-31,M,57,9,
3861,733703144285479,Sarah Barros,1957-07-16,F,69,1,
3862,783542384972906,Mateus Cassiano,2005-10-28,M,21,5,
3863,718541301578896,Joana Nogueira,1982-08-17,F,44,6,
3864,741727350460603,Igor Lima,1943-09-23,M,83,8,
3865,763225216527504,Ana Vitória Fernandes,1973-12-13,F,53,3,
3866,713925739402442,Marina da Mota,2000-01-01,F,26,4,
3867,755018096305764,Olívia Moura,1969-08-27,F,57,1,
3868,773323653329392,Agatha Gonçalves,2020-07-24,F,6,2,
3869,737174213943259,Hadassa Albuquerque,1967-01-30,F,59,3,
3870,780186908623640,Vitor Silva,1975-07-07,M,51,7,
3871,766154637806346,Isabel Ribeiro,2013-12-03,F,13,6,
3872,720700827394978,Nicole Gomes,2011-12-19,F,15,1,
3873,793438557055958,Sr. Enrico Borges,1977-04-14,M,49,5,
3874,723121924147460,Ana Liz da Costa,1973-10-30,F,53,8,
3875,721267573146145,Aurora Silva,1964-09-09,F,62,10,
3876,738838258489380,Sabrina Araújo,2003-08-15,F,23,4,
3877,778858618318796,Enrico Castro,2005-08-28,M,21,2,
3878,748264825074398,João Vitor Macedo,1989-10-08,M,37,5,
3879,796221135551881,Diogo da Paz,2020-06-22,M,6,2,
3880,714077908814250,Ayla da Rosa,1963-09-04,F,63,2,
3881,717481561017915,Antony Lima,2002-01-08,M,24,4,
3882,771531905481832,Marina Nunes,1981-09-25,F,45,1,
3883,792834573511152,Dr. Lucas Gabriel Câmara,2017-11-06,M,9,5,
3884,720972964030425,Asafe Vargas,1950-03-07,M,76,10,
3885,758529833097145,Rafael Moura,1976-02-22,M,50,1,
3886,718093828879015,Bento Nunes,1978-05-10,M,48,5,
3887,725496823679915,Anthony Cardoso,2007-03-27,M,19,9,
3888,743298719630458,Raquel Montenegro,1953-11-05,F,73,8,
3889,777759205364439,Dra. Isabella Gonçalves,2008-05-13,F,18,10,2025-12-18
3890,743189994831880,Júlia Rezende,1946-09-30,F,80,8,
3891,783180089761600,Dra. Olívia Carvalho,1997-11-22,F,29,2,2025-10-25
3892,748907401541833,Heloisa Moura,1968-05-30,F,58,6,
3893,750131213395353,Dr. Brayan Abreu,1955-02-05,M,71,6,
3894,739637197600399,Dra. Maria Julia Abreu,1945-10-24,F,81,4,
3895,745308413553793,Heloisa Rocha,1948-01-10,F,78,8,
3896,762727567029671,Maria Júlia Marques,1974-05-08,F,52,3,
3897,760058829562214,Maria Helena Cirino,2014-07-12,F,12,7,
3898,770276233614591,Srta. Laura Sousa,2017-05-20,F,9,8,
3899,786851238710456,Liam Fogaça,2016-03-07,M,10,5,
3900,761019467600965,Alexia da Paz,2006-11-18,F,20,1,
3901,789117994051401,Mariana Rodrigues,1990-01-28,F,36,4,2026-02-05
3902,785552205704336,Sofia Cavalcante,1987-03-06,F,39,1,
3903,762043629065860,Dra. Maria Isis Nascimento,1976-07-28,F,50,9,
3904,773648740720060,Henry Gabriel Caldeira,1968-12-25,M,58,6,
3905,789682556076485,Josué Teixeira,2017-07-30,M,9,2,
3906,710844095873699,Dra. Ana Sophia Sá,2018-08-11,F,8,5,
3907,787610788725081,Ana Rodrigues,1984-02-20,F,42,8,
3908,723195450636522,João Miguel Azevedo,2002-09-10,M,24,3,
3909,767210733389482,Sra. Caroline Peixoto,1950-08-11,F,76,7,
3910,793597812524160,Gustavo Pires,2010-08-16,M,16,8,
3911,755776644398406,Enzo Gabriel Jesus,1990-12-09,M,36,3,
3912,794404811610196,Enrico Azevedo,1949-01-27,M,77,6,
3913,763218076576508,Isadora Carvalho,1953-08-06,F,73,7,
3914,768906367022390,Dra. Fernanda Costa,1950-12-15,F,76,1,
3915,735544929358695,Pietra Correia,1974-04-16,F,52,7,
3916,765017883058886,Alana Dias,2012-10-26,F,14,6,
3917,792795557062484,Marcela Abreu,1965-11-26,F,61,6,
3918,768713966057048,Sra. Lorena Peixoto,1956-04-29,F,70,7,
3919,790700040512075,Dr. Dante Rezende,1941-12-05,M,85,10,
3920,768767900573344,Laís Abreu,2002-11-08,F,24,9,
3921,783657133633448,Emanuel Leão,2010-06-30,M,16,8,
3922,742320243558709,Rafaela Almeida,2019-07-22,F,7,3,
3923,750437642025167,Letícia Rios,1948-12-30,F,78,1,
3924,791491123758857,Joaquim Correia,1995-08-10,M,31,9,
3925,723125140742709,Srta. Manuella Moreira,2008-07-16,F,18,2,
3926,721633571462840,Maya da Costa,1998-08-01,F,28,7,
3927,753445419696081,Ravi Martins,1977-05-12,M,49,7,
3928,714085722525174,Diogo Cavalcante,1995-10-28,M,31,10,
3929,759383201875676,Lucas Vargas,1970-08-27,M,56,10,
3930,776590343709047,Pietro Silveira,1982-09-26,M,44,6,
3931,754369606494491,Maria Sophia Farias,1980-01-13,F,46,5,
3932,719618819561075,Erick Monteiro,1946-10-14,M,80,8,
3933,716800782752689,Maria Luiza Barbosa,2022-04-02,F,4,5,
3934,790157767678420,Julia Ribeiro,1944-10-19,F,82,2,
3935,789041980915908,Luigi Macedo,1960-04-28,M,66,8,
3936,713061416217414,Ana Júlia Oliveira,2013-09-23,F,13,4,
3937,728220602574935,Emanuelly Fonseca,1987-11-15,F,39,8,
3938,762283370121666,Ester Monteiro,1995-04-14,F,31,5,
3939,715229333249637,Marina Rocha,2001-06-27,F,25,1,2026-01-31
3940,782582273017046,Gabrielly da Costa,2017-12-06,F,9,10,
3941,799697843523231,Sra. Joana Leão,1946-11-26,F,80,8,
3942,763262842156120,Sophie Pires,1951-04-08,F,75,3,
3943,731394906034272,Letícia Correia,1979-04-13,F,47,1,
3944,764674449090780,Fernando Silveira,1949-11-17,M,77,2,
3945,789579686943587,Eloá Rezende,1994-07-23,F,32,3,2025-09-15
3946,741556863935874,Igor Vargas,2018-07-23,M,8,8,
3947,763287987301712,Ana Clara Siqueira,1960-08-05,F,66,4,
3948,742067571431959,Gabrielly Cunha,1966-03-01,F,60,6,
3949,770122384690253,Ayla Moreira,1977-11-18,F,49,4,
3950,799775854338994,Mateus Pimenta,2006-06-16,M,20,4,
3951,713396453865460,Luiz Felipe Machado,2013-05-12,M,13,9,
3952,742962743836950,Dra. Beatriz Cavalcante,1946-10-09,F,80,7,
3953,766463894881276,Giovanna Borges,2005-05-26,F,21,2,
3954,710759307078691,Maria Luísa Pacheco,1994-11-27,F,32,8,
3955,741871657559599,Leandro Rios,1972-10-20,M,54,2,
3956,717160908269960,Ester Viana,1971-03-28,F,55,8,
3957,784949944789334,Lunna Siqueira,1953-11-04,F,73,8,
3958,736717159979432,Caroline Costela,1951-07-04,F,75,10,
3959,796591686927108,Sr. Pedro Henrique Duarte,2024-04-30,M,2,1,
3960,768074894072162,Davi Luiz Novaes,1980-04-07,M,46,1,
3961,760941142609758,José Miguel Aparecida,1952-08-08,M,74,7,
3962,733287269135187,Sra. Ágatha Oliveira,2003-07-29,F,23,2,
3963,799877081452697,Dr. Mathias Teixeira,2011-04-26,M,15,9,
3964,758659247342724,Maria Helena Gonçalves,2011-07-13,F,15,5,
3965,793390177596754,Sr. Thiago Souza,1958-04-19,M,68,4,
3966,725629419625953,Matheus Santos,2014-08-19,M,12,9,
3967,726756797100814,Danilo Melo,1954-06-29,M,72,8,
3968,783901243795786,Gael Henrique Sousa,1965-12-25,M,61,1,
3969,732699267334841,Aylla Vasconcelos,1989-01-22,F,37,6,2025-10-11
3970,740184364532201,Hellena Marques,1972-12-05,F,54,9,
3971,779439683852110,Sarah Souza,1989-06-09,F,37,5,
3972,749482216731429,Kamilly Dias,1978-02-12,F,48,3,
3973,771059227501190,Agatha Câmara,1945-10-19,F,81,3,
3974,779881221663550,Dra. Letícia das Neves,2017-08-29,F,9,5,
3975,776752579170796,Henry Gabriel Macedo,1999-05-28,M,27,4,
3976,778092540807861,Emanuella Teixeira,1957-01-30,F,69,9,
3977,750582853107053,Brenda Oliveira,2023-05-03,F,3,2,
3978,762120521543001,Marcelo das Neves,2015-04-07,M,11,8,
3979,754057553259632,Hellena da Costa,1975-07-03,F,51,6,
3980,766757362684036,Ian Marques,1980-02-18,M,46,3,
3981,787247301970095,Bruna Andrade,1947-07-09,F,79,8,
3982,781681432452725,Clara da Conceição,2001-02-13,F,25,2,
3983,781165754771281,Pedro Miguel Araújo,1964-02-04,M,62,8,
3984,778827753891638,Pietro Silva,1976-10-24,M,50,5,
3985,789879816098348,Luigi da Paz,2023-02-25,M,3,6,
3986,762944554363167,João Guilherme da Paz,2024-11-24,M,2,10,
3987,745619664945094,Arthur Gabriel Sousa,2021-01-28,M,5,2,
3988,739519948943174,Alice Vargas,2018-02-18,F,8,9,
3989,726084350432579,Gabriela Rodrigues,1942-12-06,F,84,4,
3990,777403952691092,Sra. Alice Casa Grande,2005-11-27,F,21,2,
3991,710899206028624,Laís Abreu,1943-08-18,F,83,7,
3992,729047168188795,Mathias Costela,1999-04-14,M,27,5,
3993,734910284562453,Aylla Leão,1972-09-28,F,54,10,
3994,761066002313824,Sra. Sara Farias,2010-11-07,F,16,4,2026-01-09
3995,722596903069595,Leandro Cardoso,1969-01-06,M,57,1,
3996,743395965695330,Leandro Fernandes,1964-10-25,M,62,6,
3997,771049608284121,Sr. Bernardo Carvalho,2022-01-06,M,4,6,
3998,791114276712285,Dra. Alana Teixeira,1963-10-01,F,63,2,
3999,738752243412616,João Gabriel Sousa,1941-10-12,M,85,9,
4000,728514014626870,Dr. Leandro Leão,2016-02-06,M,10,1,
4001,758834352003395,Sara Pires,1992-08-25,F,34,9,2026-03-19
4002,711763691184811,Thomas Pinto,1946-03-19,M,80,4,
4003,723331733100879,Mirella Melo,2025-06-13,F,1,1,
4004,742658912635985,Maya Gomes,1951-12-21,F,75,10,
4005,774834467090705,Levi Peixoto,2012-09-29,M,14,10,
4006,778236571026879,Dra. Laís Rocha,1981-12-12,F,45,7,
4007,718241087736298,Isabela Albuquerque,1964-02-23,F,62,5,
4008,719035481885353,Luna Casa Grande,1978-06-27,F,48,10,
4009,715664182419546,Sr. Henry Almeida,1941-03-05,M,85,4,
4010,711581138717439,Luiz Henrique Casa Grande,1964-05-06,M,62,2,
4011,753154059052778,Laura Rezende,2002-12-07,F,24,10,
4012,733595335101202,Sra. Ágatha Cavalcante,1956-11-18,F,70,1,
4013,722086684137048,Sarah Pacheco,1969-03-16,F,57,6,
4014,765115828341836,Esther Lima,1953-12-20,F,73,5,
4015,735388280358973,Camila Viana,1995-06-03,F,31,3,
4016,756894656376203,Bianca Moraes,1974-10-16,F,52,9,
4017,720106581778267,Nicole Rezende,1964-12-31,F,62,6,
4018,771879773541620,Apollo Viana,1945-11-15,M,81,7,
4019,737095689181377,Ana Julia da Costa,1945-01-30,F,81,1,
4020,786217909850650,Dr. Matheus Rocha,1991-05-03,M,35,7,
4021,744659874231024,Daniela Vasconcelos,1954-02-04,F,72,4,
4022,781266475029404,Antônio Guerra,1962-10-23,M,64,1,
4023,755715892823167,Maria Alice Pires,2010-01-04,F,16,10,
4024,712879859068992,Maria Clara da Mota,1985-10-05,F,41,9,
4025,719067346496658,Maria Flor da Conceição,1989-05-01,F,37,8,2025-10-25
4026,796598405184595,Luana Monteiro,1941-09-25,F,85,1,
4027,763383704043969,Lunna Dias,2001-03-29,F,25,7,
4028,764300122886828,Ana Beatriz Nascimento,2013-02-21,F,13,6,
4029,772183993494493,Dr. Nathan Pastor,2004-05-15,M,22,3,
4030,723936214142162,Maria Julia Albuquerque,1953-06-20,F,73,6,
4031,718933318022081,Eloah Peixoto,1961-01-23,F,65,5,
4032,744412325220912,João Pedro Ferreira,1963-03-11,M,63,9,
4033,751777208617236,Cauã Caldeira,1992-03-11,M,34,7,
4034,712858580554792,Bernardo Costa,1959-06-22,M,67,8,
4035,795545430452615,Ágatha Teixeira,2025-03-23,F,1,2,
4036,742930704258778,Mariah Mendonça,1967-10-09,F,59,6,
4037,710456898554993,Marina Sampaio,2012-07-08,F,14,1,
4038,724533875879770,Srta. Ana Liz Aparecida,1944-02-24,F,82,4,
4039,795333714395222,Sr. João Miguel Alves,1944-09-26,M,82,9,
4040,798281613682385,Caleb Brito,2003-03-24,M,23,9,
4041,712933750123039,Maria Eduarda Pimenta,2007-04-13,F,19,6,
4042,797425459149524,Alana Pastor,1988-03-02,F,38,5,
4043,793062021386047,Marcelo Pereira,1996-11-13,M,30,7,
4044,782038454543252,Dra. Emanuella Costela,1975-09-06,F,51,4,
4045,745365275159155,Enzo Gabriel Sousa,1979-03-25,M,47,4,
4046,713650950471526,Sra. Gabrielly Mendes,2002-04-25,F,24,9,2025-12-30
4047,711088155650933,Murilo Sampaio,2008-02-21,M,18,2,
4048,725086729453171,Luigi Alves,1992-07-23,M,34,6,
4049,731117488280131,Theo Silva,1967-05-10,M,59,1,
4050,749311491257911,Isabela Viana,1966-05-04,F,60,2,
4051,779806466082788,Bianca Almeida,2022-03-30,F,4,9,
4052,772136103382471,Maria Sophia da Luz,1954-05-24,F,72,7,
4053,797345524028277,Dr. Bento Casa Grande,1999-10-01,M,27,5,
4054,721433375273243,Bella Guerra,1993-08-22,F,33,8,
4055,791725316720537,Srta. Clarice Borges,1973-08-03,F,53,6,
4056,780398184111167,Sofia Ribeiro,1997-02-14,F,29,9,2026-02-26
4057,752676901903175,Dr. Théo Ferreira,1964-06-23,M,62,4,
4058,776925646543347,Diogo Brito,1955-03-26,M,71,10,
4059,798385997899323,Dr. Otávio Câmara,1940-09-26,M,86,1,
4060,755525751532900,Mariana Sampaio,1982-01-26,F,44,8,2025-10-06
4061,792936443603195,Miguel Fonseca,1961-09-05,M,65,3,
4062,780460630220508,Zoe Pastor,1940-07-16,F,86,3,
4063,720046376411296,Liz Costa,2002-04-18,F,24,6,
4064,712562379023023,Diogo Pinto,1986-06-18,M,40,5,
4065,736161024410260,Ágatha Gomes,2000-09-16,F,26,4,
4066,762296016384149,Oliver Ferreira,2023-10-22,M,3,1,
4067,711407089818755,Eduarda Viana,1961-05-15,F,65,4,
4068,746278070992362,Ana Carolina Pinto,2000-11-05,F,26,3,
4069,725737890509286,Heloísa Viana,1950-06-14,F,76,4,
4070,790988504810852,Clarice Costela,1997-06-02,F,29,3,
4071,781932803479046,Eloah Correia,1976-04-17,F,50,10,
4072,746145317378402,Evelyn Pimenta,2001-10-27,F,25,5,
4073,720332758283381,José Pedro Casa Grande,2011-07-25,M,15,2,
4074,717258960433358,Maria Júlia Rocha,1965-11-21,F,61,9,
4075,776072686976122,Isabela Cavalcante,2001-12-09,F,25,4,
4076,788152724062491,Lorenzo Cavalcante,2008-12-28,M,18,5,
4077,732604108923940,Vitor Aparecida,2007-12-06,M,19,2,
4078,721512456596258,Rhavi Cavalcanti,1989-07-15,M,37,9,
4079,731838482324179,Rafaela Moraes,1959-10-16,F,67,2,
4080,799065644647578,Pedro Lucas da Mata,1993-01-28,M,33,2,
4081,795042476449093,Marcela da Rosa,2015-11-19,F,11,9,
4082,760258543754095,Antonella Costa,2013-04-20,F,13,6,
4083,779792216405641,Pedro Castro,1982-06-11,M,44,5,
4084,781765323819024,Eloá Mendes,2007-01-20,F,19,1,
4085,768060938833458,Caroline Silva,1979-06-06,F,47,9,
4086,797203658720096,Ryan da Cunha,1972-02-22,M,54,8,
4087,732286882539498,Clarice Vieira,1986-06-08,F,40,5,
4088,730635541286209,Bryan Cunha,1948-06-18,M,78,10,
4089,744573264859267,Luigi Melo,1980-02-11,M,46,4,
4090,714369418955820,Maria Vitória Aragão,2020-06-03,F,6,6,
4091,765829374694227,Dr. Diego Costa,1949-01-29,M,77,8,
4092,719314837045528,Maria Clara Rocha,1954-05-13,F,72,6,
4093,724137828911344,Ana Cecília Andrade,1950-05-17,F,76,3,
4094,750637786281340,Lavínia Nascimento,1988-09-22,F,38,9,
4095,741863413249354,Eloá Albuquerque,1988-10-30,F,38,5,
4096,748132706066110,Luigi Montenegro,2006-04-14,M,20,10,
4097,792064204019271,Maria Eduarda Carvalho,1967-11-29,F,59,7,
4098,768101889402609,Sr. Antony Azevedo,1976-11-29,M,50,1,
4099,751313940855391,Heloisa Rocha,2015-01-30,F,11,8,
4100,745351043890795,Beatriz da Cruz,2009-11-26,F,17,1,
4101,728013398006527,Yuri Alves,1990-11-22,M,36,10,
4102,780618850892332,Miguel Mendonça,1985-11-19,M,41,5,
4103,782990746241413,Mateus Cunha,2019-12-16,M,7,1,
4104,740156114055927,Murilo Moraes,1980-09-04,M,46,3,
4105,763324483272007,Kaique Cassiano,2012-05-03,M,14,4,
4106,767382405235328,José da Conceição,1947-04-08,M,79,10,
4107,731277810151267,Anna Liz Vieira,1955-01-10,F,71,6,
4108,746588119883121,Dr. Anthony da Costa,1955-04-03,M,71,8,
4109,757807434835711,Elisa Rios,2005-03-02,F,21,3,
4110,715388197422216,Olivia Marques,1965-10-06,F,61,5,
4111,754740907102078,Liz Mendonça,1966-05-21,F,60,3,
4112,779289470463865,Heloisa Vieira,1950-08-19,F,76,1,
4113,738362760489082,Dante da Cunha,2015-09-05,M,11,9,
4114,749457090672372,Isabella Albuquerque,1946-02-14,F,80,10,
4115,765247886125560,Caio Nogueira,1996-12-21,M,30,9,
4116,765382249089505,Maria Vitória Cavalcante,1995-03-10,F,31,6,2025-12-04
4117,747989484481514,Davi Lucca Fogaça,1983-04-14,M,43,2,
4118,790687793858213,Isadora Machado,1996-09-03,F,30,10,
4119,789643156401786,Sr. José Nascimento,2003-04-04,M,23,3,
4120,766973414754454,Maria Helena Casa Grande,2010-12-19,F,16,3,2026-02-05
4121,783940264144128,Olívia Fonseca,2001-05-23,F,25,5,2026-03-24
4122,796925536405429,Lorena da Cunha,1945-02-01,F,81,7,
4123,779326676917010,Sra. Ana Carolina Barbosa,1955-04-27,F,71,1,
4124,742878936453297,Eloah Gomes,2011-07-18,F,15,10,
4125,721981887983826,Luiza Fonseca,1987-07-25,F,39,1,
4126,776231813483809,Antonella Nogueira,1949-11-11,F,77,10,
4127,758913832078793,Sr. Theo Cirino,2021-01-28,M,5,3,
4128,760445096400497,Dr. João Felipe Pimenta,2002-07-24,M,24,9,
4129,718827805635637,Cauê da Rosa,1953-09-07,M,73,9,
4130,767100151929981,Yago Albuquerque,1970-04-16,M,56,2,
4131,783199979992773,Mariane Fernandes,1989-03-05,F,37,9,
4132,727945398235006,Luísa Sá,2018-12-14,F,8,9,
4133,762771060559323,Isabelly Novaes,1941-01-27,F,85,8,
4134,730996431295301,Giovanna da Mota,1974-07-13,F,52,4,
4135,770382078827102,Luiza da Conceição,1987-02-04,F,39,3,
4136,798875721677639,Ayla Correia,2000-02-23,F,26,5,2025-11-25
4137,738271540106456,João Oliveira,1962-06-15,M,64,8,
4138,745835821053499,Dom da Mata,1963-11-02,M,63,6,
4139,798855327879561,Srta. Maria Liz Duarte,2003-10-06,F,23,3,
4140,776477737361929,Maria Clara Pinto,1950-12-08,F,76,6,
4141,721401940813498,Lunna da Cunha,1949-07-06,F,77,5,
4142,711090185838929,Dom Nogueira,1961-03-04,M,65,7,
4143,749092223750916,Dra. Bruna Guerra,1949-07-12,F,77,9,
4144,732126185505156,Ryan Farias,1989-08-30,M,37,4,
4145,797380298921222,Sr. Apollo Dias,2022-03-20,M,4,6,
4146,732411362652120,Dra. Juliana Cavalcanti,1977-10-17,F,49,10,
4147,723201706346151,Yago Araújo,2017-03-16,M,9,8,
4148,748043167573681,Mariane Barros,1993-09-04,F,33,7,
4149,773651480296082,Srta. Ana Carolina da Rosa,1972-12-23,F,54,4,
4150,750324323965184,Samuel Ferreira,2025-11-05,M,1,1,
4151,761353827783481,Dra. Maya Barbosa,1940-07-17,F,86,5,
4152,734549897992740,Lorenzo Carvalho,2021-02-04,M,5,6,
4153,789148653194334,Maria Liz da Conceição,1986-10-19,F,40,3,
4154,771032723503239,Dra. Allana Cardoso,1959-10-18,F,67,8,
4155,797923534777565,Dra. Aylla Albuquerque,1943-11-02,F,83,8,
4156,751622655045004,Maria Vitória Fernandes,2004-10-31,F,22,9,
4157,789414187204437,Melina Sampaio,2018-09-02,F,8,2,
4158,749551911575373,Ana Julia Correia,2015-02-12,F,11,1,
4159,778094169627362,Sra. Julia Cirino,1963-07-17,F,63,2,
4160,716036145306464,Dr. Bruno Rezende,1984-06-20,M,42,3,
4161,759239027070325,Srta. Luísa Barbosa,1950-12-15,F,76,4,
4162,726504175870382,Ana Carolina Moura,2019-09-26,F,7,10,
4163,766950782529134,Henry Gabriel Fogaça,2006-04-17,M,20,2,
4164,714423271483557,Enrico Aragão,2008-11-13,M,18,9,
4165,786880538234292,Cecília Borges,1973-10-11,F,53,4,
4166,793386777074733,Ana Carolina Correia,2025-08-28,F,1,10,
4167,758150811830349,Lívia Santos,2006-07-16,F,20,3,
4168,759285267406071,Ana Liz da Paz,1983-10-09,F,43,8,
4169,736403691407304,Maria Liz Nascimento,1975-08-26,F,51,8,
4170,737139156091131,Isaque Silva,1960-01-18,M,66,5,
4171,772658308274084,Liam Rios,1985-07-03,M,41,10,
4172,783381644585779,Bárbara Mendes,1944-10-11,F,82,8,
4173,775787427481161,Maria Sophia Jesus,1983-10-26,F,43,9,2025-08-14
4174,710694296984619,Ana Liz Fogaça,1979-09-01,F,47,7,
4175,793602208001110,Júlia Dias,2006-09-19,F,20,6,2026-02-05
4176,785777848374523,Lorena Fonseca,1980-09-19,F,46,7,
4177,712036657329263,Natália Vargas,2005-01-24,F,21,6,
4178,792918225065634,José Pedro Monteiro,1949-03-06,M,77,5,
4179,721563262433157,Paulo Teixeira,1955-08-27,M,71,5,
4180,745959357920315,Luiza Cardoso,1965-09-18,F,61,10,
4181,797285797980339,Olívia Fernandes,2013-03-23,F,13,1,
4182,775024555973843,Sr. Pietro Dias,1946-08-24,M,80,7,
4183,744027162793209,Sr. Benjamim Novais,1940-12-29,M,86,10,
4184,765251286997992,Dr. Danilo Moraes,2005-03-16,M,21,9,
4185,758381221717143,Amanda Montenegro,2008-06-09,F,18,2,
4186,766050669290359,Ana Camargo,1949-09-24,F,77,1,
4187,768224664580239,Antônio Oliveira,1972-08-21,M,54,1,
4188,769620274479638,Antônio Costa,1942-10-31,M,84,4,
4189,780206539570645,Dra. Hadassa Ferreira,2004-01-09,F,22,1,
4190,735397250139011,Luiz Henrique Rodrigues,1950-09-19,M,76,4,
4191,759792689833105,Agatha Sá,2003-10-16,F,23,7,2025-11-20
4192,714635108042459,Olivia Borges,1997-05-30,F,29,2,2025-10-26
4193,736742579849358,Srta. Maria Cecília da Paz,2025-10-14,F,1,5,
4194,773877258043296,Luigi Albuquerque,2016-03-26,M,10,5,
4195,710851305808955,Maria Isis Rocha,1955-02-11,F,71,3,
4196,770991669187327,Larissa Vargas,2008-05-12,F,18,2,
4197,774018632684353,Sarah Ribeiro,1963-01-22,F,63,1,
4198,728230785474521,Luiz Henrique Nascimento,2023-09-29,M,3,5,
4199,715938819022935,Ayla Teixeira,2005-12-23,F,21,5,
4200,741168457779512,Renan Camargo,2019-12-10,M,7,9,
4201,772773175522900,Laís Novais,2022-04-18,F,4,8,
4202,790915066854198,Dr. Davi Lucas Monteiro,1991-02-01,M,35,5,
4203,797004232089956,Maria Vitória da Rosa,2015-12-09,F,11,4,
4204,794994921659688,Dr. Benício da Cunha,1975-08-06,M,51,4,
4205,797422186896605,Valentina Porto,2008-05-08,F,18,5,
4206,739570374603065,Giovanna da Costa,2023-07-24,F,3,10,
4207,711756202672579,Lorena Pacheco,1977-07-05,F,49,5,
4208,792371297296738,Giovanna Gomes,1977-11-01,F,49,2,
4209,742473799816215,Alana Andrade,1976-10-09,F,50,8,
4210,745572136117594,Dra. Ana Luiza Freitas,1966-06-17,F,60,5,
4211,776548512910085,Isabelly Souza,2002-10-16,F,24,10,
4212,791662357211214,Laura Rocha,1952-06-17,F,74,6,
4213,789930489011468,Alícia Cardoso,2009-12-17,F,17,9,
4214,785858909443886,Guilherme Pereira,2003-02-17,M,23,3,
4215,764152853247034,Laís Cunha,1949-08-17,F,77,1,
4216,739291899852332,Lucas Martins,1987-07-15,M,39,6,
4217,791025355387569,Pedro Miguel Barros,1996-05-31,M,30,7,
4218,796527479507039,Calebe Alves,1999-07-01,M,27,2,
4219,717313033874914,Cauê Gonçalves,1955-04-01,M,71,7,
4220,720090433952504,Srta. Lívia Camargo,1984-12-20,F,42,1,
4221,789804064543917,Bárbara Albuquerque,1970-08-22,F,56,1,
4222,749065171042941,Sr. Rhavi Sampaio,1974-07-25,M,52,7,
4223,746057481215118,Maria Julia Rodrigues,2000-03-24,F,26,5,2026-03-22
4224,759855863227346,Vinicius da Rocha,2005-07-19,M,21,6,
4225,738765830716374,Srta. Isabelly Albuquerque,1963-05-11,F,63,5,
4226,710941359803754,Brenda Gomes,1987-11-03,F,39,5,
4227,789605602680169,Guilherme Silva,1964-05-28,M,62,10,
4228,774780414552284,Olívia da Cunha,1975-12-18,F,51,7,
4229,727324000108536,Luísa Sampaio,2020-05-08,F,6,8,
4230,796816329071162,Allana Marques,2023-06-13,F,3,8,
4231,792352326183127,Samuel Sousa,2018-09-15,M,8,4,
4232,744955654696629,Sr. Thiago Vasconcelos,2023-08-03,M,3,10,
4233,745499878467286,Sophia Aragão,1962-03-12,F,64,8,
4234,746811768733024,Sra. Sophia Melo,1963-04-26,F,63,4,
4235,715700332872748,Rhavi Barbosa,2002-06-10,M,24,9,
4236,770195607980887,Léo Camargo,1946-01-14,M,80,3,
4237,726551638756823,Stephany Cirino,1998-05-09,F,28,7,
4238,724906182583488,Sra. Lara Abreu,1962-04-24,F,64,8,
4239,729064917201995,Olívia Câmara,1980-06-25,F,46,8,
4240,710101475250127,Otto Porto,1976-05-08,M,50,5,
4241,785164103687511,Juliana Martins,1996-05-26,F,30,10,
4242,784908473883610,João Guilherme das Neves,1940-05-24,M,86,3,
4243,719717173926842,Srta. Emanuelly Siqueira,1986-02-24,F,40,4,
4244,718432122329495,Dra. Maria Flor Albuquerque,1994-08-05,F,32,3,
4245,779936395051232,Fernando Costela,1977-07-16,M,49,6,
4246,783441679990357,Nicole Farias,1989-04-04,F,37,4,
4247,797135217122080,Eduarda Pastor,1996-07-01,F,30,2,2026-02-23
4248,746346031367986,Raquel Mendes,1968-02-29,F,58,8,
4249,797170152931477,Mateus Campos,1974-07-07,M,52,4,
4250,717239388897759,Lavínia Fogaça,1949-02-01,F,77,2,
4251,744728121450598,Maria Luísa Câmara,1986-07-01,F,40,4,
4252,747472182996896,Sra. Isabelly Cavalcanti,1997-10-18,F,29,8,
4253,717637561931220,Larissa Camargo,2008-02-04,F,18,1,
4254,761341271338787,Ayla Duarte,1972-08-10,F,54,5,
4255,712095819095712,Alexia Garcia,1958-08-25,F,68,5,
4256,714991805175498,Caleb Viana,2007-11-03,M,19,8,
4257,732369319543547,Ana Cecília Ferreira,1959-06-11,F,67,4,
4258,764539630127189,Dr. Vinícius Vasconcelos,1992-09-04,M,34,1,
4259,785171383616618,Paulo Cassiano,1949-01-30,M,77,1,
4260,740520543796318,Vinícius Sá,1961-12-14,M,65,10,
4261,713896110812883,Eloá Siqueira,1966-08-12,F,60,5,
4262,744536254466037,Ana Júlia das Neves,1951-11-11,F,75,1,
4263,715313120905225,Maria Melo,1954-04-28,F,72,3,
4264,782243173580045,Emanuelly Sousa,2003-08-20,F,23,10,
4265,721381861489875,Manuela Jesus,1999-09-06,F,27,8,
4266,762814116978753,Juliana Vasconcelos,1988-11-13,F,38,2,
4267,799112916311464,Antônio Dias,2001-03-15,M,25,2,
4268,759880448679397,Daniela Sá,1957-03-26,F,69,6,
4269,790987469578249,Dra. Maitê da Mota,1959-01-09,F,67,7,
4270,791771542840006,Luísa Pastor,2011-03-24,F,15,5,2025-12-26
4271,797359920148735,Sofia Castro,1949-03-25,F,77,3,
4272,744191122540969,Luiz Fernando Ferreira,1979-10-12,M,47,1,
4273,746986187714451,Aylla Brito,1970-06-12,F,56,4,
4274,714320425960848,Davi Vieira,1971-04-02,M,55,3,
4275,759177037983069,Liz Duarte,1945-11-22,F,81,2,
4276,770812109634914,Melissa Rocha,1980-08-13,F,46,7,
4277,723381117143264,Rafael Gonçalves,1943-09-13,M,83,6,
4278,764122971467992,Ana Liz Peixoto,1967-07-22,F,59,1,
4279,745941109351709,Dra. Bella Correia,1983-11-05,F,43,10,
4280,764715443118224,Milena Silveira,2004-06-04,F,22,4,
4281,753058964368821,Sra. Alana Gomes,2005-06-18,F,21,2,
4282,797865760294803,Luiz Gustavo Oliveira,1966-07-17,M,60,5,
4283,735472745142476,Ana Ferreira,2009-12-05,F,17,10,
4284,746766239237038,Ágatha Moraes,2012-09-25,F,14,7,
4285,792853064952125,Eduarda Oliveira,1974-02-04,F,52,5,
4286,777791345107566,Sra. Maria Vitória Pastor,1976-09-05,F,50,10,
4287,758627128830602,Srta. Sara Rocha,1995-06-25,F,31,3,2026-02-18
4288,799186842136776,Dra. Maria Laura Siqueira,1995-01-22,F,31,5,
4289,791851511422302,Ana Luiza Pereira,2006-06-24,F,20,6,
4290,779887276064155,Sra. Vitória Nascimento,1961-12-16,F,65,4,
4291,785612996067776,Sra. Júlia Rodrigues,1983-07-24,F,43,9,2025-08-22
4292,785138873232480,Srta. Yasmin Moraes,1998-12-23,F,28,10,
4293,732877013702861,Maria Vitória da Mata,1964-04-24,F,62,4,
4294,749700692395675,Luiza da Cunha,1989-10-03,F,37,3,
4295,733448784946774,Henry Gabriel Cardoso,2026-04-18,M,0,3,
4296,781681985107425,Helena Brito,1975-05-10,F,51,5,
4297,712870625206102,Murilo da Rocha,1999-04-02,M,27,9,
4298,758645692334874,Pedro Lucas Teixeira,1983-09-05,M,43,7,
4299,717526508760276,Rafaela Leão,1981-01-25,F,45,5,
4300,778049763866217,Eduardo Pires,2026-04-08,M,0,7,
4301,769246990961340,Thomas Araújo,1953-12-08,M,73,9,
4302,724800309943924,Ravi Farias,1980-09-04,M,46,5,
4303,728748867232743,Dr. Davi Lucas Aparecida,1988-05-16,M,38,4,
4304,752758275665400,Srta. Melissa Sales,1949-12-13,F,77,3,
4305,731662905057552,Noah Gonçalves,1983-07-05,M,43,8,
4306,762640991066522,Manuella Machado,1953-11-30,F,73,7,
4307,777732194542934,Otávio das Neves,1953-11-19,M,73,4,
4308,773377731490332,Bento Dias,1945-09-08,M,81,2,
4309,798058189133232,Lívia Azevedo,1952-04-14,F,74,6,
4310,737438393952981,Cauê Viana,1943-04-16,M,83,7,
4311,794972009506111,Maria Julia Fogaça,1986-07-25,F,40,6,
4312,765923500188717,Vitor Gabriel Dias,1948-08-22,M,78,8,
4313,722930521705819,Ágatha Macedo,1988-09-04,F,38,10,
4314,793113809883239,Ana Brito,1950-04-15,F,76,5,
4315,778590726684268,Nicolas Gomes,2024-02-10,M,2,1,
4316,790121122647374,Ayla Carvalho,1958-07-30,F,68,6,
4317,736067044903308,Joana Monteiro,2017-11-12,F,9,1,
4318,799789476397793,Dra. Giovanna Gonçalves,1970-07-20,F,56,10,
4319,793469341652797,Vinícius Nunes,1955-08-19,M,71,2,
4320,710241764266478,Olívia Novais,2003-07-18,F,23,9,
4321,760474712871765,Eloah Castro,2001-08-07,F,25,10,
4322,793504969710645,Dra. Ester Sousa,2024-10-17,F,2,4,
4323,789301453309535,Rafael Pacheco,1959-06-29,M,67,6,
4324,777339847752494,Emanuel Cavalcante,2023-10-09,M,3,1,
4325,784544300677138,Luiz Fernando Porto,1963-10-31,M,63,9,
4326,731236741246575,Guilherme Gonçalves,1957-08-27,M,69,3,
4327,775166034598554,Thiago Barbosa,1997-01-26,M,29,8,
4328,742657332093656,Evelyn Almeida,1963-12-05,F,63,4,
4329,793893751851428,Ana Carolina Cassiano,2009-10-23,F,17,6,2025-10-10
4330,738708110461399,Juliana Rios,2003-08-29,F,23,3,
4331,774923018422149,Kamilly Araújo,1974-03-17,F,52,3,
4332,714489221884343,Dra. Ana Carolina da Cruz,2019-07-15,F,7,3,
4333,763548144886985,Luna Carvalho,1983-06-25,F,43,8,
4334,761348980460827,Davi Lucas Silva,2020-07-02,M,6,4,
4335,727387809193435,Miguel Cardoso,2003-12-23,M,23,3,
4336,764264334434000,Luiza Lima,1963-05-08,F,63,10,
4337,785240278193657,Ryan Leão,1941-08-09,M,85,9,
4338,717596278996880,Maria Laura da Rocha,1992-09-01,F,34,4,
4339,745813220532302,Natália Andrade,1999-12-07,F,27,1,
4340,744477867143973,Sr. Thiago Ramos,1970-03-13,M,56,1,
4341,777111242557465,Srta. Zoe Duarte,1983-08-28,F,43,8,2026-02-16
4342,778312048617487,Dante Martins,2017-07-13,M,9,3,
4343,777258369499541,Ana Carolina Machado,1969-01-19,F,57,6,
4344,784817954981395,Maria Cecília Lopes,2025-01-28,F,1,10,
4345,751268961663170,Mirella Alves,1967-04-05,F,59,4,
4346,746618420840244,Srta. Pietra Rezende,2019-06-29,F,7,1,
4347,797436904720660,Pedro Ramos,1982-10-22,M,44,10,
4348,746067112533958,Srta. Cecilia Gonçalves,2002-01-25,F,24,8,2025-08-14
4349,791328181537188,Mateus Caldeira,2014-08-16,M,12,8,
4350,768631457081845,Dra. Isabela Oliveira,2018-09-20,F,8,10,
4351,728366928254836,Sra. Sofia Vargas,1986-06-13,F,40,7,
4352,725051866718732,Maria Luísa das Neves,1975-07-13,F,51,2,
4353,774531970126483,Sofia Sá,2006-09-11,F,20,2,
4354,774154924882805,Ana Cecília da Rocha,1958-12-23,F,68,1,
4355,727694425295888,Isis Souza,1966-07-31,F,60,1,
4356,776692621507417,Hadassa Alves,1946-10-25,F,80,5,
4357,723381280288478,Henry Gabriel Abreu,2017-04-25,M,9,5,
4358,733323870102387,Maria Sophia Fogaça,1953-12-03,F,73,6,
4359,726405489535308,Olivia Jesus,1987-04-28,F,39,6,2025-11-11
4360,722715605559870,Carolina Barbosa,1949-09-02,F,77,5,
4361,747362120377322,João Guilherme Garcia,2000-01-04,M,26,3,
4362,750933230437928,Yasmin Pastor,1966-09-21,F,60,9,
4363,774308495563376,Olivia Correia,1947-11-06,F,79,8,
4364,711418797678813,Srta. Isabela Souza,1970-04-27,F,56,6,
4365,738304021171854,Isabelly da Cunha,1972-02-14,F,54,4,
4366,759039105278864,Isis Fogaça,1946-05-28,F,80,5,
4367,710750430630980,Bárbara da Mata,1955-06-09,F,71,5,
4368,740956648005249,Benicio Lopes,2008-06-19,M,18,1,
4369,715716354992824,Daniela Souza,2001-05-31,F,25,2,
4370,720619582918015,Sra. Marina Siqueira,1991-05-12,F,35,3,
4371,752031036154013,Vitória Carvalho,1985-05-22,F,41,10,
4372,782194706841294,Calebe Dias,1982-11-16,M,44,10,
4373,759931336152356,Ana Sophia Câmara,1959-06-12,F,67,9,
4374,753003277746324,Luiz Henrique Novaes,1950-04-27,M,76,6,
4375,775327564638766,Eloah da Mata,1986-09-05,F,40,9,
4376,735164696973737,Pietra Ramos,1976-07-24,F,50,9,
4377,731246589689624,Sra. Maria Júlia Cirino,2002-06-27,F,24,5,2025-12-20
4378,788799940943583,João Pedro da Rosa,1945-02-18,M,81,2,
4379,775543269880050,Giovanna Fonseca,1997-02-01,F,29,2,
4380,775528193079962,Catarina Vargas,1986-10-24,F,40,9,
4381,779681235826972,Laura Gomes,1964-11-06,F,62,6,
4382,790638839737834,Sra. Stephany da Paz,1957-08-11,F,69,9,
4383,784568974242380,Sara Martins,1958-09-23,F,68,7,
4384,730873158091754,Ana Luiza Sá,1960-10-19,F,66,2,
4385,720443556523080,Sra. Heloísa Marques,2014-09-19,F,12,8,
4386,748756451929692,Natália Gomes,2023-07-24,F,3,10,
4387,760056125209237,Catarina Sales,1976-09-24,F,50,7,
4388,742518017109774,Dra. Liz Moura,1965-01-01,F,61,5,
4389,754826981111908,Heloísa Azevedo,1947-08-07,F,79,5,
4390,781698866052697,Srta. Kamilly Albuquerque,1974-09-27,F,52,6,
4391,759312407725526,Marcos Vinicius Azevedo,2007-09-16,M,19,7,
4392,775876862744995,Cecilia Melo,1950-07-05,F,76,8,
4393,754180365060474,Alice Vieira,2016-06-10,F,10,7,
4394,734112986692669,Pedro Lucas da Cunha,1969-10-04,M,57,1,
4395,798705109563450,Nina Cirino,1941-09-13,F,85,10,
4396,735940142388694,Laura Andrade,1979-11-04,F,47,1,
4397,758387990737406,Marcos Vinicius da Rocha,1986-03-07,M,40,2,
4398,753308837702927,Ana Vitória Cavalcanti,1991-08-30,F,35,7,
4399,724162878900940,Gael Silveira,2010-08-18,M,16,7,
4400,796201583743150,Maria Liz Ferreira,1948-12-06,F,78,8,
4401,765916383366035,Maria Luiza Garcia,1984-10-09,F,42,8,
4402,744696565829049,Larissa Moreira,1979-11-20,F,47,7,
4403,757388310348061,Liz Sousa,1962-10-14,F,64,5,
4404,771957604214323,Agatha Moreira,2026-01-23,F,0,7,
4405,758463933636965,João Guilherme Viana,2012-11-13,M,14,7,
4406,740013805547331,Ian Ramos,2007-08-18,M,19,9,
4407,747432858511364,Luigi Fogaça,1991-07-26,M,35,10,
4408,758489121098771,Nina Cirino,1947-04-22,F,79,5,
4409,760892020402754,Bianca Lopes,1990-03-22,F,36,2,
4410,714528870794657,Manuella Camargo,2019-06-29,F,7,7,
4411,751228534660723,Liz Correia,1968-09-29,F,58,7,
4412,715925483903036,Yuri da Conceição,1956-11-08,M,70,10,
4413,749024153933888,Sophie da Cruz,1981-02-25,F,45,4,
4414,734266560413928,Sr. Pedro Miguel Barros,1987-08-14,M,39,4,
4415,791806123865478,Ester Moura,1997-05-02,F,29,10,
4416,757548632644014,Sarah Azevedo,2023-07-04,F,3,4,
4417,741819144791534,Srta. Brenda Marques,1949-10-29,F,77,8,
4418,762861405581914,Mirella Borges,1953-10-28,F,73,6,
4419,797029614120441,Lara Montenegro,1943-07-12,F,83,3,
4420,734441631841254,Srta. Sarah Machado,1967-06-29,F,59,7,
4421,756476160459402,Jade Costela,2000-05-10,F,26,7,2026-02-28
4422,724980343094489,Alícia Peixoto,1959-03-09,F,67,3,
4423,760411024942953,Ana Carolina Albuquerque,1988-11-11,F,38,1,2025-11-25
4424,796073732865091,Maria Helena Moraes,1989-05-09,F,37,8,2025-11-06
4425,767007287511918,Arthur Camargo,1943-07-10,M,83,9,
4426,734471047273695,Vicente Cassiano,2002-07-05,M,24,6,
4427,728505241762625,Maria Fernanda Silveira,1960-02-27,F,66,9,
4428,787080605226085,Nicole Sousa,1945-12-09,F,81,6,
4429,725838404441578,Hellena Melo,2015-03-19,F,11,6,
4430,783705510282806,Mateus Marques,1974-11-20,M,52,1,
4431,772071559523992,Milena Caldeira,1984-04-06,F,42,6,
4432,799349124424678,Luiz Otávio da Rocha,1998-05-02,M,28,7,
4433,799959849873932,Matheus Teixeira,1942-07-01,M,84,2,
4434,720893385814887,Dra. Alexia da Luz,1961-10-28,F,65,6,
4435,795832682545966,Antonella Ribeiro,1994-06-13,F,32,6,
4436,745470993440020,Lavínia Ribeiro,2018-11-27,F,8,2,
4437,729696317339868,Cauã Guerra,2004-02-23,M,22,4,
4438,743641801850174,Maria Luiza Nascimento,1968-06-27,F,58,4,
4439,773713916072652,Heloisa Pereira,1986-12-14,F,40,7,
4440,771848494776281,Maria Flor Campos,2012-02-07,F,14,2,
4441,746087130572362,Nathan da Rosa,1984-08-06,M,42,9,
4442,781135223102018,Yago Fernandes,1967-09-11,M,59,5,
4443,763825268783107,Dr. Oliver Sampaio,2013-05-27,M,13,9,
4444,752775745191239,Davi Miguel Melo,2004-09-07,M,22,9,
4445,787405624582543,Dra. Olivia Lopes,1951-01-11,F,75,1,
4446,725879137903151,Lunna Vasconcelos,1952-10-01,F,74,6,
4447,778201341763300,Dr. João Pedro Leão,1959-07-28,M,67,1,
4448,790852406414509,Sra. Isabel Ramos,2014-06-25,F,12,8,
4449,766856793096962,Ester Barros,2008-01-06,F,18,3,
4450,762416588468807,Clara Leão,1968-08-11,F,58,4,
4451,756178083877368,Sra. Maria Flor Fogaça,1944-08-20,F,82,8,
4452,770949054664443,Clara Casa Grande,2008-08-30,F,18,10,2026-01-17
4453,729463393067916,Srta. Valentina Mendes,2015-08-04,F,11,2,
4454,767195027295708,Dra. Ana Lívia Azevedo,1958-06-08,F,68,6,
4455,733605998000444,Pietro Cavalcante,1951-08-07,M,75,6,
4456,725409452095594,Dra. Ana Sophia Marques,1950-11-14,F,76,7,
4457,752894656897039,Clarice Siqueira,1977-03-07,F,49,2,
4458,764621683373554,Otto Mendes,1960-12-19,M,66,10,
4459,740568122937420,Felipe Macedo,2011-07-29,M,15,10,
4460,746802244307032,Carolina Fogaça,1954-07-30,F,72,9,
4461,788662754882770,Ísis Correia,1988-08-14,F,38,7,
4462,721181601878377,Davi Miguel Dias,2002-07-20,M,24,3,
4463,781809301741790,Stephany Rocha,1944-03-20,F,82,1,
4464,717419887692456,Evelyn da Rocha,1959-11-01,F,67,5,
4465,750629092003609,Ana Cecília Silveira,2019-08-13,F,7,2,
4466,772301374157065,Srta. Maria Sophia Souza,1941-06-12,F,85,10,
4467,714277510640989,Yasmin Freitas,1995-05-13,F,31,6,
4468,767996810447899,Juan Montenegro,2006-09-29,M,20,8,
4469,778809793610921,Beatriz Costela,2002-01-02,F,24,8,
4470,770805970792175,Sara Sales,1956-05-21,F,70,1,
4471,749443666932777,Mariah Vasconcelos,1944-04-23,F,82,6,
4472,797125956944576,Carolina Câmara,1959-11-28,F,67,7,
4473,797090503584481,Helena Aparecida,1994-08-30,F,32,10,
4474,783790338757184,Ana Lívia Alves,1943-05-03,F,83,9,
4475,740174575915215,Bianca Monteiro,1953-11-29,F,73,9,
4476,784085432539619,Melissa Correia,1985-08-05,F,41,7,
4477,715719698539866,João Vitor Abreu,2004-04-28,M,22,6,
4478,731335667345394,Isabela Cirino,2013-06-07,F,13,4,
4479,743421090804898,Lunna Casa Grande,1944-01-04,F,82,5,
4480,759339953707988,Carlos Eduardo da Paz,1964-07-06,M,62,2,
4481,721379550386701,Sophie Pinto,2008-07-07,F,18,3,
4482,724290175680938,Srta. Julia Cardoso,2015-12-22,F,11,10,
4483,714205057713617,Dra. Isabella Sousa,1965-10-13,F,61,1,
4484,738286198516608,Gabriel Macedo,2011-10-18,M,15,8,
4485,730771410505980,João Gabriel Aparecida,1970-01-02,M,56,4,
4486,745869825042689,Carolina Sales,2017-03-08,F,9,6,
4487,778775691124904,Stella da Rosa,1942-02-22,F,84,5,
4488,732123570688585,Gabriel Sampaio,2020-06-24,M,6,1,
4489,744756080301958,João Pedro Moraes,1942-12-03,M,84,5,
4490,745075892007275,Isabella da Mota,1946-01-14,F,80,9,
4491,789747425683177,Júlia da Rocha,1982-11-06,F,44,6,
4492,751034194802779,Milena Cavalcanti,1973-05-15,F,53,9,
4493,730890815656858,João da Costa,1985-10-08,M,41,4,
4494,714206275720840,Sr. Gustavo Henrique da Mata,1999-04-10,M,27,1,
4495,778189279481187,Dr. João Guilherme Fonseca,1985-08-08,M,41,1,
4496,737772044665115,Sra. Lorena Cunha,1976-07-05,F,50,6,
4497,762211052072146,Ana Lopes,2001-11-03,F,25,9,2025-08-22
4498,760021548313712,Henry Gabriel Novaes,2012-03-25,M,14,8,
4499,716583747748617,Dr. Murilo Moraes,1967-11-16,M,59,4,
4500,780856747687642,Luana Brito,1940-07-25,F,86,5,
4501,745594888358533,Thomas Gomes,1955-01-04,M,71,7,
4502,760901526087200,Maria Isis Guerra,1967-07-08,F,59,4,
4503,782516018234048,Dr. Guilherme Rocha,1967-11-11,M,59,4,
4504,746958400180684,Pedro Henrique Azevedo,1990-08-05,M,36,1,
4505,749462660826795,Caroline Fernandes,1980-07-22,F,46,1,
4506,732002330721941,Alana da Rosa,1973-06-24,F,53,9,
4507,793338911387959,Catarina Duarte,1950-02-16,F,76,9,
4508,775988859948647,Marina Sales,1972-10-18,F,54,2,
4509,778062709664002,João Vitor da Conceição,2020-06-06,M,6,9,
4510,767959994566163,Yasmin da Cruz,1986-10-07,F,40,7,
4511,781169084064785,Kamilly Siqueira,1982-03-10,F,44,7,2026-03-25
4512,784241300244561,Erick Costela,1965-06-03,M,61,3,
4513,792853081009042,Maya Nascimento,1967-08-31,F,59,5,
4514,739495634569607,Daniel Novaes,2001-09-16,M,25,9,
4515,798927633829187,Allana Pimenta,2015-10-08,F,11,5,
4516,748186436893626,Dra. Ana Cecília Cavalcante,2020-07-04,F,6,6,
4517,756271906350231,Emanuelly da Cruz,2018-05-23,F,8,5,
4518,738470617730407,Stephany Costa,2016-06-27,F,10,2,
4519,779511474693815,Daniela Vargas,1948-11-25,F,78,7,
4520,773090619277999,Ana Sophia Oliveira,1973-10-30,F,53,6,
4521,738075308707038,Srta. Elisa Sousa,1971-02-02,F,55,6,
4522,792672187495404,Felipe da Cruz,2022-11-22,M,4,7,
4523,726082762439198,Samuel das Neves,1997-05-24,M,29,5,
4524,736823514987834,Marcela Novaes,2010-06-27,F,16,10,2026-03-29
4525,721955717414805,Luiz Miguel Albuquerque,1993-06-18,M,33,4,
4526,747643566133034,Jade Borges,1963-02-18,F,63,2,
4527,745951775512957,Maria Eduarda Jesus,1988-02-12,F,38,3,
4528,775039494692109,Heloisa Pinto,2000-10-26,F,26,4,
4529,759722718800108,Sr. Emanuel Garcia,2013-07-31,M,13,8,
4530,749190237789041,Lunna Sousa,1963-06-17,F,63,5,
4531,745207789973010,Isabel da Luz,1957-05-28,F,69,10,
4532,729653362728609,Srta. Ana Cecília da Mata,2008-12-13,F,18,8,
4533,773376596489019,Nina Fonseca,1990-05-19,F,36,1,2026-02-04
4534,760667352959083,Lucas Cavalcante,1987-06-25,M,39,8,
4535,731199171257403,Enzo Gabriel Guerra,1978-07-01,M,48,9,
4536,740966646407190,Pedro Lucas Duarte,2008-04-09,M,18,9,
4537,791641386749217,Clarice Campos,2005-08-28,F,21,6,
4538,798676713854708,Yago Jesus,1965-02-22,M,61,2,
4539,746632957002164,Lorenzo Moreira,1999-09-16,M,27,4,
4540,784403544069304,Bryan Casa Grande,1957-12-17,M,69,9,
4541,749627330355519,Luana Sales,2024-06-14,F,2,10,
4542,770197715495836,Emanuelly Rodrigues,2011-04-08,F,15,8,2025-08-30
4543,792242216353334,Caio Barbosa,1962-01-19,M,64,2,
4544,791095278300101,Ester Peixoto,1987-05-11,F,39,7,
4545,769245189559047,Maysa Sousa,2006-09-27,F,20,1,
4546,777932426739310,Maitê Santos,2010-01-21,F,16,3,2026-02-13
4547,795038738493628,Sr. Calebe Azevedo,2019-01-05,M,7,3,
4548,731810959948872,Maria Cecília Melo,1969-04-19,F,57,8,
4549,746386643016566,Maria Flor da Mota,1989-01-31,F,37,7,
4550,792878882523382,Stella Novais,1978-09-14,F,48,8,
4551,762982088467054,Cauã Cirino,1989-09-21,M,37,10,
4552,784507870145688,Ana Carolina Sales,1990-05-20,F,36,9,2025-10-20
4553,761902760758794,Sr. Pedro Lucas Novaes,1984-01-19,M,42,10,
4554,725936120957881,Camila Cunha,2015-04-29,F,11,10,
4555,730407138108547,Zoe Jesus,1986-04-09,F,40,9,2025-11-17
4556,782465305118980,Srta. Emanuella Guerra,1979-08-11,F,47,1,
4557,790054821485177,Camila Sá,1997-04-01,F,29,9,2025-11-24
4558,764016398804688,Maria Eduarda da Mota,1956-07-02,F,70,7,
4559,716951555583238,Marcela Oliveira,1965-11-30,F,61,6,
4560,761082732639762,Ágatha Albuquerque,1991-09-01,F,35,8,
4561,798827105855542,Antony Monteiro,1947-02-12,M,79,6,
4562,794390669601598,Ester Novaes,1959-01-27,F,67,2,
4563,786002359771086,Emanuelly Nogueira,1954-12-19,F,72,5,
4564,793088393191587,Sra. Maria Luiza Moreira,1988-04-29,F,38,2,2025-10-03
4565,740109763140614,Isabel da Luz,2012-08-31,F,14,7,
4566,763117888968310,Milena Sá,2000-02-09,F,26,2,
4567,777003295928343,Brenda Ribeiro,1943-12-10,F,83,3,
4568,793345676848889,Alice Montenegro,1953-10-10,F,73,1,
4569,759505411523049,Maria Isis Azevedo,1946-04-08,F,80,4,
4570,778065768373359,Natália Cirino,2021-01-24,F,5,3,
4571,721962934279850,Emanuella Marques,1973-10-17,F,53,9,
4572,750292573154417,Maria Helena da Conceição,2007-05-02,F,19,3,2025-09-25
4573,742519013830930,Gabrielly Aragão,2024-09-05,F,2,10,
4574,730551077508780,Rafaela Pereira,2004-03-02,F,22,6,
4575,712553726884424,Maria Julia Souza,1962-05-20,F,64,10,
4576,771592822291431,Ana Liz Almeida,1963-04-06,F,63,10,
4577,742423428905027,Oliver Santos,2020-09-18,M,6,8,
4578,730613975254658,Ana Laura Melo,1972-11-26,F,54,2,
4579,714079269737661,Maysa Oliveira,1965-07-21,F,61,9,
4580,776885174204262,Dra. Helena Monteiro,1951-12-04,F,75,10,
4581,754163950087072,Anna Liz da Cunha,1990-11-24,F,36,6,
4582,725570055019918,Renan Cunha,1944-11-29,M,82,10,
4583,771451549345843,Giovanna Machado,2020-09-25,F,6,1,
4584,755300890158861,João Miguel Santos,2019-01-24,M,7,5,
4585,787377097161163,Joaquim Pereira,1948-03-30,M,78,4,
4586,727123215051586,Sr. Pedro Miguel das Neves,1990-01-20,M,36,1,
4587,789746350960833,Olívia Ribeiro,1989-12-30,F,37,3,
4588,762893415216053,Isadora Guerra,2004-11-05,F,22,1,2025-10-17
4589,763051744247876,Maria Julia Rios,1944-12-04,F,82,9,
4590,725367526357935,Marina Pacheco,2006-08-23,F,20,4,
4591,792535257729194,Beatriz Santos,2024-11-19,F,2,3,
4592,783797574956743,Luísa Vasconcelos,1971-02-06,F,55,10,
4593,718320227632796,Diogo Caldeira,1997-01-11,M,29,4,
4594,750914006356573,José Miguel Pimenta,1979-10-17,M,47,2,
4595,720363765909951,Levi Alves,1941-05-15,M,85,1,
4596,741516104610180,Vitória Castro,1951-11-28,F,75,6,
4597,713632241938048,Maria Isis da Mota,1974-03-02,F,52,7,
4598,778210632728424,Srta. Allana Aparecida,1970-08-24,F,56,9,
4599,744527119197619,Sophia Moura,1971-05-31,F,55,4,
4600,746549742766560,Jade Novais,2024-02-11,F,2,3,
4601,788196932228575,Sra. Emanuella Montenegro,1955-05-02,F,71,1,
4602,763006963485759,Gabrielly da Rocha,1948-11-30,F,78,6,
4603,772723108678065,Yan Andrade,1947-12-26,M,79,3,
4604,758050577111014,Ana Laura Azevedo,2006-11-12,F,20,8,
4605,719303287653043,Isabelly Pinto,2001-02-11,F,25,10,
4606,726036544792416,Fernanda Teixeira,1959-04-01,F,67,7,
4607,773814772717321,Sr. Ravy Costa,1956-06-17,M,70,9,
4608,781038457751596,Manuela Dias,2005-09-25,F,21,1,
4609,750928154021358,Mariane da Paz,1968-06-23,F,58,7,
4610,739678229174794,Dra. Júlia Rios,2025-08-09,F,1,1,
4611,736760707314586,Erick da Rocha,1956-06-09,M,70,4,
4612,749976150286538,Laura da Mota,1966-05-11,F,60,10,
4613,734278291921064,Srta. Lorena Correia,2000-01-27,F,26,5,2026-01-17
4614,717720658281757,Thiago Viana,1962-09-29,M,64,6,
4615,759078473538895,Mariah Santos,2010-01-14,F,16,1,2026-02-27
4616,766585493866526,Nathan Albuquerque,1946-01-30,M,80,5,
4617,762415542788905,Nathan Pinto,2008-03-05,M,18,2,
4618,747638860993179,Dra. Luna Fernandes,1978-12-10,F,48,4,
4619,745777838336840,Luísa Costela,1947-04-21,F,79,10,
4620,768989830315848,Antonella Nascimento,1976-12-17,F,50,3,
4621,711143263178327,Alícia Araújo,2022-10-03,F,4,1,
4622,790236243661384,Bella Aragão,1965-04-03,F,61,1,
4623,785144221978988,Giovanna Martins,1966-07-17,F,60,3,
4624,737361040535605,Alexia Nascimento,1997-09-12,F,29,9,
4625,769831153806211,Benicio Gomes,2020-11-07,M,6,3,
4626,753064393827625,Ana Laura Gomes,1969-05-06,F,57,6,
4627,755378538599137,Letícia Albuquerque,2007-10-10,F,19,7,
4628,743902535588701,Vitor Hugo Campos,1994-01-04,M,32,9,
4629,794139087765342,Maya Pinto,2011-01-28,F,15,1,
4630,762171704804449,Cauã da Costa,2016-12-08,M,10,2,
4631,758406318820643,Catarina Peixoto,2019-07-25,F,7,1,
4632,711923320167556,Marcos Vinicius Rodrigues,2020-06-12,M,6,3,
4633,729813687353325,Francisco Andrade,1969-06-11,M,57,8,
4634,713020488493696,Dr. Josué Albuquerque,2007-07-15,M,19,9,
4635,797420814416789,Bryan da Costa,2002-05-28,M,24,5,
4636,798283857284557,Emilly da Conceição,1991-09-24,F,35,10,
4637,742847554157321,Sr. Bento Pinto,2018-11-08,M,8,1,
4638,749053246836481,Lorenzo da Cunha,1944-05-13,M,82,10,
4639,766362398511720,Gabrielly Lopes,1984-09-20,F,42,9,
4640,773686100538882,Srta. Ana Laura Rios,1990-11-18,F,36,2,2026-03-21
4641,711589785588669,Srta. Bárbara Macedo,1998-01-24,F,28,4,
4642,741884961840366,Melina Leão,1961-03-29,F,65,3,
4643,720780211242880,Zoe Rodrigues,2001-08-29,F,25,8,
4644,721514660878082,João Felipe Gomes,2003-08-30,M,23,6,
4645,787025673238037,Srta. Eloah Novais,1975-12-08,F,51,5,
4646,771712078575200,Gustavo Henrique Mendonça,2001-04-20,M,25,5,
4647,744956396400207,Ana Lívia Dias,1988-06-06,F,38,9,
4648,746641904863059,Dra. Giovanna Sampaio,1947-01-20,F,79,6,
4649,789036779576539,Juan Cavalcante,2015-01-02,M,11,4,
4650,748051537296604,Lorena da Cunha,1968-12-10,F,58,7,
4651,730351739567262,Josué Duarte,1981-01-07,M,45,10,
4652,784230645223246,Gabriela Duarte,1998-02-08,F,28,10,
4653,759494944031018,José Silveira,1997-12-04,M,29,1,
4654,774393493172507,Maysa Fernandes,1952-06-02,F,74,8,
4655,737465226798482,Sra. Sabrina Pastor,1955-11-05,F,71,6,
4656,728627197652291,Sr. João Vitor Cassiano,2016-02-19,M,10,6,
4657,792574308597069,Marcelo Aragão,2016-11-20,M,10,8,
4658,739870472020841,Dra. Letícia Macedo,1961-04-11,F,65,8,
4659,773435231357415,Sr. Heitor Rezende,1963-12-02,M,63,7,
4660,791000884227361,Emilly Cavalcanti,1985-08-06,F,41,10,
4661,715943638613829,Allana Sampaio,1997-06-08,F,29,7,
4662,731201807234428,Vitória Costela,1940-08-13,F,86,5,
4663,768295644338496,Olívia Pimenta,2008-01-01,F,18,8,
4664,754824674898845,Cecilia da Mota,1995-11-05,F,31,9,2025-12-28
4665,776598681565790,Sra. Catarina Martins,1958-01-18,F,68,5,
4666,717156770308545,Sra. Ana Vitória Cavalcanti,1940-12-27,F,86,10,
4667,724816096617143,Sra. Ana Gomes,2004-11-08,F,22,4,
4668,737941186833024,Davi Lucca da Rosa,1987-11-26,M,39,6,
4669,749443338026665,Otto da Mata,1964-12-24,M,62,8,
4670,724820996607257,Srta. Lívia Correia,1997-03-14,F,29,6,
4671,788559836255893,Maria Sophia da Rosa,2024-12-19,F,2,2,
4672,766127532164934,Sra. Olivia Monteiro,1991-09-01,F,35,6,
4673,712496019399168,Clarice Guerra,2006-02-09,F,20,4,
4674,769343568125665,Catarina Leão,2018-12-08,F,8,5,
4675,713650561278357,Srta. Julia Oliveira,1953-06-10,F,73,1,
4676,740569446317939,João Lucas Araújo,1964-08-25,M,62,10,
4677,727513199181788,Pedro Lucas Cunha,1990-04-14,M,36,2,
4678,720764541239378,Kaique Montenegro,1990-08-22,M,36,7,
4679,742931864965920,Dr. Danilo Câmara,2009-08-18,M,17,7,
4680,797563720512460,Benício Carvalho,1958-09-26,M,68,7,
4681,766818507347221,Maria Sophia Brito,1988-04-15,F,38,6,
4682,716731586877833,Júlia Costa,1973-07-01,F,53,6,
4683,737983383760458,Srta. Aurora da Cunha,2024-03-27,F,2,5,
4684,726898144676090,Julia Macedo,1941-04-13,F,85,10,
4685,714079189506080,Emanuel Cirino,1997-04-14,M,29,6,
4686,715362909618858,Valentina Rezende,1947-02-28,F,79,3,
4687,719722043715171,Paulo das Neves,2013-04-26,M,13,8,
4688,791029518798509,Sabrina da Cruz,1943-11-10,F,83,4,
4689,726008532068175,Dra. Alana Pimenta,2016-09-20,F,10,6,
4690,761002264111551,Melina Santos,2019-12-31,F,7,1,
4691,783517100073003,Ana Beatriz Garcia,2004-11-27,F,22,3,
4692,771965687349050,Arthur Machado,1966-08-10,M,60,3,
4693,741113100675323,Srta. Isabella Cavalcanti,2024-03-27,F,2,7,
4694,735438804298704,Pietro Sampaio,2016-12-27,M,10,1,
4695,743582696670867,Dr. Matheus Pereira,1940-12-14,M,86,5,
4696,791320660009309,Stella Cassiano,1954-09-13,F,72,2,
4697,769268571799595,Emanuella da Mota,1998-03-27,F,28,7,2025-09-23
4698,794242299453007,Asafe Pastor,2016-08-08,M,10,4,
4699,781284070463041,João Guilherme Porto,1977-08-15,M,49,10,
4700,785243147534894,Sra. Natália Borges,2025-10-09,F,1,2,
4701,761802422814482,Anna Liz das Neves,1974-02-28,F,52,9,
4702,729060750528501,Lara Duarte,1950-12-20,F,76,1,
4703,777090359599980,Stella Freitas,1988-11-28,F,38,8,
4704,751927285167086,Letícia Moura,1962-05-27,F,64,6,
4705,785942869259539,Clara Nogueira,2012-02-05,F,14,5,
4706,789281332540738,Ana Beatriz Farias,1963-09-17,F,63,7,
4707,764370699698844,Yasmin Barbosa,2026-04-13,F,0,7,
4708,775565435193461,Davi Luiz Cirino,2011-10-30,M,15,8,
4709,756491919685487,Eloá Sampaio,1982-03-27,F,44,5,
4710,753165650315407,Manuella Campos,2010-08-25,F,16,5,2025-08-16
4711,767903660639546,Anna Liz Nogueira,2014-08-04,F,12,4,
4712,712305377438706,Mariah Melo,2022-11-21,F,4,9,
4713,768549735892364,Nicole Pimenta,1941-01-11,F,85,7,
4714,736393492953883,Allana Lopes,1940-09-06,F,86,2,
4715,730412626937054,Davi Lucca Castro,1984-09-15,M,42,5,
4716,788345697682487,Enzo Gabriel Rodrigues,1950-02-03,M,76,5,
4717,767727423078554,Ian Moraes,2006-07-31,M,20,9,
4718,788575719781285,Ana Julia Santos,1945-07-09,F,81,7,
4719,728412863796412,Sra. Ana Luiza Cardoso,2005-08-17,F,21,9,2025-12-27
4720,796258373897159,Laís Rocha,1962-08-01,F,64,10,
4721,782156442506204,Henry Gabriel Jesus,1984-12-27,M,42,7,
4722,775689982662807,Antonella Cirino,1967-12-08,F,59,5,
4723,768991907274067,Dr. Bryan Ribeiro,1981-11-11,M,45,1,
4724,737667514007960,Dra. Nina Aragão,1952-05-01,F,74,2,
4725,794463073982212,Lucas da Paz,2024-11-29,M,2,6,
4726,751698819000302,Cauã da Rosa,2014-09-16,M,12,5,
4727,722071663760584,Srta. Ester Aparecida,1954-08-12,F,72,9,
4728,718932851831453,Srta. Luísa Machado,1989-02-12,F,37,5,
4729,772854545314102,Sra. Lorena Silveira,1962-12-04,F,64,4,
4730,760796330279880,Vitor Sales,2024-02-24,M,2,2,
4731,717272584937933,Srta. Maria Cecília Casa Grande,1943-09-21,F,83,10,
4732,729361427376782,Benjamin Macedo,2025-01-04,M,1,10,
4733,748330823716619,Thiago Fonseca,2005-03-17,M,21,1,
4734,712548680849566,João Vitor Vieira,1992-03-21,M,34,7,
4735,763853295524596,Benicio Borges,2010-11-06,M,16,10,
4736,793795090827270,Dante Melo,1974-02-12,M,52,5,
4737,743549448939388,Letícia Fernandes,1971-04-05,F,55,2,
4738,728690409596971,Nina Casa Grande,1998-07-02,F,28,10,2025-11-15
4739,752302277061693,Lorenzo Câmara,1955-05-03,M,71,5,
4740,716212367030025,Clarice Rezende,1962-12-25,F,64,8,
4741,726592614901579,Pietro Machado,1941-10-07,M,85,4,
4742,790151217698371,Melina Dias,2009-07-22,F,17,2,
4743,722584719897749,Clara Duarte,1943-08-29,F,83,3,
4744,752195278998737,Sra. Ana Liz Pacheco,2019-01-17,F,7,2,
4745,728727227173548,Yasmin Campos,1941-03-11,F,85,1,
4746,795029422630081,Caroline Mendes,1971-02-14,F,55,9,
4747,723806796336675,Carolina Castro,1988-04-04,F,38,4,
4748,748467551026704,Mariana Caldeira,2014-10-09,F,12,9,
4749,713032198323178,Mariah da Costa,1956-06-30,F,70,10,
4750,728555713444606,Sra. Eduarda Farias,2007-11-28,F,19,4,2025-10-21
4751,722388807521613,Nina da Cunha,1995-10-04,F,31,2,
4752,738847457415728,Maria Fernanda Sá,2005-09-02,F,21,2,2025-12-15
4753,784445619822690,Lorena Abreu,2018-12-04,F,8,7,
4754,765558626970743,Sr. Felipe Monteiro,2022-01-01,M,4,5,
4755,772486976663809,Paulo Garcia,1967-06-28,M,59,8,
4756,772262513447365,Alana Nunes,1968-08-30,F,58,10,
4757,747943585627195,Josué Fernandes,1978-02-25,M,48,4,
4758,717682000026367,Ana Julia Cassiano,2016-04-24,F,10,3,
4759,799317525903618,Emanuelly Farias,1947-02-16,F,79,3,
4760,721986963527601,Laís Mendonça,1944-09-10,F,82,6,
4761,730337387209840,Dante Santos,1960-09-02,M,66,3,
4762,797856326843857,Melissa Ribeiro,1977-10-19,F,49,7,
4763,717775348953903,Laís Jesus,2023-01-18,F,3,10,
4764,726324358408222,José Miguel Alves,2000-10-24,M,26,7,
4765,779841036969754,Vitória Pimenta,2006-03-28,F,20,5,
4766,765001763535795,Maria Helena Camargo,1979-11-07,F,47,6,
4767,777412599445477,Kamilly Moreira,1984-02-08,F,42,9,
4768,734110867377296,Aylla da Rosa,1948-04-14,F,78,3,
4769,736870814743971,Léo Mendonça,1949-11-24,M,77,4,
4770,718123266582061,Camila da Rocha,1964-06-25,F,62,10,
4771,786960388967592,Miguel Leão,2019-10-26,M,7,1,
4772,764577533517227,Henrique da Paz,1986-12-06,M,40,4,
4773,780355749029851,Sr. Gael Pereira,2000-05-13,M,26,3,
4774,763493282680714,Anthony Gabriel Brito,2016-02-10,M,10,7,
4775,771914671605393,Brenda da Costa,1969-05-23,F,57,3,
4776,763519971755961,Bryan Barros,1966-12-03,M,60,7,
4777,793468081124676,Dra. Beatriz Vasconcelos,2022-01-15,F,4,4,
4778,742144122076646,Sarah Caldeira,1979-11-23,F,47,10,
4779,731279686021232,Henrique Guerra,1960-03-25,M,66,1,
4780,780063052971469,Rafael Martins,1979-11-04,M,47,4,
4781,772272417784883,Evelyn Fernandes,1964-06-18,F,62,3,
4782,780288588658760,Stephany Oliveira,1958-04-25,F,68,1,
4783,746989971623194,Cauê Brito,2024-05-07,M,2,8,
4784,727677643167334,Mariane Rios,1948-07-15,F,78,6,
4785,792416496491934,Kaique da Mata,1953-11-20,M,73,5,
4786,772753122631417,Gustavo Henrique Freitas,2012-10-23,M,14,6,
4787,732437123979042,Luiza Albuquerque,1953-07-20,F,73,6,
4788,780916232016241,Dra. Ana Júlia Monteiro,1977-09-22,F,49,3,
4789,762128396842489,Matheus Pires,1964-06-26,M,62,4,
4790,756678819605940,Sr. Pedro Miguel Machado,2014-04-27,M,12,1,
4791,790498781183918,Sr. Davi Miguel Teixeira,1977-09-26,M,49,9,
4792,785128478976216,Sophie Rodrigues,1942-10-29,F,84,7,
4793,739011392379115,Caio da Conceição,1962-04-23,M,64,6,
4794,784703153147732,Maria Flor Fonseca,1989-07-06,F,37,4,2025-12-25
4795,739377643474308,Nina da Paz,2016-05-06,F,10,5,
4796,782652778638695,Dra. Ana Beatriz Moura,2016-10-20,F,10,1,
4797,778984808998364,Bernardo Gonçalves,2020-01-04,M,6,3,
4798,776290027066178,Sabrina Montenegro,1980-05-14,F,46,5,
4799,791861322075739,Larissa Lopes,2013-04-11,F,13,4,
4800,771071015141158,Maria Teixeira,1985-10-29,F,41,5,
4801,710141826013932,Nina da Mata,2019-01-15,F,7,2,
4802,757520313364636,Luiza Macedo,1983-12-11,F,43,6,
4803,717277813973543,Evelyn Vieira,1948-11-18,F,78,10,
4804,784861427085652,Alice Caldeira,1982-09-11,F,44,3,
4805,770545308350033,Maria Liz Leão,1940-08-25,F,86,7,
4806,791690984091858,Heloisa Ferreira,1960-06-19,F,66,2,
4807,744817882946710,Jade Marques,1956-08-31,F,70,8,
4808,796083483171586,Ana Vitória Siqueira,1961-10-25,F,65,7,
4809,713068411162191,Dr. Marcelo Teixeira,1990-07-11,M,36,7,
4810,768260323689162,Caleb Nascimento,1992-12-14,M,34,8,
4811,777611581001377,Alexandre Ramos,2007-06-15,M,19,9,
4812,728615270988403,Nicolas Sá,2021-05-02,M,5,8,
4813,786541808731183,Vitor da Cruz,1958-08-28,M,68,7,
4814,766669401587122,Alícia Sousa,1990-06-29,F,36,8,
4815,743299808658436,Raquel Farias,1967-02-09,F,59,7,
4816,710179873471580,Luiz Henrique Azevedo,1959-07-11,M,67,1,
4817,786129864030258,Davi Luiz Câmara,2013-10-05,M,13,4,
4818,745876460177060,Helena Abreu,1991-10-23,F,35,2,2026-01-29
4819,716643987737107,Emanuelly Pastor,1975-07-13,F,51,7,
4820,765496909110454,Manuela Gonçalves,1976-12-02,F,50,10,
4821,735635702986406,Helena Barbosa,2008-06-06,F,18,6,
4822,768574010376622,Heloísa Rios,1967-09-30,F,59,8,
4823,758722947390200,Lorena Silveira,1989-06-29,F,37,9,
4824,774583666593597,Sra. Evelyn Caldeira,2008-09-07,F,18,8,
4825,719287977849023,Anthony Gabriel Castro,1991-12-13,M,35,5,
4826,761627306458029,Luara Ramos,1951-06-15,F,75,9,
4827,722694633861082,Fernanda Pastor,1983-06-19,F,43,6,
4828,716776520124598,Srta. Caroline da Cruz,2023-08-14,F,3,10,
4829,751564921754572,Luna Silva,1970-04-05,F,56,10,
4830,783773655896152,Srta. Camila Carvalho,2022-08-26,F,4,4,
4831,749545586109136,Matheus Teixeira,1972-03-16,M,54,1,
4832,731837281590383,Ana Carolina Macedo,2012-03-19,F,14,7,
4833,749819685748690,Nina Campos,2014-12-21,F,12,7,
4834,711495615205802,Emilly Montenegro,2009-06-02,F,17,9,
4835,784633028028268,Maria Eduarda Costa,1994-11-04,F,32,8,
4836,796807872961173,Ana Clara Martins,2009-09-04,F,17,2,
4837,726870990145616,Laura Moraes,1965-05-16,F,61,2,
4838,786436643167719,Maria Fernanda da Mota,1988-07-22,F,38,4,
4839,727724147705081,Ana Liz Fernandes,1949-01-21,F,77,10,
4840,714488972353912,Dr. Marcelo Abreu,2010-05-06,M,16,2,
4841,798429117648296,Hadassa da Rocha,2008-10-08,F,18,4,
4842,732470482684152,Vitor Gabriel da Rosa,1962-01-07,M,64,1,
4843,761853039232851,Renan Cassiano,1941-09-28,M,85,9,
4844,713373963636016,Henrique Martins,1972-04-05,M,54,3,
4845,767920981678239,Zoe Rodrigues,1945-05-14,F,81,2,
4846,718289216137312,Dra. Ana Julia Duarte,2021-09-26,F,5,5,
4847,718975260511998,Nicolas Costela,1974-11-05,M,52,7,
4848,759482707933394,Dr. Henrique da Mota,1945-02-21,M,81,2,
4849,787416245160055,Fernanda Abreu,1966-10-11,F,60,9,
4850,781064718931018,Srta. Manuela Correia,1941-07-28,F,85,1,
4851,716935405377992,Ísis da Mata,2011-12-12,F,15,8,
4852,722828226122027,Elisa da Rosa,1972-03-09,F,54,4,
4853,719371807774117,Sr. Gael Pires,1964-06-19,M,62,4,
4854,794521105976806,Srta. Larissa Garcia,2025-11-17,F,1,2,
4855,712672745128652,Alexia Teixeira,2020-05-29,F,6,5,
4856,734354453463185,Carolina Carvalho,1955-02-02,F,71,2,
4857,731236393253529,Hadassa Moraes,2016-12-23,F,10,4,
4858,759023035027082,Srta. Cecília Ferreira,2018-08-29,F,8,2,
4859,711627405708211,Srta. Nina Rios,1941-07-02,F,85,6,
4860,734413224890003,Felipe Martins,2017-06-03,M,9,7,
4861,767717647983418,Thales Peixoto,1968-07-08,M,58,8,
4862,745512914787230,Theo da Mota,1992-11-27,M,34,4,
4863,722689537478578,Henry Gabriel Nascimento,2008-01-09,M,18,10,
4864,793685985973266,Evelyn da Luz,1997-11-14,F,29,3,2025-08-18
4865,754701734418003,Clarice Garcia,1973-09-09,F,53,4,
4866,761838812746339,Laura Novaes,2009-07-02,F,17,5,
4867,789059119071844,Luísa Peixoto,2023-10-15,F,3,9,
4868,763360217802657,Ísis Pires,1986-08-25,F,40,9,2025-08-03
4869,798842812037868,Davi Lucca das Neves,1963-04-30,M,63,1,
4870,714921504727910,Liz da Cruz,1959-12-26,F,67,2,
4871,726632532167401,Lucas Gabriel Pinto,1971-02-04,M,55,2,
4872,727242004699826,Sarah Alves,2026-01-25,F,0,3,
4873,777947522465338,Eduarda Machado,1978-12-24,F,48,2,
4874,717091251435873,Gustavo Henrique Souza,2025-06-27,M,1,5,
4875,762088635996458,Apollo Pastor,2013-01-06,M,13,7,
4876,734922810232051,Srta. Maria Fernanda Albuquerque,1957-12-28,F,69,7,
4877,787297987556182,Alexandre Castro,1943-10-28,M,83,3,
4878,746552533289396,Hadassa Barros,1966-02-12,F,60,8,
4879,713491910311713,Sra. Bárbara Almeida,2006-05-16,F,20,2,
4880,758360352957576,Mirella Almeida,1982-08-07,F,44,5,
4881,783001918988590,Ravi Azevedo,2025-06-07,M,1,1,
4882,726439095422185,Dra. Raquel Barbosa,2002-02-13,F,24,6,
4883,741172979110129,Stella Teixeira,1968-09-09,F,58,5,
4884,737824720165679,Mariana Ferreira,1970-03-04,F,56,10,
4885,784798259161752,Liam Novaes,1982-02-27,M,44,5,
4886,737445922286612,Maria Vitória Cirino,2021-07-19,F,5,6,
4887,760586655282970,Gael Teixeira,2005-10-31,M,21,5,
4888,772997642954450,Brenda Cavalcanti,1980-08-19,F,46,3,
4889,712876447129579,Dr. Calebe Nunes,2005-06-11,M,21,6,
4890,775047158890038,Maria Alice Abreu,1950-11-01,F,76,7,
4891,723535455699150,Heloisa Brito,1946-03-18,F,80,6,
4892,797724574439265,Igor Silveira,1977-06-29,M,49,9,
4893,752323770813981,Clarice Rezende,2003-07-22,F,23,10,
4894,794557025508694,Emanuel Rios,2014-04-20,M,12,1,
4895,798293985311072,Renan Fernandes,1954-11-23,M,72,6,
4896,791836343010331,Manuela Dias,1968-05-14,F,58,5,
4897,741556697323525,Mariana Souza,1971-04-27,F,55,10,
4898,787371923327660,Sr. Murilo Barbosa,2002-01-03,M,24,4,
4899,765951092179418,Mirella Garcia,1974-10-26,F,52,4,
4900,778350767267962,Kamilly Rodrigues,2017-11-28,F,9,9,
4901,747493290030071,Ísis Dias,1945-04-02,F,81,3,
4902,745661631045027,Sr. Vicente Sá,2011-10-10,M,15,6,
4903,754390578361823,Hellena Cavalcante,2004-06-08,F,22,3,2025-11-18
4904,799162024169222,Isabela Araújo,2024-04-25,F,2,6,
4905,726875340238378,Sophia Siqueira,1985-09-12,F,41,7,
4906,721651032092241,Olívia da Mota,1953-10-02,F,73,1,
4907,744899384110262,Marcela Silveira,1969-03-05,F,57,8,
4908,710499388160639,Maitê da Cruz,2024-05-10,F,2,10,
4909,781520121758325,Nathan Caldeira,2004-02-11,M,22,4,
4910,744054783960920,Agatha Araújo,2015-12-25,F,11,2,
4911,768112814717652,Sara Fernandes,1942-09-03,F,84,4,
4912,776314419439535,Thiago Pinto,2022-11-19,M,4,2,
4913,766820332008847,Sr. Alexandre Porto,1953-11-02,M,73,8,
4914,731543721898835,Maria Helena Ribeiro,2003-08-02,F,23,3,
4915,760853300733604,Clarice Abreu,1996-04-03,F,30,3,
4916,751931911345201,André Costa,2001-11-07,M,25,7,
4917,763611628037905,Lorenzo Ramos,2005-03-01,M,21,9,
4918,757507488853798,Laura Duarte,1967-10-30,F,59,5,
4919,734788661125752,Lara Barbosa,2014-07-03,F,12,8,
4920,722583685650136,Isabelly Fonseca,1951-06-08,F,75,10,
4921,770130896517239,Ana Moura,1970-12-16,F,56,2,
4922,759175641912249,Melina Nunes,2022-04-10,F,4,9,
4923,793398523492679,Maria Vitória Gonçalves,1985-08-25,F,41,6,
4924,759815259385345,Maria Luiza Pires,1962-05-12,F,64,6,
4925,767335672786203,Thiago Novaes,1991-04-09,M,35,1,
4926,755213893596597,Lucas Câmara,1951-05-17,M,75,9,
4927,752565504712340,Pietra Sales,1964-10-08,F,62,2,
4928,740361246566737,Melina Barbosa,1974-09-30,F,52,6,
4929,755788691811621,Maria Laura Carvalho,1992-05-21,F,34,10,2025-10-16
4930,792977300284672,Calebe Castro,1997-08-03,M,29,5,
4931,724119862623287,Hadassa Andrade,2016-06-13,F,10,1,
4932,789418530386877,Caleb da Mata,1992-09-28,M,34,7,
4933,767359444134957,Ana Sophia Farias,1957-05-08,F,69,5,
4934,758646531680899,Srta. Fernanda Monteiro,1975-01-23,F,51,8,
4935,797097879650269,Ana Lívia Vargas,1951-10-05,F,75,10,
4936,787445783521313,Júlia da Cruz,1976-11-03,F,50,6,
4937,729691641454321,Henrique Abreu,1971-09-20,M,55,4,
4938,773017925328749,Otto Azevedo,1954-05-19,M,72,7,
4939,777407871768788,Luna Farias,1993-12-28,F,33,4,2026-03-03
4940,730997375634723,Eduarda Silveira,1977-09-14,F,49,7,
4941,742740049140661,Joana Silveira,1979-08-05,F,47,4,
4942,794107539630983,Manuella Pimenta,2009-03-11,F,17,3,
4943,737098610680869,Dra. Cecilia Novais,1977-09-02,F,49,4,
4944,711898527398955,Felipe Freitas,1963-05-20,M,63,10,
4945,717156031225499,Larissa da Costa,1990-09-19,F,36,6,2026-02-24
4946,790763976407954,Daniela Cardoso,1994-08-10,F,32,7,2026-01-01
4947,724419252405966,Sarah Martins,1944-07-07,F,82,5,
4948,741430992599093,Bento da Conceição,2017-11-21,M,9,10,
4949,713656106624054,Cauã Brito,2015-05-31,M,11,5,
4950,756217559482202,Isabella da Paz,1992-08-20,F,34,9,
4951,774111982046665,Dra. Maria Flor Guerra,1986-02-21,F,40,10,
4952,725442935094685,Vitória Ribeiro,1993-09-05,F,33,2,2026-03-22
4953,783575119101829,Olivia Rezende,1981-12-27,F,45,10,2025-08-15
4954,795158073525986,Srta. Ana Sophia Gonçalves,1964-05-10,F,62,3,
4955,781790645017058,Maria Eduarda Andrade,1957-10-17,F,69,7,
4956,746124950307890,Dra. Lívia Pastor,1963-08-24,F,63,2,
4957,771525179874674,Sofia da Costa,2011-05-25,F,15,5,
4958,758895311652084,Emanuel Viana,1987-02-12,M,39,2,
4959,787925172377591,Anthony Gabriel Machado,1954-05-07,M,72,3,
4960,761403478263904,Maria Lopes,1944-02-27,F,82,6,
4961,745832294792256,Fernanda Mendes,1963-09-24,F,63,2,
4962,765014811334757,Ana Júlia Garcia,1997-11-16,F,29,3,
4963,757532073599112,Ayla Barbosa,1945-11-11,F,81,7,
4964,728967782337866,Dra. Hadassa Rodrigues,1964-09-28,F,62,9,
4965,746084435020743,Catarina Siqueira,1958-12-08,F,68,4,
4966,745155430825352,Srta. Ana Sophia Viana,1985-06-23,F,41,8,
4967,789964598942974,Bruna Garcia,1966-10-21,F,60,5,
4968,718328280102586,Maria Clara Carvalho,1999-08-05,F,27,5,
4969,749126382134380,Lucas Gabriel Alves,2022-11-19,M,4,9,
4970,774140530894716,Fernando Farias,1942-11-07,M,84,1,
4971,716316675977004,Thiago Moura,1955-12-05,M,71,9,
4972,796299009565104,Julia das Neves,1964-11-05,F,62,7,
4973,720684462568657,Melissa Sales,1983-01-20,F,43,4,
4974,735509525176646,Dra. Ayla Câmara,1990-07-07,F,36,6,
4975,751982091837113,Sra. Valentina Campos,1998-08-04,F,28,9,2026-03-03
4976,735670918297691,Maria Sophia da Mota,2008-04-21,F,18,8,
4977,793724352144821,Luana Albuquerque,1996-07-04,F,30,1,
4978,773718039869104,Otto das Neves,1973-10-27,M,53,4,
4979,743176662142684,Hadassa Carvalho,1968-08-30,F,58,6,
4980,724091812723554,Emanuel Ribeiro,1945-03-12,M,81,5,
4981,735751966590568,Ester Camargo,1972-09-29,F,54,2,
4982,733623031495081,Maria Luísa Marques,1981-03-09,F,45,5,2026-01-05
4983,767608007730644,Luiz Gustavo Moraes,1969-03-21,M,57,9,
4984,724452640640579,Sra. Mariane Ribeiro,1993-07-26,F,33,9,
4985,761388133431855,Anna Liz Vieira,2006-04-08,F,20,4,
4986,726781870300473,Sra. Ana Vitória Pereira,1966-10-04,F,60,9,
4987,759386694174890,Pedro Cassiano,1977-06-14,M,49,9,
4988,775157557550902,Ana Cecília Correia,1982-12-11,F,44,7,
4989,793061593612253,Pietra Montenegro,2026-02-06,F,0,10,
4990,726155890219601,Dra. Lavínia Cardoso,1978-10-08,F,48,3,
4991,728905238333121,Ryan Albuquerque,2021-12-31,M,5,1,
4992,799947951320127,Sophie Novais,2005-01-25,F,21,10,
4993,768826709584238,Sra. Isabel Cassiano,1957-09-29,F,69,8,
4994,746301054185249,Mariane Lima,1978-12-03,F,48,7,
4995,787269149763434,Natália Correia,2011-04-25,F,15,5,
4996,763634912917675,José Miguel Melo,1983-11-05,M,43,6,
4997,745312142360117,Hadassa Gomes,1990-05-10,F,36,2,
4998,778601399844482,João Vargas,1998-09-08,M,28,4,
4999,764355405031100,Lívia Marques,1969-03-14,F,57,10,
5000,725786594425877,Ana Carolina Siqueira,2025-11-10,F,1,10,
